ISO-10303-21;
HEADER;
FILE_DESCRIPTION(('Designed by EasyEDA Pro'),'2;1');
FILE_NAME('Open CASCADE Shape Model','2025-08-10T12:03:23',('Author'),(
    'Open CASCADE'),'Open CASCADE STEP processor 7.8','Open CASCADE 7.8'
  ,'Unknown');
FILE_SCHEMA(('AUTOMOTIVE_DESIGN { 1 0 10303 214 1 1 1 1 }'));
ENDSEC;
DATA;
#1 = APPLICATION_PROTOCOL_DEFINITION('international standard',
  'automotive_design',2000,#2);
#2 = APPLICATION_CONTEXT(
  'core data for automotive mechanical design processes');
#3 = SHAPE_DEFINITION_REPRESENTATION(#4,#10);
#4 = PRODUCT_DEFINITION_SHAPE('','',#5);
#5 = PRODUCT_DEFINITION('design','',#6,#9);
#6 = PRODUCT_DEFINITION_FORMATION('','',#7);
#7 = PRODUCT('EasyEDA PCB Model~eWQO','EasyEDA PCB Model~eWQO','',(#8));
#8 = PRODUCT_CONTEXT('',#2,'mechanical');
#9 = PRODUCT_DEFINITION_CONTEXT('part definition',#2,'design');
#10 = SHAPE_REPRESENTATION('',(#11,#15,#19,#23,#27,#31,#35),#39);
#11 = AXIS2_PLACEMENT_3D('',#12,#13,#14);
#12 = CARTESIAN_POINT('',(0.,0.,0.));
#13 = DIRECTION('',(0.,0.,1.));
#14 = DIRECTION('',(1.,0.,-0.));
#15 = AXIS2_PLACEMENT_3D('',#16,#17,#18);
#16 = CARTESIAN_POINT('',(0.,0.,0.));
#17 = DIRECTION('',(0.,0.,1.));
#18 = DIRECTION('',(1.,0.,-0.));
#19 = AXIS2_PLACEMENT_3D('',#20,#21,#22);
#20 = CARTESIAN_POINT('',(0.,0.,1.610028244856));
#21 = DIRECTION('',(0.,0.,1.));
#22 = DIRECTION('',(1.,0.,-0.));
#23 = AXIS2_PLACEMENT_3D('',#24,#25,#26);
#24 = CARTESIAN_POINT('',(0.,0.,-1.E-02));
#25 = DIRECTION('',(0.,0.,1.));
#26 = DIRECTION('',(1.,0.,-0.));
#27 = AXIS2_PLACEMENT_3D('',#28,#29,#30);
#28 = CARTESIAN_POINT('',(0.,0.,0.));
#29 = DIRECTION('',(0.,0.,1.));
#30 = DIRECTION('',(1.,0.,-0.));
#31 = AXIS2_PLACEMENT_3D('',#32,#33,#34);
#32 = CARTESIAN_POINT('',(0.,0.,0.));
#33 = DIRECTION('',(0.,0.,1.));
#34 = DIRECTION('',(1.,0.,-0.));
#35 = AXIS2_PLACEMENT_3D('',#36,#37,#38);
#36 = CARTESIAN_POINT('',(-6.223012446025,3.048006096012,1.600028244856)
  );
#37 = DIRECTION('',(0.,0.,1.));
#38 = DIRECTION('',(1.,0.,0.));
#39 = ( GEOMETRIC_REPRESENTATION_CONTEXT(3) 
GLOBAL_UNCERTAINTY_ASSIGNED_CONTEXT((#43)) GLOBAL_UNIT_ASSIGNED_CONTEXT(
(#40,#41,#42)) REPRESENTATION_CONTEXT('Context #1',
  '3D Context with UNIT and UNCERTAINTY') );
#40 = ( LENGTH_UNIT() NAMED_UNIT(*) SI_UNIT(.MILLI.,.METRE.) );
#41 = ( NAMED_UNIT(*) PLANE_ANGLE_UNIT() SI_UNIT($,.RADIAN.) );
#42 = ( NAMED_UNIT(*) SI_UNIT($,.STERADIAN.) SOLID_ANGLE_UNIT() );
#43 = UNCERTAINTY_MEASURE_WITH_UNIT(LENGTH_MEASURE(1.E-07),#40,
  'distance_accuracy_value','confusion accuracy');
#44 = PRODUCT_RELATED_PRODUCT_CATEGORY('part',$,(#7));
#45 = SHAPE_DEFINITION_REPRESENTATION(#46,#52);
#46 = PRODUCT_DEFINITION_SHAPE('','',#47);
#47 = PRODUCT_DEFINITION('design','',#48,#51);
#48 = PRODUCT_DEFINITION_FORMATION('','',#49);
#49 = PRODUCT('Board~eWQO','Board~eWQO','',(#50));
#50 = PRODUCT_CONTEXT('',#2,'mechanical');
#51 = PRODUCT_DEFINITION_CONTEXT('part definition',#2,'design');
#52 = ADVANCED_BREP_SHAPE_REPRESENTATION('',(#11,#53),#203);
#53 = MANIFOLD_SOLID_BREP('',#54);
#54 = CLOSED_SHELL('',(#55,#95,#126,#157,#179,#191));
#55 = ADVANCED_FACE('',(#56),#90,.T.);
#56 = FACE_BOUND('',#57,.T.);
#57 = EDGE_LOOP('',(#58,#68,#76,#84));
#58 = ORIENTED_EDGE('',*,*,#59,.T.);
#59 = EDGE_CURVE('',#60,#62,#64,.T.);
#60 = VERTEX_POINT('',#61);
#61 = CARTESIAN_POINT('',(-10.16024892049,5.412446024892,0.));
#62 = VERTEX_POINT('',#63);
#63 = CARTESIAN_POINT('',(-10.16024892049,5.412446024892,1.600028244856)
  );
#64 = LINE('',#65,#66);
#65 = CARTESIAN_POINT('',(-10.16024892049,5.412446024892,0.));
#66 = VECTOR('',#67,1.);
#67 = DIRECTION('',(0.,0.,1.));
#68 = ORIENTED_EDGE('',*,*,#69,.T.);
#69 = EDGE_CURVE('',#62,#70,#72,.T.);
#70 = VERTEX_POINT('',#71);
#71 = CARTESIAN_POINT('',(-2.285775971552,5.412446024892,1.600028244856)
  );
#72 = LINE('',#73,#74);
#73 = CARTESIAN_POINT('',(-10.16024892049,5.412446024892,1.600028244856)
  );
#74 = VECTOR('',#75,1.);
#75 = DIRECTION('',(1.,0.,0.));
#76 = ORIENTED_EDGE('',*,*,#77,.F.);
#77 = EDGE_CURVE('',#78,#70,#80,.T.);
#78 = VERTEX_POINT('',#79);
#79 = CARTESIAN_POINT('',(-2.285775971552,5.412446024892,0.));
#80 = LINE('',#81,#82);
#81 = CARTESIAN_POINT('',(-2.285775971552,5.412446024892,0.));
#82 = VECTOR('',#83,1.);
#83 = DIRECTION('',(0.,0.,1.));
#84 = ORIENTED_EDGE('',*,*,#85,.F.);
#85 = EDGE_CURVE('',#60,#78,#86,.T.);
#86 = LINE('',#87,#88);
#87 = CARTESIAN_POINT('',(-10.16024892049,5.412446024892,0.));
#88 = VECTOR('',#89,1.);
#89 = DIRECTION('',(1.,0.,0.));
#90 = PLANE('',#91);
#91 = AXIS2_PLACEMENT_3D('',#92,#93,#94);
#92 = CARTESIAN_POINT('',(-10.16024892049,5.412446024892,0.));
#93 = DIRECTION('',(0.,1.,0.));
#94 = DIRECTION('',(1.,0.,0.));
#95 = ADVANCED_FACE('',(#96),#121,.T.);
#96 = FACE_BOUND('',#97,.T.);
#97 = EDGE_LOOP('',(#98,#99,#107,#115));
#98 = ORIENTED_EDGE('',*,*,#77,.T.);
#99 = ORIENTED_EDGE('',*,*,#100,.T.);
#100 = EDGE_CURVE('',#70,#101,#103,.T.);
#101 = VERTEX_POINT('',#102);
#102 = CARTESIAN_POINT('',(-2.285775971552,0.68382016764,1.600028244856)
  );
#103 = LINE('',#104,#105);
#104 = CARTESIAN_POINT('',(-2.285775971552,5.412446024892,1.600028244856
    ));
#105 = VECTOR('',#106,1.);
#106 = DIRECTION('',(9.391506607972E-17,-1.,0.));
#107 = ORIENTED_EDGE('',*,*,#108,.F.);
#108 = EDGE_CURVE('',#109,#101,#111,.T.);
#109 = VERTEX_POINT('',#110);
#110 = CARTESIAN_POINT('',(-2.285775971552,0.68382016764,0.));
#111 = LINE('',#112,#113);
#112 = CARTESIAN_POINT('',(-2.285775971552,0.68382016764,0.));
#113 = VECTOR('',#114,1.);
#114 = DIRECTION('',(0.,0.,1.));
#115 = ORIENTED_EDGE('',*,*,#116,.F.);
#116 = EDGE_CURVE('',#78,#109,#117,.T.);
#117 = LINE('',#118,#119);
#118 = CARTESIAN_POINT('',(-2.285775971552,5.412446024892,0.));
#119 = VECTOR('',#120,1.);
#120 = DIRECTION('',(9.391506607972E-17,-1.,0.));
#121 = PLANE('',#122);
#122 = AXIS2_PLACEMENT_3D('',#123,#124,#125);
#123 = CARTESIAN_POINT('',(-2.285775971552,5.412446024892,0.));
#124 = DIRECTION('',(1.,9.391506607972E-17,-0.));
#125 = DIRECTION('',(9.391506607972E-17,-1.,0.));
#126 = ADVANCED_FACE('',(#127),#152,.T.);
#127 = FACE_BOUND('',#128,.T.);
#128 = EDGE_LOOP('',(#129,#130,#138,#146));
#129 = ORIENTED_EDGE('',*,*,#108,.T.);
#130 = ORIENTED_EDGE('',*,*,#131,.T.);
#131 = EDGE_CURVE('',#101,#132,#134,.T.);
#132 = VERTEX_POINT('',#133);
#133 = CARTESIAN_POINT('',(-10.16024892049,0.68382016764,1.600028244856)
  );
#134 = LINE('',#135,#136);
#135 = CARTESIAN_POINT('',(-2.285775971552,0.68382016764,1.600028244856)
  );
#136 = VECTOR('',#137,1.);
#137 = DIRECTION('',(-1.,0.,0.));
#138 = ORIENTED_EDGE('',*,*,#139,.F.);
#139 = EDGE_CURVE('',#140,#132,#142,.T.);
#140 = VERTEX_POINT('',#141);
#141 = CARTESIAN_POINT('',(-10.16024892049,0.68382016764,0.));
#142 = LINE('',#143,#144);
#143 = CARTESIAN_POINT('',(-10.16024892049,0.68382016764,0.));
#144 = VECTOR('',#145,1.);
#145 = DIRECTION('',(0.,0.,1.));
#146 = ORIENTED_EDGE('',*,*,#147,.F.);
#147 = EDGE_CURVE('',#109,#140,#148,.T.);
#148 = LINE('',#149,#150);
#149 = CARTESIAN_POINT('',(-2.285775971552,0.68382016764,0.));
#150 = VECTOR('',#151,1.);
#151 = DIRECTION('',(-1.,0.,0.));
#152 = PLANE('',#153);
#153 = AXIS2_PLACEMENT_3D('',#154,#155,#156);
#154 = CARTESIAN_POINT('',(-2.285775971552,0.68382016764,0.));
#155 = DIRECTION('',(0.,-1.,0.));
#156 = DIRECTION('',(-1.,0.,0.));
#157 = ADVANCED_FACE('',(#158),#174,.T.);
#158 = FACE_BOUND('',#159,.T.);
#159 = EDGE_LOOP('',(#160,#161,#167,#168));
#160 = ORIENTED_EDGE('',*,*,#139,.T.);
#161 = ORIENTED_EDGE('',*,*,#162,.T.);
#162 = EDGE_CURVE('',#132,#62,#163,.T.);
#163 = LINE('',#164,#165);
#164 = CARTESIAN_POINT('',(-10.16024892049,0.68382016764,1.600028244856)
  );
#165 = VECTOR('',#166,1.);
#166 = DIRECTION('',(0.,1.,0.));
#167 = ORIENTED_EDGE('',*,*,#59,.F.);
#168 = ORIENTED_EDGE('',*,*,#169,.F.);
#169 = EDGE_CURVE('',#140,#60,#170,.T.);
#170 = LINE('',#171,#172);
#171 = CARTESIAN_POINT('',(-10.16024892049,0.68382016764,0.));
#172 = VECTOR('',#173,1.);
#173 = DIRECTION('',(0.,1.,0.));
#174 = PLANE('',#175);
#175 = AXIS2_PLACEMENT_3D('',#176,#177,#178);
#176 = CARTESIAN_POINT('',(-10.16024892049,0.68382016764,0.));
#177 = DIRECTION('',(-1.,0.,0.));
#178 = DIRECTION('',(0.,1.,0.));
#179 = ADVANCED_FACE('',(#180),#186,.T.);
#180 = FACE_BOUND('',#181,.T.);
#181 = EDGE_LOOP('',(#182,#183,#184,#185));
#182 = ORIENTED_EDGE('',*,*,#85,.T.);
#183 = ORIENTED_EDGE('',*,*,#116,.T.);
#184 = ORIENTED_EDGE('',*,*,#147,.T.);
#185 = ORIENTED_EDGE('',*,*,#169,.T.);
#186 = PLANE('',#187);
#187 = AXIS2_PLACEMENT_3D('',#188,#189,#190);
#188 = CARTESIAN_POINT('',(-6.223012446025,3.048133096266,0.));
#189 = DIRECTION('',(-0.,-0.,-1.));
#190 = DIRECTION('',(-1.,0.,0.));
#191 = ADVANCED_FACE('',(#192),#198,.F.);
#192 = FACE_BOUND('',#193,.F.);
#193 = EDGE_LOOP('',(#194,#195,#196,#197));
#194 = ORIENTED_EDGE('',*,*,#69,.T.);
#195 = ORIENTED_EDGE('',*,*,#100,.T.);
#196 = ORIENTED_EDGE('',*,*,#131,.T.);
#197 = ORIENTED_EDGE('',*,*,#162,.T.);
#198 = PLANE('',#199);
#199 = AXIS2_PLACEMENT_3D('',#200,#201,#202);
#200 = CARTESIAN_POINT('',(-6.223012446025,3.048133096266,1.600028244856
    ));
#201 = DIRECTION('',(-0.,-0.,-1.));
#202 = DIRECTION('',(-1.,0.,0.));
#203 = ( GEOMETRIC_REPRESENTATION_CONTEXT(3) 
GLOBAL_UNCERTAINTY_ASSIGNED_CONTEXT((#207)) GLOBAL_UNIT_ASSIGNED_CONTEXT
((#204,#205,#206)) REPRESENTATION_CONTEXT('Context #1',
  '3D Context with UNIT and UNCERTAINTY') );
#204 = ( LENGTH_UNIT() NAMED_UNIT(*) SI_UNIT(.MILLI.,.METRE.) );
#205 = ( NAMED_UNIT(*) PLANE_ANGLE_UNIT() SI_UNIT($,.RADIAN.) );
#206 = ( NAMED_UNIT(*) SI_UNIT($,.STERADIAN.) SOLID_ANGLE_UNIT() );
#207 = UNCERTAINTY_MEASURE_WITH_UNIT(LENGTH_MEASURE(1.E-07),#204,
  'distance_accuracy_value','confusion accuracy');
#208 = CONTEXT_DEPENDENT_SHAPE_REPRESENTATION(#209,#211);
#209 = ( REPRESENTATION_RELATIONSHIP('','',#52,#10) 
REPRESENTATION_RELATIONSHIP_WITH_TRANSFORMATION(#210) 
SHAPE_REPRESENTATION_RELATIONSHIP() );
#210 = ITEM_DEFINED_TRANSFORMATION('','',#11,#15);
#211 = PRODUCT_DEFINITION_SHAPE('Placement','Placement of an item',#212
  );
#212 = NEXT_ASSEMBLY_USAGE_OCCURRENCE('1','=>[0:1:1:2]','',#5,#47,$);
#213 = PRODUCT_RELATED_PRODUCT_CATEGORY('part',$,(#49));
#214 = SHAPE_DEFINITION_REPRESENTATION(#215,#221);
#215 = PRODUCT_DEFINITION_SHAPE('','',#216);
#216 = PRODUCT_DEFINITION('design','',#217,#220);
#217 = PRODUCT_DEFINITION_FORMATION('','',#218);
#218 = PRODUCT('TopCopper~eWQO','TopCopper~eWQO','',(#219));
#219 = PRODUCT_CONTEXT('',#2,'mechanical');
#220 = PRODUCT_DEFINITION_CONTEXT('part definition',#2,'design');
#221 = SHAPE_REPRESENTATION('',(#11),#222);
#222 = ( GEOMETRIC_REPRESENTATION_CONTEXT(3) 
GLOBAL_UNCERTAINTY_ASSIGNED_CONTEXT((#226)) GLOBAL_UNIT_ASSIGNED_CONTEXT
((#223,#224,#225)) REPRESENTATION_CONTEXT('Context #1',
  '3D Context with UNIT and UNCERTAINTY') );
#223 = ( LENGTH_UNIT() NAMED_UNIT(*) SI_UNIT(.MILLI.,.METRE.) );
#224 = ( NAMED_UNIT(*) PLANE_ANGLE_UNIT() SI_UNIT($,.RADIAN.) );
#225 = ( NAMED_UNIT(*) SI_UNIT($,.STERADIAN.) SOLID_ANGLE_UNIT() );
#226 = UNCERTAINTY_MEASURE_WITH_UNIT(LENGTH_MEASURE(1.E-07),#223,
  'distance_accuracy_value','confusion accuracy');
#227 = CONTEXT_DEPENDENT_SHAPE_REPRESENTATION(#228,#230);
#228 = ( REPRESENTATION_RELATIONSHIP('','',#221,#10) 
REPRESENTATION_RELATIONSHIP_WITH_TRANSFORMATION(#229) 
SHAPE_REPRESENTATION_RELATIONSHIP() );
#229 = ITEM_DEFINED_TRANSFORMATION('','',#11,#19);
#230 = PRODUCT_DEFINITION_SHAPE('Placement','Placement of an item',#231
  );
#231 = NEXT_ASSEMBLY_USAGE_OCCURRENCE('2','=>[0:1:1:3]','',#5,#216,$);
#232 = PRODUCT_RELATED_PRODUCT_CATEGORY('part',$,(#218));
#233 = SHAPE_DEFINITION_REPRESENTATION(#234,#240);
#234 = PRODUCT_DEFINITION_SHAPE('','',#235);
#235 = PRODUCT_DEFINITION('design','',#236,#239);
#236 = PRODUCT_DEFINITION_FORMATION('','',#237);
#237 = PRODUCT('BottomCopper~eWQO','BottomCopper~eWQO','',(#238));
#238 = PRODUCT_CONTEXT('',#2,'mechanical');
#239 = PRODUCT_DEFINITION_CONTEXT('part definition',#2,'design');
#240 = SHAPE_REPRESENTATION('',(#11),#241);
#241 = ( GEOMETRIC_REPRESENTATION_CONTEXT(3) 
GLOBAL_UNCERTAINTY_ASSIGNED_CONTEXT((#245)) GLOBAL_UNIT_ASSIGNED_CONTEXT
((#242,#243,#244)) REPRESENTATION_CONTEXT('Context #1',
  '3D Context with UNIT and UNCERTAINTY') );
#242 = ( LENGTH_UNIT() NAMED_UNIT(*) SI_UNIT(.MILLI.,.METRE.) );
#243 = ( NAMED_UNIT(*) PLANE_ANGLE_UNIT() SI_UNIT($,.RADIAN.) );
#244 = ( NAMED_UNIT(*) SI_UNIT($,.STERADIAN.) SOLID_ANGLE_UNIT() );
#245 = UNCERTAINTY_MEASURE_WITH_UNIT(LENGTH_MEASURE(1.E-07),#242,
  'distance_accuracy_value','confusion accuracy');
#246 = CONTEXT_DEPENDENT_SHAPE_REPRESENTATION(#247,#249);
#247 = ( REPRESENTATION_RELATIONSHIP('','',#240,#10) 
REPRESENTATION_RELATIONSHIP_WITH_TRANSFORMATION(#248) 
SHAPE_REPRESENTATION_RELATIONSHIP() );
#248 = ITEM_DEFINED_TRANSFORMATION('','',#11,#23);
#249 = PRODUCT_DEFINITION_SHAPE('Placement','Placement of an item',#250
  );
#250 = NEXT_ASSEMBLY_USAGE_OCCURRENCE('3','=>[0:1:1:4]','',#5,#235,$);
#251 = PRODUCT_RELATED_PRODUCT_CATEGORY('part',$,(#237));
#252 = SHAPE_DEFINITION_REPRESENTATION(#253,#259);
#253 = PRODUCT_DEFINITION_SHAPE('','',#254);
#254 = PRODUCT_DEFINITION('design','',#255,#258);
#255 = PRODUCT_DEFINITION_FORMATION('','',#256);
#256 = PRODUCT('TopFpcStiffener~eWQO','TopFpcStiffener~eWQO','',(#257));
#257 = PRODUCT_CONTEXT('',#2,'mechanical');
#258 = PRODUCT_DEFINITION_CONTEXT('part definition',#2,'design');
#259 = SHAPE_REPRESENTATION('',(#11),#260);
#260 = ( GEOMETRIC_REPRESENTATION_CONTEXT(3) 
GLOBAL_UNCERTAINTY_ASSIGNED_CONTEXT((#264)) GLOBAL_UNIT_ASSIGNED_CONTEXT
((#261,#262,#263)) REPRESENTATION_CONTEXT('Context #1',
  '3D Context with UNIT and UNCERTAINTY') );
#261 = ( LENGTH_UNIT() NAMED_UNIT(*) SI_UNIT(.MILLI.,.METRE.) );
#262 = ( NAMED_UNIT(*) PLANE_ANGLE_UNIT() SI_UNIT($,.RADIAN.) );
#263 = ( NAMED_UNIT(*) SI_UNIT($,.STERADIAN.) SOLID_ANGLE_UNIT() );
#264 = UNCERTAINTY_MEASURE_WITH_UNIT(LENGTH_MEASURE(1.E-07),#261,
  'distance_accuracy_value','confusion accuracy');
#265 = CONTEXT_DEPENDENT_SHAPE_REPRESENTATION(#266,#268);
#266 = ( REPRESENTATION_RELATIONSHIP('','',#259,#10) 
REPRESENTATION_RELATIONSHIP_WITH_TRANSFORMATION(#267) 
SHAPE_REPRESENTATION_RELATIONSHIP() );
#267 = ITEM_DEFINED_TRANSFORMATION('','',#11,#27);
#268 = PRODUCT_DEFINITION_SHAPE('Placement','Placement of an item',#269
  );
#269 = NEXT_ASSEMBLY_USAGE_OCCURRENCE('4','=>[0:1:1:5]','',#5,#254,$);
#270 = PRODUCT_RELATED_PRODUCT_CATEGORY('part',$,(#256));
#271 = SHAPE_DEFINITION_REPRESENTATION(#272,#278);
#272 = PRODUCT_DEFINITION_SHAPE('','',#273);
#273 = PRODUCT_DEFINITION('design','',#274,#277);
#274 = PRODUCT_DEFINITION_FORMATION('','',#275);
#275 = PRODUCT('BottomFpcStiffener~eWQO','BottomFpcStiffener~eWQO','',(
    #276));
#276 = PRODUCT_CONTEXT('',#2,'mechanical');
#277 = PRODUCT_DEFINITION_CONTEXT('part definition',#2,'design');
#278 = SHAPE_REPRESENTATION('',(#11),#279);
#279 = ( GEOMETRIC_REPRESENTATION_CONTEXT(3) 
GLOBAL_UNCERTAINTY_ASSIGNED_CONTEXT((#283)) GLOBAL_UNIT_ASSIGNED_CONTEXT
((#280,#281,#282)) REPRESENTATION_CONTEXT('Context #1',
  '3D Context with UNIT and UNCERTAINTY') );
#280 = ( LENGTH_UNIT() NAMED_UNIT(*) SI_UNIT(.MILLI.,.METRE.) );
#281 = ( NAMED_UNIT(*) PLANE_ANGLE_UNIT() SI_UNIT($,.RADIAN.) );
#282 = ( NAMED_UNIT(*) SI_UNIT($,.STERADIAN.) SOLID_ANGLE_UNIT() );
#283 = UNCERTAINTY_MEASURE_WITH_UNIT(LENGTH_MEASURE(1.E-07),#280,
  'distance_accuracy_value','confusion accuracy');
#284 = CONTEXT_DEPENDENT_SHAPE_REPRESENTATION(#285,#287);
#285 = ( REPRESENTATION_RELATIONSHIP('','',#278,#10) 
REPRESENTATION_RELATIONSHIP_WITH_TRANSFORMATION(#286) 
SHAPE_REPRESENTATION_RELATIONSHIP() );
#286 = ITEM_DEFINED_TRANSFORMATION('','',#11,#31);
#287 = PRODUCT_DEFINITION_SHAPE('Placement','Placement of an item',#288
  );
#288 = NEXT_ASSEMBLY_USAGE_OCCURRENCE('5','=>[0:1:1:6]','',#5,#273,$);
#289 = PRODUCT_RELATED_PRODUCT_CATEGORY('part',$,(#275));
#290 = SHAPE_DEFINITION_REPRESENTATION(#291,#297);
#291 = PRODUCT_DEFINITION_SHAPE('','',#292);
#292 = PRODUCT_DEFINITION('design','',#293,#296);
#293 = PRODUCT_DEFINITION_FORMATION('','',#294);
#294 = PRODUCT(
'SW1~SW-SMD_4P-L4.5-W4.5-P3.00-LS6.8~SW-SMD_
4P-L4.5-W4.5-H6.5-P3.00-LS6.8~eWQO',
'SW1~SW-SMD_4P-L4.5-W4.5-P3.00-LS6.8~SW-SMD_
4P-L4.5-W4.5-H6.5-P3.00-LS6.8~eWQO','',(#295));
#295 = PRODUCT_CONTEXT('',#2,'mechanical');
#296 = PRODUCT_DEFINITION_CONTEXT('part definition',#2,'design');
#297 = SHAPE_REPRESENTATION('',(#11,#298),#302);
#298 = AXIS2_PLACEMENT_3D('',#299,#300,#301);
#299 = CARTESIAN_POINT('',(0.,0.,0.));
#300 = DIRECTION('',(0.,0.,1.));
#301 = DIRECTION('',(1.,0.,-0.));
#302 = ( GEOMETRIC_REPRESENTATION_CONTEXT(3) 
GLOBAL_UNCERTAINTY_ASSIGNED_CONTEXT((#306)) GLOBAL_UNIT_ASSIGNED_CONTEXT
((#303,#304,#305)) REPRESENTATION_CONTEXT('Context #1',
  '3D Context with UNIT and UNCERTAINTY') );
#303 = ( LENGTH_UNIT() NAMED_UNIT(*) SI_UNIT(.MILLI.,.METRE.) );
#304 = ( NAMED_UNIT(*) PLANE_ANGLE_UNIT() SI_UNIT($,.RADIAN.) );
#305 = ( NAMED_UNIT(*) SI_UNIT($,.STERADIAN.) SOLID_ANGLE_UNIT() );
#306 = UNCERTAINTY_MEASURE_WITH_UNIT(LENGTH_MEASURE(1.E-07),#303,
  'distance_accuracy_value','confusion accuracy');
#307 = CONTEXT_DEPENDENT_SHAPE_REPRESENTATION(#308,#310);
#308 = ( REPRESENTATION_RELATIONSHIP('','',#297,#10) 
REPRESENTATION_RELATIONSHIP_WITH_TRANSFORMATION(#309) 
SHAPE_REPRESENTATION_RELATIONSHIP() );
#309 = ITEM_DEFINED_TRANSFORMATION('','',#11,#35);
#310 = PRODUCT_DEFINITION_SHAPE('Placement','Placement of an item',#311
  );
#311 = NEXT_ASSEMBLY_USAGE_OCCURRENCE('7','=>[0:1:1:7]','',#5,#292,$);
#312 = PRODUCT_RELATED_PRODUCT_CATEGORY('part',$,(#294));
#313 = SHAPE_DEFINITION_REPRESENTATION(#314,#320);
#314 = PRODUCT_DEFINITION_SHAPE('','',#315);
#315 = PRODUCT_DEFINITION('design','',#316,#319);
#316 = PRODUCT_DEFINITION_FORMATION('','',#317);
#317 = PRODUCT(
'SW-SMD_4P-L4.5-W4.5-P3.00-LS6.8~SW-SMD_
4P-L4.5-W4.5-H6.5-P3.00-LS6.8~eWQO',
'SW-SMD_4P-L4.5-W4.5-P3.00-LS6.8~SW-SMD_
4P-L4.5-W4.5-H6.5-P3.00-LS6.8~eWQO','',(#318));
#318 = PRODUCT_CONTEXT('',#2,'mechanical');
#319 = PRODUCT_DEFINITION_CONTEXT('part definition',#2,'design');
#320 = ADVANCED_BREP_SHAPE_REPRESENTATION('',(#11,#321),#11038);
#321 = MANIFOLD_SOLID_BREP('',#322);
#322 = CLOSED_SHELL('',(#323,#367,#411,#455,#499,#531,#563,#607,#639,
    #671,#709,#2239,#2311,#2376,#2407,#2431,#2455,#2472,#2534,#2649,
    #2764,#2799,#2839,#2851,#2867,#2991,#3003,#3015,#3033,#3049,#3067,
    #3083,#3095,#3113,#3129,#3147,#3163,#3175,#3187,#3199,#3211,#3251,
    #3282,#3313,#3346,#3377,#3399,#3430,#3463,#3485,#3503,#3521,#3561,
    #3592,#3623,#3654,#3687,#3709,#3740,#3771,#3795,#3813,#3831,#3871,
    #3902,#3935,#3957,#3988,#4019,#4052,#4083,#4105,#4123,#4141,#4181,
    #4214,#4245,#4267,#4298,#4331,#4362,#4393,#4415,#4433,#4451,#4475,
    #4499,#4516,#4528,#4552,#4576,#4593,#4605,#4636,#4660,#4684,#4701,
    #4713,#4744,#4768,#4792,#4809,#4821,#4852,#4876,#4900,#4917,#4929,
    #4960,#4984,#5008,#5032,#5056,#5073,#5087,#5123,#5147,#5176,#5205,
    #5234,#5263,#5292,#5321,#5345,#5374,#5403,#5432,#5461,#5483,#5505,
    #5536,#5560,#5584,#5608,#5632,#5656,#5680,#5704,#5728,#5752,#5776,
    #5793,#5813,#5943,#5965,#5986,#6007,#6028,#6049,#6066,#6078,#6109,
    #6133,#6157,#6186,#6215,#6244,#6266,#6281,#6405,#6427,#6444,#6461,
    #6478,#6495,#6512,#6529,#6541,#6572,#6596,#6625,#6649,#6678,#6695,
    #6709,#6740,#6764,#6788,#6812,#6836,#6860,#6884,#6908,#6932,#6956,
    #6980,#6997,#7017,#7217,#7243,#7260,#7281,#7302,#7319,#7340,#7361,
    #7382,#7403,#7420,#7437,#7454,#7471,#7487,#7523,#7552,#7581,#7610,
    #7639,#7668,#7692,#7709,#7725,#7761,#7785,#7814,#7843,#7872,#7901,
    #7930,#7959,#7988,#8017,#8046,#8075,#8099,#8128,#8157,#8186,#8215,
    #8244,#8273,#8302,#8324,#8353,#8384,#8408,#8437,#8461,#8485,#8509,
    #8533,#8557,#8581,#8610,#8639,#8663,#8692,#8721,#8738,#8761,#8792,
    #8816,#8840,#8864,#8888,#8912,#8936,#8960,#8984,#9008,#9032,#9049,
    #9069,#9199,#9221,#9242,#9263,#9284,#9305,#9322,#9334,#9365,#9389,
    #9413,#9442,#9471,#9500,#9522,#9537,#9661,#9683,#9700,#9717,#9734,
    #9751,#9768,#9785,#9797,#9828,#9852,#9881,#9905,#9934,#9951,#9965,
    #10290,#10316,#10337,#10358,#10379,#10400,#10421,#10442,#10463,
    #10484,#10505,#10526,#10547,#10564,#10581,#10598,#10615,#10636,
    #10657,#10678,#10699,#10720,#10741,#10762,#10779,#10800,#10821,
    #10838,#10859,#10880,#10901,#10918,#10939,#10955,#11000,#11028));
#323 = ADVANCED_FACE('',(#324),#362,.T.);
#324 = FACE_BOUND('',#325,.T.);
#325 = EDGE_LOOP('',(#326,#337,#346,#355));
#326 = ORIENTED_EDGE('',*,*,#327,.F.);
#327 = EDGE_CURVE('',#328,#330,#332,.T.);
#328 = VERTEX_POINT('',#329);
#329 = CARTESIAN_POINT('',(-1.942210587729,1.599999955121,3.20000000561)
  );
#330 = VERTEX_POINT('',#331);
#331 = CARTESIAN_POINT('',(-1.142210610168,1.599999955121,3.20000000561)
  );
#332 = CIRCLE('',#333,0.39999998878);
#333 = AXIS2_PLACEMENT_3D('',#334,#335,#336);
#334 = CARTESIAN_POINT('',(-1.542210598948,1.599999955121,3.20000000561)
  );
#335 = DIRECTION('',(0.,0.,-1.));
#336 = DIRECTION('',(1.,0.,0.));
#337 = ORIENTED_EDGE('',*,*,#338,.T.);
#338 = EDGE_CURVE('',#328,#339,#341,.T.);
#339 = VERTEX_POINT('',#340);
#340 = CARTESIAN_POINT('',(-1.842210590534,1.599999955121,3.300000002805
    ));
#341 = CIRCLE('',#342,9.999999719508E-02);
#342 = AXIS2_PLACEMENT_3D('',#343,#344,#345);
#343 = CARTESIAN_POINT('',(-1.842210590534,1.599999955121,3.20000000561)
  );
#344 = DIRECTION('',(1.224646799147E-16,1.,-0.));
#345 = DIRECTION('',(-1.,1.224646799147E-16,0.));
#346 = ORIENTED_EDGE('',*,*,#347,.F.);
#347 = EDGE_CURVE('',#348,#339,#350,.T.);
#348 = VERTEX_POINT('',#349);
#349 = CARTESIAN_POINT('',(-1.242210607363,1.599999955121,3.300000002805
    ));
#350 = CIRCLE('',#351,0.299999991585);
#351 = AXIS2_PLACEMENT_3D('',#352,#353,#354);
#352 = CARTESIAN_POINT('',(-1.542210598948,1.599999955121,3.300000002805
    ));
#353 = DIRECTION('',(0.,0.,1.));
#354 = DIRECTION('',(1.,0.,0.));
#355 = ORIENTED_EDGE('',*,*,#356,.F.);
#356 = EDGE_CURVE('',#330,#348,#357,.T.);
#357 = CIRCLE('',#358,9.999999719508E-02);
#358 = AXIS2_PLACEMENT_3D('',#359,#360,#361);
#359 = CARTESIAN_POINT('',(-1.242210607363,1.599999955121,3.20000000561)
  );
#360 = DIRECTION('',(0.,-1.,0.));
#361 = DIRECTION('',(0.,0.,-1.));
#362 = TOROIDAL_SURFACE('',#363,0.299999991585,9.999999719508E-02);
#363 = AXIS2_PLACEMENT_3D('',#364,#365,#366);
#364 = CARTESIAN_POINT('',(-1.542210598948,1.599999955121,3.20000000561)
  );
#365 = DIRECTION('',(0.,0.,1.));
#366 = DIRECTION('',(1.,0.,0.));
#367 = ADVANCED_FACE('',(#368),#406,.T.);
#368 = FACE_BOUND('',#369,.T.);
#369 = EDGE_LOOP('',(#370,#381,#390,#399));
#370 = ORIENTED_EDGE('',*,*,#371,.F.);
#371 = EDGE_CURVE('',#372,#374,#376,.T.);
#372 = VERTEX_POINT('',#373);
#373 = CARTESIAN_POINT('',(1.142210610168,1.599999955121,3.20000000561)
  );
#374 = VERTEX_POINT('',#375);
#375 = CARTESIAN_POINT('',(1.942210587729,1.599999955121,3.20000000561)
  );
#376 = CIRCLE('',#377,0.39999998878);
#377 = AXIS2_PLACEMENT_3D('',#378,#379,#380);
#378 = CARTESIAN_POINT('',(1.542210598948,1.599999955121,3.20000000561)
  );
#379 = DIRECTION('',(0.,0.,-1.));
#380 = DIRECTION('',(1.,0.,0.));
#381 = ORIENTED_EDGE('',*,*,#382,.T.);
#382 = EDGE_CURVE('',#372,#383,#385,.T.);
#383 = VERTEX_POINT('',#384);
#384 = CARTESIAN_POINT('',(1.242210607363,1.599999955121,3.300000002805)
  );
#385 = CIRCLE('',#386,9.999999719508E-02);
#386 = AXIS2_PLACEMENT_3D('',#387,#388,#389);
#387 = CARTESIAN_POINT('',(1.242210607363,1.599999955121,3.20000000561)
  );
#388 = DIRECTION('',(1.224646799147E-16,1.,-0.));
#389 = DIRECTION('',(-1.,1.224646799147E-16,0.));
#390 = ORIENTED_EDGE('',*,*,#391,.F.);
#391 = EDGE_CURVE('',#392,#383,#394,.T.);
#392 = VERTEX_POINT('',#393);
#393 = CARTESIAN_POINT('',(1.842210590534,1.599999955121,3.300000002805)
  );
#394 = CIRCLE('',#395,0.299999991585);
#395 = AXIS2_PLACEMENT_3D('',#396,#397,#398);
#396 = CARTESIAN_POINT('',(1.542210598948,1.599999955121,3.300000002805)
  );
#397 = DIRECTION('',(0.,0.,1.));
#398 = DIRECTION('',(1.,0.,0.));
#399 = ORIENTED_EDGE('',*,*,#400,.F.);
#400 = EDGE_CURVE('',#374,#392,#401,.T.);
#401 = CIRCLE('',#402,9.999999719508E-02);
#402 = AXIS2_PLACEMENT_3D('',#403,#404,#405);
#403 = CARTESIAN_POINT('',(1.842210590534,1.599999955121,3.20000000561)
  );
#404 = DIRECTION('',(0.,-1.,0.));
#405 = DIRECTION('',(0.,0.,-1.));
#406 = TOROIDAL_SURFACE('',#407,0.299999991585,9.999999719508E-02);
#407 = AXIS2_PLACEMENT_3D('',#408,#409,#410);
#408 = CARTESIAN_POINT('',(1.542210598948,1.599999955121,3.20000000561)
  );
#409 = DIRECTION('',(0.,0.,1.));
#410 = DIRECTION('',(1.,0.,0.));
#411 = ADVANCED_FACE('',(#412),#450,.T.);
#412 = FACE_BOUND('',#413,.T.);
#413 = EDGE_LOOP('',(#414,#425,#434,#443));
#414 = ORIENTED_EDGE('',*,*,#415,.F.);
#415 = EDGE_CURVE('',#416,#418,#420,.T.);
#416 = VERTEX_POINT('',#417);
#417 = CARTESIAN_POINT('',(1.142210610168,-1.599999955121,3.20000000561)
  );
#418 = VERTEX_POINT('',#419);
#419 = CARTESIAN_POINT('',(1.942210587729,-1.599999955121,3.20000000561)
  );
#420 = CIRCLE('',#421,0.39999998878);
#421 = AXIS2_PLACEMENT_3D('',#422,#423,#424);
#422 = CARTESIAN_POINT('',(1.542210598948,-1.599999955121,3.20000000561)
  );
#423 = DIRECTION('',(0.,0.,-1.));
#424 = DIRECTION('',(1.,0.,0.));
#425 = ORIENTED_EDGE('',*,*,#426,.T.);
#426 = EDGE_CURVE('',#416,#427,#429,.T.);
#427 = VERTEX_POINT('',#428);
#428 = CARTESIAN_POINT('',(1.242210607363,-1.599999955121,3.300000002805
    ));
#429 = CIRCLE('',#430,9.999999719508E-02);
#430 = AXIS2_PLACEMENT_3D('',#431,#432,#433);
#431 = CARTESIAN_POINT('',(1.242210607363,-1.599999955121,3.20000000561)
  );
#432 = DIRECTION('',(1.224646799147E-16,1.,-0.));
#433 = DIRECTION('',(-1.,1.224646799147E-16,0.));
#434 = ORIENTED_EDGE('',*,*,#435,.F.);
#435 = EDGE_CURVE('',#436,#427,#438,.T.);
#436 = VERTEX_POINT('',#437);
#437 = CARTESIAN_POINT('',(1.842210590534,-1.599999955121,3.300000002805
    ));
#438 = CIRCLE('',#439,0.299999991585);
#439 = AXIS2_PLACEMENT_3D('',#440,#441,#442);
#440 = CARTESIAN_POINT('',(1.542210598948,-1.599999955121,3.300000002805
    ));
#441 = DIRECTION('',(0.,0.,1.));
#442 = DIRECTION('',(1.,0.,0.));
#443 = ORIENTED_EDGE('',*,*,#444,.F.);
#444 = EDGE_CURVE('',#418,#436,#445,.T.);
#445 = CIRCLE('',#446,9.999999719508E-02);
#446 = AXIS2_PLACEMENT_3D('',#447,#448,#449);
#447 = CARTESIAN_POINT('',(1.842210590534,-1.599999955121,3.20000000561)
  );
#448 = DIRECTION('',(0.,-1.,0.));
#449 = DIRECTION('',(0.,0.,-1.));
#450 = TOROIDAL_SURFACE('',#451,0.299999991585,9.999999719508E-02);
#451 = AXIS2_PLACEMENT_3D('',#452,#453,#454);
#452 = CARTESIAN_POINT('',(1.542210598948,-1.599999955121,3.20000000561)
  );
#453 = DIRECTION('',(0.,0.,1.));
#454 = DIRECTION('',(1.,0.,0.));
#455 = ADVANCED_FACE('',(#456),#494,.T.);
#456 = FACE_BOUND('',#457,.T.);
#457 = EDGE_LOOP('',(#458,#469,#478,#487));
#458 = ORIENTED_EDGE('',*,*,#459,.F.);
#459 = EDGE_CURVE('',#460,#462,#464,.T.);
#460 = VERTEX_POINT('',#461);
#461 = CARTESIAN_POINT('',(-1.942210587729,-1.599999955121,3.20000000561
    ));
#462 = VERTEX_POINT('',#463);
#463 = CARTESIAN_POINT('',(-1.142210610168,-1.599999955121,3.20000000561
    ));
#464 = CIRCLE('',#465,0.39999998878);
#465 = AXIS2_PLACEMENT_3D('',#466,#467,#468);
#466 = CARTESIAN_POINT('',(-1.542210598948,-1.599999955121,3.20000000561
    ));
#467 = DIRECTION('',(0.,0.,-1.));
#468 = DIRECTION('',(1.,0.,0.));
#469 = ORIENTED_EDGE('',*,*,#470,.T.);
#470 = EDGE_CURVE('',#460,#471,#473,.T.);
#471 = VERTEX_POINT('',#472);
#472 = CARTESIAN_POINT('',(-1.842210590534,-1.599999955121,
    3.300000002805));
#473 = CIRCLE('',#474,9.999999719508E-02);
#474 = AXIS2_PLACEMENT_3D('',#475,#476,#477);
#475 = CARTESIAN_POINT('',(-1.842210590534,-1.599999955121,3.20000000561
    ));
#476 = DIRECTION('',(1.224646799147E-16,1.,-0.));
#477 = DIRECTION('',(-1.,1.224646799147E-16,0.));
#478 = ORIENTED_EDGE('',*,*,#479,.F.);
#479 = EDGE_CURVE('',#480,#471,#482,.T.);
#480 = VERTEX_POINT('',#481);
#481 = CARTESIAN_POINT('',(-1.242210607363,-1.599999955121,
    3.300000002805));
#482 = CIRCLE('',#483,0.299999991585);
#483 = AXIS2_PLACEMENT_3D('',#484,#485,#486);
#484 = CARTESIAN_POINT('',(-1.542210598948,-1.599999955121,
    3.300000002805));
#485 = DIRECTION('',(0.,0.,1.));
#486 = DIRECTION('',(1.,0.,0.));
#487 = ORIENTED_EDGE('',*,*,#488,.F.);
#488 = EDGE_CURVE('',#462,#480,#489,.T.);
#489 = CIRCLE('',#490,9.999999719508E-02);
#490 = AXIS2_PLACEMENT_3D('',#491,#492,#493);
#491 = CARTESIAN_POINT('',(-1.242210607363,-1.599999955121,3.20000000561
    ));
#492 = DIRECTION('',(0.,-1.,0.));
#493 = DIRECTION('',(0.,0.,-1.));
#494 = TOROIDAL_SURFACE('',#495,0.299999991585,9.999999719508E-02);
#495 = AXIS2_PLACEMENT_3D('',#496,#497,#498);
#496 = CARTESIAN_POINT('',(-1.542210598948,-1.599999955121,3.20000000561
    ));
#497 = DIRECTION('',(0.,0.,1.));
#498 = DIRECTION('',(1.,0.,0.));
#499 = ADVANCED_FACE('',(#500),#526,.T.);
#500 = FACE_BOUND('',#501,.T.);
#501 = EDGE_LOOP('',(#502,#503,#511,#520));
#502 = ORIENTED_EDGE('',*,*,#459,.T.);
#503 = ORIENTED_EDGE('',*,*,#504,.T.);
#504 = EDGE_CURVE('',#462,#505,#507,.T.);
#505 = VERTEX_POINT('',#506);
#506 = CARTESIAN_POINT('',(-1.142210610168,-1.599999955121,
    2.900000014025));
#507 = LINE('',#508,#509);
#508 = CARTESIAN_POINT('',(-1.142210610168,-1.599999955121,
    3.300000002805));
#509 = VECTOR('',#510,1.);
#510 = DIRECTION('',(-0.,-0.,-1.));
#511 = ORIENTED_EDGE('',*,*,#512,.T.);
#512 = EDGE_CURVE('',#505,#513,#515,.T.);
#513 = VERTEX_POINT('',#514);
#514 = CARTESIAN_POINT('',(-1.942210587729,-1.599999955121,
    2.900000014025));
#515 = CIRCLE('',#516,0.39999998878);
#516 = AXIS2_PLACEMENT_3D('',#517,#518,#519);
#517 = CARTESIAN_POINT('',(-1.542210598948,-1.599999955121,
    2.900000014025));
#518 = DIRECTION('',(0.,0.,1.));
#519 = DIRECTION('',(1.,0.,0.));
#520 = ORIENTED_EDGE('',*,*,#521,.F.);
#521 = EDGE_CURVE('',#460,#513,#522,.T.);
#522 = LINE('',#523,#524);
#523 = CARTESIAN_POINT('',(-1.942210587729,-1.599999955121,
    3.300000002805));
#524 = VECTOR('',#525,1.);
#525 = DIRECTION('',(-0.,-0.,-1.));
#526 = CYLINDRICAL_SURFACE('',#527,0.39999998878);
#527 = AXIS2_PLACEMENT_3D('',#528,#529,#530);
#528 = CARTESIAN_POINT('',(-1.542210598948,-1.599999955121,
    3.300000002805));
#529 = DIRECTION('',(-0.,-0.,-1.));
#530 = DIRECTION('',(-1.,0.,0.));
#531 = ADVANCED_FACE('',(#532),#558,.T.);
#532 = FACE_BOUND('',#533,.T.);
#533 = EDGE_LOOP('',(#534,#535,#543,#552));
#534 = ORIENTED_EDGE('',*,*,#371,.T.);
#535 = ORIENTED_EDGE('',*,*,#536,.T.);
#536 = EDGE_CURVE('',#374,#537,#539,.T.);
#537 = VERTEX_POINT('',#538);
#538 = CARTESIAN_POINT('',(1.942210587729,1.599999955121,2.900000014025)
  );
#539 = LINE('',#540,#541);
#540 = CARTESIAN_POINT('',(1.942210587729,1.599999955121,3.300000002805)
  );
#541 = VECTOR('',#542,1.);
#542 = DIRECTION('',(-0.,-0.,-1.));
#543 = ORIENTED_EDGE('',*,*,#544,.T.);
#544 = EDGE_CURVE('',#537,#545,#547,.T.);
#545 = VERTEX_POINT('',#546);
#546 = CARTESIAN_POINT('',(1.142210610168,1.599999955121,2.900000014025)
  );
#547 = CIRCLE('',#548,0.39999998878);
#548 = AXIS2_PLACEMENT_3D('',#549,#550,#551);
#549 = CARTESIAN_POINT('',(1.542210598948,1.599999955121,2.900000014025)
  );
#550 = DIRECTION('',(0.,0.,1.));
#551 = DIRECTION('',(1.,0.,0.));
#552 = ORIENTED_EDGE('',*,*,#553,.F.);
#553 = EDGE_CURVE('',#372,#545,#554,.T.);
#554 = LINE('',#555,#556);
#555 = CARTESIAN_POINT('',(1.142210610168,1.599999955121,3.300000002805)
  );
#556 = VECTOR('',#557,1.);
#557 = DIRECTION('',(-0.,-0.,-1.));
#558 = CYLINDRICAL_SURFACE('',#559,0.39999998878);
#559 = AXIS2_PLACEMENT_3D('',#560,#561,#562);
#560 = CARTESIAN_POINT('',(1.542210598948,1.599999955121,3.300000002805)
  );
#561 = DIRECTION('',(-0.,-0.,-1.));
#562 = DIRECTION('',(-1.,0.,0.));
#563 = ADVANCED_FACE('',(#564),#602,.T.);
#564 = FACE_BOUND('',#565,.T.);
#565 = EDGE_LOOP('',(#566,#577,#586,#595));
#566 = ORIENTED_EDGE('',*,*,#567,.F.);
#567 = EDGE_CURVE('',#568,#570,#572,.T.);
#568 = VERTEX_POINT('',#569);
#569 = CARTESIAN_POINT('',(-1.066298461476,-1.418323726889E-16,
    6.40523351133));
#570 = VERTEX_POINT('',#571);
#571 = CARTESIAN_POINT('',(1.066298461476,0.,6.40523351133));
#572 = CIRCLE('',#573,1.066298461476);
#573 = AXIS2_PLACEMENT_3D('',#574,#575,#576);
#574 = CARTESIAN_POINT('',(0.,0.,6.40523351133));
#575 = DIRECTION('',(0.,0.,-1.));
#576 = DIRECTION('',(-1.,0.,0.));
#577 = ORIENTED_EDGE('',*,*,#578,.T.);
#578 = EDGE_CURVE('',#568,#579,#581,.T.);
#579 = VERTEX_POINT('',#580);
#580 = CARTESIAN_POINT('',(-0.966435510802,1.244690576334E-16,
    6.499999913047));
#581 = CIRCLE('',#582,9.999999719508E-02);
#582 = AXIS2_PLACEMENT_3D('',#583,#584,#585);
#583 = CARTESIAN_POINT('',(-0.966435510802,1.183542154886E-16,
    6.399999915852));
#584 = DIRECTION('',(1.224646799147E-16,1.,-0.));
#585 = DIRECTION('',(-1.,1.224646799147E-16,0.));
#586 = ORIENTED_EDGE('',*,*,#587,.F.);
#587 = EDGE_CURVE('',#588,#579,#590,.T.);
#588 = VERTEX_POINT('',#589);
#589 = CARTESIAN_POINT('',(0.966435510802,0.,6.499999913047));
#590 = CIRCLE('',#591,0.966435510802);
#591 = AXIS2_PLACEMENT_3D('',#592,#593,#594);
#592 = CARTESIAN_POINT('',(0.,0.,6.499999913047));
#593 = DIRECTION('',(0.,0.,1.));
#594 = DIRECTION('',(1.,0.,0.));
#595 = ORIENTED_EDGE('',*,*,#596,.F.);
#596 = EDGE_CURVE('',#570,#588,#597,.T.);
#597 = CIRCLE('',#598,9.999999719508E-02);
#598 = AXIS2_PLACEMENT_3D('',#599,#600,#601);
#599 = CARTESIAN_POINT('',(0.966435510802,0.,6.399999915852));
#600 = DIRECTION('',(0.,-1.,0.));
#601 = DIRECTION('',(0.,0.,-1.));
#602 = TOROIDAL_SURFACE('',#603,0.966435510802,9.999999719508E-02);
#603 = AXIS2_PLACEMENT_3D('',#604,#605,#606);
#604 = CARTESIAN_POINT('',(0.,0.,6.399999915852));
#605 = DIRECTION('',(0.,0.,1.));
#606 = DIRECTION('',(1.,0.,0.));
#607 = ADVANCED_FACE('',(#608),#634,.T.);
#608 = FACE_BOUND('',#609,.T.);
#609 = EDGE_LOOP('',(#610,#611,#619,#628));
#610 = ORIENTED_EDGE('',*,*,#327,.T.);
#611 = ORIENTED_EDGE('',*,*,#612,.T.);
#612 = EDGE_CURVE('',#330,#613,#615,.T.);
#613 = VERTEX_POINT('',#614);
#614 = CARTESIAN_POINT('',(-1.142210610168,1.599999955121,2.900000014025
    ));
#615 = LINE('',#616,#617);
#616 = CARTESIAN_POINT('',(-1.142210610168,1.599999955121,3.300000002805
    ));
#617 = VECTOR('',#618,1.);
#618 = DIRECTION('',(-0.,-0.,-1.));
#619 = ORIENTED_EDGE('',*,*,#620,.T.);
#620 = EDGE_CURVE('',#613,#621,#623,.T.);
#621 = VERTEX_POINT('',#622);
#622 = CARTESIAN_POINT('',(-1.942210587729,1.599999955121,2.900000014025
    ));
#623 = CIRCLE('',#624,0.39999998878);
#624 = AXIS2_PLACEMENT_3D('',#625,#626,#627);
#625 = CARTESIAN_POINT('',(-1.542210598948,1.599999955121,2.900000014025
    ));
#626 = DIRECTION('',(0.,0.,1.));
#627 = DIRECTION('',(1.,0.,0.));
#628 = ORIENTED_EDGE('',*,*,#629,.F.);
#629 = EDGE_CURVE('',#328,#621,#630,.T.);
#630 = LINE('',#631,#632);
#631 = CARTESIAN_POINT('',(-1.942210587729,1.599999955121,3.300000002805
    ));
#632 = VECTOR('',#633,1.);
#633 = DIRECTION('',(-0.,-0.,-1.));
#634 = CYLINDRICAL_SURFACE('',#635,0.39999998878);
#635 = AXIS2_PLACEMENT_3D('',#636,#637,#638);
#636 = CARTESIAN_POINT('',(-1.542210598948,1.599999955121,3.300000002805
    ));
#637 = DIRECTION('',(-0.,-0.,-1.));
#638 = DIRECTION('',(-1.,0.,0.));
#639 = ADVANCED_FACE('',(#640),#666,.T.);
#640 = FACE_BOUND('',#641,.T.);
#641 = EDGE_LOOP('',(#642,#643,#651,#660));
#642 = ORIENTED_EDGE('',*,*,#415,.T.);
#643 = ORIENTED_EDGE('',*,*,#644,.T.);
#644 = EDGE_CURVE('',#418,#645,#647,.T.);
#645 = VERTEX_POINT('',#646);
#646 = CARTESIAN_POINT('',(1.942210587729,-1.599999955121,2.900000014025
    ));
#647 = LINE('',#648,#649);
#648 = CARTESIAN_POINT('',(1.942210587729,-1.599999955121,3.300000002805
    ));
#649 = VECTOR('',#650,1.);
#650 = DIRECTION('',(-0.,-0.,-1.));
#651 = ORIENTED_EDGE('',*,*,#652,.T.);
#652 = EDGE_CURVE('',#645,#653,#655,.T.);
#653 = VERTEX_POINT('',#654);
#654 = CARTESIAN_POINT('',(1.142210610168,-1.599999955121,2.900000014025
    ));
#655 = CIRCLE('',#656,0.39999998878);
#656 = AXIS2_PLACEMENT_3D('',#657,#658,#659);
#657 = CARTESIAN_POINT('',(1.542210598948,-1.599999955121,2.900000014025
    ));
#658 = DIRECTION('',(0.,0.,1.));
#659 = DIRECTION('',(1.,0.,0.));
#660 = ORIENTED_EDGE('',*,*,#661,.F.);
#661 = EDGE_CURVE('',#416,#653,#662,.T.);
#662 = LINE('',#663,#664);
#663 = CARTESIAN_POINT('',(1.142210610168,-1.599999955121,3.300000002805
    ));
#664 = VECTOR('',#665,1.);
#665 = DIRECTION('',(-0.,-0.,-1.));
#666 = CYLINDRICAL_SURFACE('',#667,0.39999998878);
#667 = AXIS2_PLACEMENT_3D('',#668,#669,#670);
#668 = CARTESIAN_POINT('',(1.542210598948,-1.599999955121,3.300000002805
    ));
#669 = DIRECTION('',(-0.,-0.,-1.));
#670 = DIRECTION('',(-1.,0.,0.));
#671 = ADVANCED_FACE('',(#672),#704,.T.);
#672 = FACE_BOUND('',#673,.T.);
#673 = EDGE_LOOP('',(#674,#681,#689,#698));
#674 = ORIENTED_EDGE('',*,*,#675,.T.);
#675 = EDGE_CURVE('',#570,#568,#676,.T.);
#676 = CIRCLE('',#677,1.066298461476);
#677 = AXIS2_PLACEMENT_3D('',#678,#679,#680);
#678 = CARTESIAN_POINT('',(0.,0.,6.40523351133));
#679 = DIRECTION('',(0.,0.,-1.));
#680 = DIRECTION('',(-1.,0.,0.));
#681 = ORIENTED_EDGE('',*,*,#682,.T.);
#682 = EDGE_CURVE('',#568,#683,#685,.T.);
#683 = VERTEX_POINT('',#684);
#684 = CARTESIAN_POINT('',(-1.249999964938,-1.530808455996E-16,
    2.900000014025));
#685 = LINE('',#686,#687);
#686 = CARTESIAN_POINT('',(-1.249999964938,-1.530808455996E-16,
    2.900000014025));
#687 = VECTOR('',#688,1.);
#688 = DIRECTION('',(-5.233595624294E-02,-6.409306129324E-18,
    -0.998629534755));
#689 = ORIENTED_EDGE('',*,*,#690,.T.);
#690 = EDGE_CURVE('',#683,#691,#693,.T.);
#691 = VERTEX_POINT('',#692);
#692 = CARTESIAN_POINT('',(1.249999964938,0.,2.900000014025));
#693 = CIRCLE('',#694,1.249999964938);
#694 = AXIS2_PLACEMENT_3D('',#695,#696,#697);
#695 = CARTESIAN_POINT('',(0.,0.,2.900000014025));
#696 = DIRECTION('',(0.,0.,1.));
#697 = DIRECTION('',(1.,0.,0.));
#698 = ORIENTED_EDGE('',*,*,#699,.F.);
#699 = EDGE_CURVE('',#570,#691,#700,.T.);
#700 = LINE('',#701,#702);
#701 = CARTESIAN_POINT('',(1.249999964938,0.,2.900000014025));
#702 = VECTOR('',#703,1.);
#703 = DIRECTION('',(5.233595624294E-02,0.,-0.998629534755));
#704 = CONICAL_SURFACE('',#705,1.249999964938,5.235987755983E-02);
#705 = AXIS2_PLACEMENT_3D('',#706,#707,#708);
#706 = CARTESIAN_POINT('',(0.,0.,2.900000014025));
#707 = DIRECTION('',(-0.,-0.,-1.));
#708 = DIRECTION('',(1.,0.,0.));
#709 = ADVANCED_FACE('',(#710,#837,#959,#1057,#1183,#1249,#1299,#1397,
    #1459,#1525,#1714,#1812,#1874,#1940),#2234,.F.);
#710 = FACE_BOUND('',#711,.T.);
#711 = EDGE_LOOP('',(#712,#722,#730,#739,#748,#756,#765,#774,#782,#790,
    #798,#806,#814,#822,#831));
#712 = ORIENTED_EDGE('',*,*,#713,.F.);
#713 = EDGE_CURVE('',#714,#716,#718,.T.);
#714 = VERTEX_POINT('',#715);
#715 = CARTESIAN_POINT('',(-0.365540159785,2.239999936912,1.474541633414
    ));
#716 = VERTEX_POINT('',#717);
#717 = CARTESIAN_POINT('',(-0.349694249585,2.23999993717,1.474541633414)
  );
#718 = LINE('',#719,#720);
#719 = CARTESIAN_POINT('',(-0.349694249585,2.239999936912,1.474541633414
    ));
#720 = VECTOR('',#721,1.);
#721 = DIRECTION('',(1.,0.,0.));
#722 = ORIENTED_EDGE('',*,*,#723,.F.);
#723 = EDGE_CURVE('',#724,#714,#726,.T.);
#724 = VERTEX_POINT('',#725);
#725 = CARTESIAN_POINT('',(-0.325987769758,2.23999993717,1.374225792462)
  );
#726 = LINE('',#727,#728);
#727 = CARTESIAN_POINT('',(-0.365540159785,2.239999936912,1.474541633414
    ));
#728 = VECTOR('',#729,1.);
#729 = DIRECTION('',(-0.366797678951,0.,0.930300737781));
#730 = ORIENTED_EDGE('',*,*,#731,.F.);
#731 = EDGE_CURVE('',#732,#724,#734,.T.);
#732 = VERTEX_POINT('',#733);
#733 = CARTESIAN_POINT('',(-0.294888611353,2.23999993717,1.346339485928)
  );
#734 = B_SPLINE_CURVE_WITH_KNOTS('',3,(#735,#736,#737,#738),
  .UNSPECIFIED.,.F.,.F.,(4,4),(1.,2.),.PIECEWISE_BEZIER_KNOTS.);
#735 = CARTESIAN_POINT('',(-0.294888611353,2.23999993717,1.346339485928)
  );
#736 = CARTESIAN_POINT('',(-0.308270295361,2.239999936912,1.346339485928
    ));
#737 = CARTESIAN_POINT('',(-0.318626283917,2.239999936912,1.355634921439
    ));
#738 = CARTESIAN_POINT('',(-0.325987769758,2.23999993717,1.374225792462)
  );
#739 = ORIENTED_EDGE('',*,*,#740,.F.);
#740 = EDGE_CURVE('',#741,#732,#743,.T.);
#741 = VERTEX_POINT('',#742);
#742 = CARTESIAN_POINT('',(-0.285031706583,2.23999993717,1.347587195392)
  );
#743 = B_SPLINE_CURVE_WITH_KNOTS('',3,(#744,#745,#746,#747),
  .UNSPECIFIED.,.F.,.F.,(4,4),(2.,3.),.PIECEWISE_BEZIER_KNOTS.);
#744 = CARTESIAN_POINT('',(-0.285031706583,2.23999993717,1.347587195392)
  );
#745 = CARTESIAN_POINT('',(-0.287745474668,2.239999936912,1.34677618424)
  );
#746 = CARTESIAN_POINT('',(-0.29105190475,2.239999936912,1.346339485928)
  );
#747 = CARTESIAN_POINT('',(-0.294888611353,2.23999993717,1.346339485928)
  );
#748 = ORIENTED_EDGE('',*,*,#749,.F.);
#749 = EDGE_CURVE('',#750,#741,#752,.T.);
#750 = VERTEX_POINT('',#751);
#751 = CARTESIAN_POINT('',(-0.285031706583,2.23999993717,1.361187228557)
  );
#752 = LINE('',#753,#754);
#753 = CARTESIAN_POINT('',(-0.285031706583,2.239999936912,1.347587195392
    ));
#754 = VECTOR('',#755,1.);
#755 = DIRECTION('',(-1.594411026767E-14,-0.,-1.));
#756 = ORIENTED_EDGE('',*,*,#757,.F.);
#757 = EDGE_CURVE('',#758,#750,#760,.T.);
#758 = VERTEX_POINT('',#759);
#759 = CARTESIAN_POINT('',(-0.293703287362,2.23999993717,1.359440435306)
  );
#760 = B_SPLINE_CURVE_WITH_KNOTS('',3,(#761,#762,#763,#764),
  .UNSPECIFIED.,.F.,.F.,(4,4),(4.,5.),.PIECEWISE_BEZIER_KNOTS.);
#761 = CARTESIAN_POINT('',(-0.293703287362,2.23999993717,1.359440435306)
  );
#762 = CARTESIAN_POINT('',(-0.290895941067,2.239999936912,1.359440435306
    ));
#763 = CARTESIAN_POINT('',(-0.288026209298,2.239999936912,1.360001904565
    ));
#764 = CARTESIAN_POINT('',(-0.285031706583,2.23999993717,1.361187228557)
  );
#765 = ORIENTED_EDGE('',*,*,#766,.F.);
#766 = EDGE_CURVE('',#767,#758,#769,.T.);
#767 = VERTEX_POINT('',#768);
#768 = CARTESIAN_POINT('',(-0.309362041142,2.23999993717,1.371730373532)
  );
#769 = B_SPLINE_CURVE_WITH_KNOTS('',3,(#770,#771,#772,#773),
  .UNSPECIFIED.,.F.,.F.,(4,4),(5.,6.),.PIECEWISE_BEZIER_KNOTS.);
#770 = CARTESIAN_POINT('',(-0.309362041142,2.23999993717,1.371730373532)
  );
#771 = CARTESIAN_POINT('',(-0.305899647378,2.239999936912,1.363495491066
    ));
#772 = CARTESIAN_POINT('',(-0.300690460364,2.239999936912,1.359440435306
    ));
#773 = CARTESIAN_POINT('',(-0.293703287362,2.23999993717,1.359440435306)
  );
#774 = ORIENTED_EDGE('',*,*,#775,.F.);
#775 = EDGE_CURVE('',#776,#767,#778,.T.);
#776 = VERTEX_POINT('',#777);
#777 = CARTESIAN_POINT('',(-0.316068479515,2.23999993717,1.387576283732)
  );
#778 = LINE('',#779,#780);
#779 = CARTESIAN_POINT('',(-0.309362041142,2.239999936912,1.371730373532
    ));
#780 = VECTOR('',#781,1.);
#781 = DIRECTION('',(0.389758265065,0.,-0.920917203017));
#782 = ORIENTED_EDGE('',*,*,#783,.F.);
#783 = EDGE_CURVE('',#784,#776,#786,.T.);
#784 = VERTEX_POINT('',#785);
#785 = CARTESIAN_POINT('',(-0.281881240185,2.23999993717,1.474541633414)
  );
#786 = LINE('',#787,#788);
#787 = CARTESIAN_POINT('',(-0.316068479515,2.239999936912,1.387576283732
    ));
#788 = VECTOR('',#789,1.);
#789 = DIRECTION('',(-0.365858921669,-0.,-0.930670322636));
#790 = ORIENTED_EDGE('',*,*,#791,.F.);
#791 = EDGE_CURVE('',#792,#784,#794,.T.);
#792 = VERTEX_POINT('',#793);
#793 = CARTESIAN_POINT('',(-0.29897485985,2.23999993717,1.474541633414)
  );
#794 = LINE('',#795,#796);
#795 = CARTESIAN_POINT('',(-0.281881240185,2.239999936912,1.474541633414
    ));
#796 = VECTOR('',#797,1.);
#797 = DIRECTION('',(1.,0.,0.));
#798 = ORIENTED_EDGE('',*,*,#799,.F.);
#799 = EDGE_CURVE('',#800,#792,#802,.T.);
#800 = VERTEX_POINT('',#801);
#801 = CARTESIAN_POINT('',(-0.321745557578,2.23999993717,1.409036886523)
  );
#802 = LINE('',#803,#804);
#803 = CARTESIAN_POINT('',(-0.29897485985,2.239999936912,1.474541633414)
  );
#804 = VECTOR('',#805,1.);
#805 = DIRECTION('',(0.328346164813,0.,0.944557460429));
#806 = ORIENTED_EDGE('',*,*,#807,.F.);
#807 = EDGE_CURVE('',#808,#800,#810,.T.);
#808 = VERTEX_POINT('',#809);
#809 = CARTESIAN_POINT('',(-0.323617121775,2.23999993717,1.401862557101)
  );
#810 = LINE('',#811,#812);
#811 = CARTESIAN_POINT('',(-0.321745557578,2.239999936912,1.409036886523
    ));
#812 = VECTOR('',#813,1.);
#813 = DIRECTION('',(0.252421897188,0.,0.967617272386));
#814 = ORIENTED_EDGE('',*,*,#815,.F.);
#815 = EDGE_CURVE('',#816,#808,#818,.T.);
#816 = VERTEX_POINT('',#817);
#817 = CARTESIAN_POINT('',(-0.324022627351,2.23999993717,1.401862557101)
  );
#818 = LINE('',#819,#820);
#819 = CARTESIAN_POINT('',(-0.323617121775,2.239999936912,1.401862557101
    ));
#820 = VECTOR('',#821,1.);
#821 = DIRECTION('',(1.,0.,0.));
#822 = ORIENTED_EDGE('',*,*,#823,.F.);
#823 = EDGE_CURVE('',#824,#816,#826,.T.);
#824 = VERTEX_POINT('',#825);
#825 = CARTESIAN_POINT('',(-0.325894191548,2.23999993717,1.408912115577)
  );
#826 = B_SPLINE_CURVE_WITH_KNOTS('',3,(#827,#828,#829,#830),
  .UNSPECIFIED.,.F.,.F.,(4,4),(12.,13.),.PIECEWISE_BEZIER_KNOTS.);
#827 = CARTESIAN_POINT('',(-0.325894191548,2.23999993717,1.408912115577)
  );
#828 = CARTESIAN_POINT('',(-0.32495840945,2.239999936912,1.405855227389)
  );
#829 = CARTESIAN_POINT('',(-0.324334554717,2.239999936912,1.403484579406
    ));
#830 = CARTESIAN_POINT('',(-0.324022627351,2.23999993717,1.401862557101)
  );
#831 = ORIENTED_EDGE('',*,*,#832,.F.);
#832 = EDGE_CURVE('',#716,#824,#833,.T.);
#833 = LINE('',#834,#835);
#834 = CARTESIAN_POINT('',(-0.325894191548,2.239999936912,1.408912115577
    ));
#835 = VECTOR('',#836,1.);
#836 = DIRECTION('',(0.340917796219,0.,-0.9400931104));
#837 = FACE_BOUND('',#838,.T.);
#838 = EDGE_LOOP('',(#839,#850,#859,#867,#875,#883,#891,#900,#909,#918,
    #927,#935,#944,#953));
#839 = ORIENTED_EDGE('',*,*,#840,.F.);
#840 = EDGE_CURVE('',#841,#843,#845,.T.);
#841 = VERTEX_POINT('',#842);
#842 = CARTESIAN_POINT('',(-0.162849757264,2.239999936912,1.476537968557
    ));
#843 = VERTEX_POINT('',#844);
#844 = CARTESIAN_POINT('',(-0.13284234464,2.23999993717,1.468427857038)
  );
#845 = B_SPLINE_CURVE_WITH_KNOTS('',3,(#846,#847,#848,#849),
  .UNSPECIFIED.,.F.,.F.,(4,4),(0.,1.),.PIECEWISE_BEZIER_KNOTS.);
#846 = CARTESIAN_POINT('',(-0.162849757264,2.239999936912,1.476537968557
    ));
#847 = CARTESIAN_POINT('',(-0.151495601136,2.239999936912,1.476537968557
    ));
#848 = CARTESIAN_POINT('',(-0.141482732683,2.239999936912,1.473855393208
    ));
#849 = CARTESIAN_POINT('',(-0.13284234464,2.23999993717,1.468427857038)
  );
#850 = ORIENTED_EDGE('',*,*,#851,.F.);
#851 = EDGE_CURVE('',#852,#841,#854,.T.);
#852 = VERTEX_POINT('',#853);
#853 = CARTESIAN_POINT('',(-0.194354421244,2.23999993717,1.443473667745)
  );
#854 = B_SPLINE_CURVE_WITH_KNOTS('',3,(#855,#856,#857,#858),
  .UNSPECIFIED.,.F.,.F.,(4,4),(1.,2.),.PIECEWISE_BEZIER_KNOTS.);
#855 = CARTESIAN_POINT('',(-0.194354421244,2.23999993717,1.443473667745)
  );
#856 = CARTESIAN_POINT('',(-0.194354421244,2.239999936912,1.465558125269
    ));
#857 = CARTESIAN_POINT('',(-0.183842469005,2.239999936912,1.476537968557
    ));
#858 = CARTESIAN_POINT('',(-0.162849757264,2.239999936912,1.476537968557
    ));
#859 = ORIENTED_EDGE('',*,*,#860,.F.);
#860 = EDGE_CURVE('',#861,#852,#863,.T.);
#861 = VERTEX_POINT('',#862);
#862 = CARTESIAN_POINT('',(-0.194354421244,2.23999993717,1.387389127313)
  );
#863 = LINE('',#864,#865);
#864 = CARTESIAN_POINT('',(-0.194354421244,2.239999936912,1.443473667745
    ));
#865 = VECTOR('',#866,1.);
#866 = DIRECTION('',(1.933156862332E-15,0.,1.));
#867 = ORIENTED_EDGE('',*,*,#868,.F.);
#868 = EDGE_CURVE('',#869,#861,#871,.T.);
#869 = VERTEX_POINT('',#870);
#870 = CARTESIAN_POINT('',(-0.179069980303,2.23999993717,1.387389127313)
  );
#871 = LINE('',#872,#873);
#872 = CARTESIAN_POINT('',(-0.194354421244,2.239999936912,1.387389127313
    ));
#873 = VECTOR('',#874,1.);
#874 = DIRECTION('',(-1.,-0.,-0.));
#875 = ORIENTED_EDGE('',*,*,#876,.F.);
#876 = EDGE_CURVE('',#877,#869,#879,.T.);
#877 = VERTEX_POINT('',#878);
#878 = CARTESIAN_POINT('',(-0.179069980303,2.23999993717,1.40086438953)
  );
#879 = LINE('',#880,#881);
#880 = CARTESIAN_POINT('',(-0.179069980303,2.239999936912,1.387389127313
    ));
#881 = VECTOR('',#882,1.);
#882 = DIRECTION('',(-0.,-0.,-1.));
#883 = ORIENTED_EDGE('',*,*,#884,.F.);
#884 = EDGE_CURVE('',#885,#877,#887,.T.);
#885 = VERTEX_POINT('',#886);
#886 = CARTESIAN_POINT('',(-0.178664474727,2.23999993717,1.40086438953)
  );
#887 = LINE('',#888,#889);
#888 = CARTESIAN_POINT('',(-0.179069980303,2.239999936912,1.40086438953)
  );
#889 = VECTOR('',#890,1.);
#890 = DIRECTION('',(-1.,-0.,-0.));
#891 = ORIENTED_EDGE('',*,*,#892,.F.);
#892 = EDGE_CURVE('',#893,#885,#895,.T.);
#893 = VERTEX_POINT('',#894);
#894 = CARTESIAN_POINT('',(-0.151963492185,2.23999993717,1.385330406696)
  );
#895 = B_SPLINE_CURVE_WITH_KNOTS('',3,(#896,#897,#898,#899),
  .UNSPECIFIED.,.F.,.F.,(4,4),(6.,7.),.PIECEWISE_BEZIER_KNOTS.);
#896 = CARTESIAN_POINT('',(-0.151963492185,2.23999993717,1.385330406696)
  );
#897 = CARTESIAN_POINT('',(-0.163723153889,2.239999936912,1.385330406696
    ));
#898 = CARTESIAN_POINT('',(-0.172644276561,2.239999936912,1.390508400974
    ));
#899 = CARTESIAN_POINT('',(-0.178664474727,2.23999993717,1.40086438953)
  );
#900 = ORIENTED_EDGE('',*,*,#901,.F.);
#901 = EDGE_CURVE('',#902,#893,#904,.T.);
#902 = VERTEX_POINT('',#903);
#903 = CARTESIAN_POINT('',(-0.131812984332,2.23999993717,1.392192808751)
  );
#904 = B_SPLINE_CURVE_WITH_KNOTS('',3,(#905,#906,#907,#908),
  .UNSPECIFIED.,.F.,.F.,(4,4),(7.,8.),.PIECEWISE_BEZIER_KNOTS.);
#905 = CARTESIAN_POINT('',(-0.131812984332,2.23999993717,1.392192808751)
  );
#906 = CARTESIAN_POINT('',(-0.13680382219,2.239999936912,1.387638669206)
  );
#907 = CARTESIAN_POINT('',(-0.143510260563,2.239999936912,1.385330406696
    ));
#908 = CARTESIAN_POINT('',(-0.151963492185,2.23999993717,1.385330406696)
  );
#909 = ORIENTED_EDGE('',*,*,#910,.F.);
#910 = EDGE_CURVE('',#911,#902,#913,.T.);
#911 = VERTEX_POINT('',#912);
#912 = CARTESIAN_POINT('',(-0.124326727545,2.23999993717,1.410721294301)
  );
#913 = B_SPLINE_CURVE_WITH_KNOTS('',3,(#914,#915,#916,#917),
  .UNSPECIFIED.,.F.,.F.,(4,4),(8.,9.),.PIECEWISE_BEZIER_KNOTS.);
#914 = CARTESIAN_POINT('',(-0.124326727545,2.23999993717,1.410721294301)
  );
#915 = CARTESIAN_POINT('',(-0.124326727545,2.239999936912,1.402923110147
    ));
#916 = CARTESIAN_POINT('',(-0.126822146474,2.239999936912,1.396746948297
    ));
#917 = CARTESIAN_POINT('',(-0.131812984332,2.23999993717,1.392192808751)
  );
#918 = ORIENTED_EDGE('',*,*,#919,.F.);
#919 = EDGE_CURVE('',#920,#911,#922,.T.);
#920 = VERTEX_POINT('',#921);
#921 = CARTESIAN_POINT('',(-0.153242394386,2.23999993717,1.439169070093)
  );
#922 = B_SPLINE_CURVE_WITH_KNOTS('',3,(#923,#924,#925,#926),
  .UNSPECIFIED.,.F.,.F.,(4,4),(9.,10.),.PIECEWISE_BEZIER_KNOTS.);
#923 = CARTESIAN_POINT('',(-0.153242394386,2.23999993717,1.439169070093)
  );
#924 = CARTESIAN_POINT('',(-0.133965283159,2.239999936912,1.436486494744
    ));
#925 = CARTESIAN_POINT('',(-0.124326727545,2.239999936912,1.427003902813
    ));
#926 = CARTESIAN_POINT('',(-0.124326727545,2.23999993717,1.410721294301)
  );
#927 = ORIENTED_EDGE('',*,*,#928,.F.);
#928 = EDGE_CURVE('',#929,#920,#931,.T.);
#929 = VERTEX_POINT('',#930);
#930 = CARTESIAN_POINT('',(-0.179069980303,2.23999993717,1.442787427541)
  );
#931 = LINE('',#932,#933);
#932 = CARTESIAN_POINT('',(-0.153242394386,2.239999936912,1.439169070093
    ));
#933 = VECTOR('',#934,1.);
#934 = DIRECTION('',(0.990328603988,0.,-0.138741688482));
#935 = ORIENTED_EDGE('',*,*,#936,.F.);
#936 = EDGE_CURVE('',#937,#929,#939,.T.);
#937 = VERTEX_POINT('',#938);
#938 = CARTESIAN_POINT('',(-0.161414891379,2.23999993717,1.464123259385)
  );
#939 = B_SPLINE_CURVE_WITH_KNOTS('',3,(#940,#941,#942,#943),
  .UNSPECIFIED.,.F.,.F.,(4,4),(11.,12.),.PIECEWISE_BEZIER_KNOTS.);
#940 = CARTESIAN_POINT('',(-0.161414891379,2.23999993717,1.464123259385)
  );
#941 = CARTESIAN_POINT('',(-0.173174553083,2.239999936912,1.464123259385
    ));
#942 = CARTESIAN_POINT('',(-0.179069980303,2.239999936912,1.457011315436
    ));
#943 = CARTESIAN_POINT('',(-0.179069980303,2.23999993717,1.442787427541)
  );
#944 = ORIENTED_EDGE('',*,*,#945,.F.);
#945 = EDGE_CURVE('',#946,#937,#948,.T.);
#946 = VERTEX_POINT('',#947);
#947 = CARTESIAN_POINT('',(-0.13284234464,2.23999993717,1.453580114409)
  );
#948 = B_SPLINE_CURVE_WITH_KNOTS('',3,(#949,#950,#951,#952),
  .UNSPECIFIED.,.F.,.F.,(4,4),(12.,13.),.PIECEWISE_BEZIER_KNOTS.);
#949 = CARTESIAN_POINT('',(-0.13284234464,2.23999993717,1.453580114409)
  );
#950 = CARTESIAN_POINT('',(-0.141451539946,2.239999936912,1.460567287411
    ));
#951 = CARTESIAN_POINT('',(-0.150965324613,2.239999936912,1.464123259385
    ));
#952 = CARTESIAN_POINT('',(-0.161414891379,2.23999993717,1.464123259385)
  );
#953 = ORIENTED_EDGE('',*,*,#954,.F.);
#954 = EDGE_CURVE('',#843,#946,#955,.T.);
#955 = LINE('',#956,#957);
#956 = CARTESIAN_POINT('',(-0.13284234464,2.239999936912,1.453580114409)
  );
#957 = VECTOR('',#958,1.);
#958 = DIRECTION('',(-7.302134534246E-15,-0.,-1.));
#959 = FACE_BOUND('',#960,.T.);
#960 = EDGE_LOOP('',(#961,#971,#979,#987,#995,#1003,#1011,#1019,#1027,
    #1035,#1043,#1051));
#961 = ORIENTED_EDGE('',*,*,#962,.F.);
#962 = EDGE_CURVE('',#963,#965,#967,.T.);
#963 = VERTEX_POINT('',#964);
#964 = CARTESIAN_POINT('',(-0.109697334072,2.239999936912,1.387389127313
    ));
#965 = VERTEX_POINT('',#966);
#966 = CARTESIAN_POINT('',(-0.109697334072,2.23999993717,1.401301087843)
  );
#967 = LINE('',#968,#969);
#968 = CARTESIAN_POINT('',(-0.109697334072,2.239999936912,1.401301087843
    ));
#969 = VECTOR('',#970,1.);
#970 = DIRECTION('',(0.,0.,1.));
#971 = ORIENTED_EDGE('',*,*,#972,.F.);
#972 = EDGE_CURVE('',#973,#963,#975,.T.);
#973 = VERTEX_POINT('',#974);
#974 = CARTESIAN_POINT('',(-4.406781623523E-02,2.23999993717,
    1.387389127313));
#975 = LINE('',#976,#977);
#976 = CARTESIAN_POINT('',(-0.109697334072,2.239999936912,1.387389127313
    ));
#977 = VECTOR('',#978,1.);
#978 = DIRECTION('',(-1.,0.,3.304007641089E-15));
#979 = ORIENTED_EDGE('',*,*,#980,.F.);
#980 = EDGE_CURVE('',#981,#973,#983,.T.);
#981 = VERTEX_POINT('',#982);
#982 = CARTESIAN_POINT('',(-4.406781623523E-02,2.23999993717,
    1.509415112949));
#983 = LINE('',#984,#985);
#984 = CARTESIAN_POINT('',(-4.406781623523E-02,2.239999936912,
    1.387389127313));
#985 = VECTOR('',#986,1.);
#986 = DIRECTION('',(-2.665503096958E-15,-0.,-1.));
#987 = ORIENTED_EDGE('',*,*,#988,.F.);
#988 = EDGE_CURVE('',#989,#981,#991,.T.);
#989 = VERTEX_POINT('',#990);
#990 = CARTESIAN_POINT('',(-0.106921180514,2.23999993717,1.509415112949)
  );
#991 = LINE('',#992,#993);
#992 = CARTESIAN_POINT('',(-4.406781623523E-02,2.239999936912,
    1.509415112949));
#993 = VECTOR('',#994,1.);
#994 = DIRECTION('',(1.,0.,-3.449941477354E-15));
#995 = ORIENTED_EDGE('',*,*,#996,.F.);
#996 = EDGE_CURVE('',#997,#989,#999,.T.);
#997 = VERTEX_POINT('',#998);
#998 = CARTESIAN_POINT('',(-0.106921180514,2.23999993717,1.495378381473)
  );
#999 = LINE('',#1000,#1001);
#1000 = CARTESIAN_POINT('',(-0.106921180514,2.239999936912,
    1.509415112949));
#1001 = VECTOR('',#1002,1.);
#1002 = DIRECTION('',(0.,0.,1.));
#1003 = ORIENTED_EDGE('',*,*,#1004,.F.);
#1004 = EDGE_CURVE('',#1005,#997,#1007,.T.);
#1005 = VERTEX_POINT('',#1006);
#1006 = CARTESIAN_POINT('',(-5.982014822553E-02,2.23999993717,
    1.495378381473));
#1007 = LINE('',#1008,#1009);
#1008 = CARTESIAN_POINT('',(-0.106921180514,2.239999936912,
    1.495378381473));
#1009 = VECTOR('',#1010,1.);
#1010 = DIRECTION('',(-1.,0.,4.603729852227E-15));
#1011 = ORIENTED_EDGE('',*,*,#1012,.F.);
#1012 = EDGE_CURVE('',#1013,#1005,#1015,.T.);
#1013 = VERTEX_POINT('',#1014);
#1014 = CARTESIAN_POINT('',(-5.982014822553E-02,2.23999993717,
    1.456325075231));
#1015 = LINE('',#1016,#1017);
#1016 = CARTESIAN_POINT('',(-5.982014822553E-02,2.239999936912,
    1.495378381473));
#1017 = VECTOR('',#1018,1.);
#1018 = DIRECTION('',(2.776210893285E-15,0.,1.));
#1019 = ORIENTED_EDGE('',*,*,#1020,.F.);
#1020 = EDGE_CURVE('',#1021,#1013,#1023,.T.);
#1021 = VERTEX_POINT('',#1022);
#1022 = CARTESIAN_POINT('',(-0.103458786749,2.23999993717,1.456325075231
    ));
#1023 = LINE('',#1024,#1025);
#1024 = CARTESIAN_POINT('',(-5.982014822553E-02,2.239999936912,
    1.456325075231));
#1025 = VECTOR('',#1026,1.);
#1026 = DIRECTION('',(1.,0.,0.));
#1027 = ORIENTED_EDGE('',*,*,#1028,.F.);
#1028 = EDGE_CURVE('',#1029,#1021,#1031,.T.);
#1029 = VERTEX_POINT('',#1030);
#1030 = CARTESIAN_POINT('',(-0.103458786749,2.23999993717,1.442350729228
    ));
#1031 = LINE('',#1032,#1033);
#1032 = CARTESIAN_POINT('',(-0.103458786749,2.239999936912,
    1.456325075231));
#1033 = VECTOR('',#1034,1.);
#1034 = DIRECTION('',(7.75851794299E-15,0.,1.));
#1035 = ORIENTED_EDGE('',*,*,#1036,.F.);
#1036 = EDGE_CURVE('',#1037,#1029,#1039,.T.);
#1037 = VERTEX_POINT('',#1038);
#1038 = CARTESIAN_POINT('',(-5.982014822553E-02,2.23999993717,
    1.442350729228));
#1039 = LINE('',#1040,#1041);
#1040 = CARTESIAN_POINT('',(-0.103458786749,2.239999936912,
    1.442350729228));
#1041 = VECTOR('',#1042,1.);
#1042 = DIRECTION('',(-1.,0.,4.969000769715E-15));
#1043 = ORIENTED_EDGE('',*,*,#1044,.F.);
#1044 = EDGE_CURVE('',#1045,#1037,#1047,.T.);
#1045 = VERTEX_POINT('',#1046);
#1046 = CARTESIAN_POINT('',(-5.982014822553E-02,2.23999993717,
    1.401301087843));
#1047 = LINE('',#1048,#1049);
#1048 = CARTESIAN_POINT('',(-5.982014822553E-02,2.239999936912,
    1.442350729228));
#1049 = VECTOR('',#1050,1.);
#1050 = DIRECTION('',(2.641197597604E-15,0.,1.));
#1051 = ORIENTED_EDGE('',*,*,#1052,.F.);
#1052 = EDGE_CURVE('',#965,#1045,#1053,.T.);
#1053 = LINE('',#1054,#1055);
#1054 = CARTESIAN_POINT('',(-5.982014822553E-02,2.239999936912,
    1.401301087843));
#1055 = VECTOR('',#1056,1.);
#1056 = DIRECTION('',(1.,0.,-4.347487227542E-15));
#1057 = FACE_BOUND('',#1058,.T.);
#1058 = EDGE_LOOP('',(#1059,#1070,#1079,#1088,#1097,#1106,#1115,#1123,
    #1132,#1141,#1150,#1159,#1168,#1177));
#1059 = ORIENTED_EDGE('',*,*,#1060,.F.);
#1060 = EDGE_CURVE('',#1061,#1063,#1065,.T.);
#1061 = VERTEX_POINT('',#1062);
#1062 = CARTESIAN_POINT('',(-0.17099106152,2.239999936912,1.578912530126
    ));
#1063 = VERTEX_POINT('',#1064);
#1064 = CARTESIAN_POINT('',(-0.204772795274,2.23999993717,1.586024474074
    ));
#1065 = B_SPLINE_CURVE_WITH_KNOTS('',3,(#1066,#1067,#1068,#1069),
  .UNSPECIFIED.,.F.,.F.,(4,4),(0.,1.),.PIECEWISE_BEZIER_KNOTS.);
#1066 = CARTESIAN_POINT('',(-0.17099106152,2.239999936912,1.578912530126
    ));
#1067 = CARTESIAN_POINT('',(-0.184528709211,2.239999936912,
    1.578912530126));
#1068 = CARTESIAN_POINT('',(-0.195789287129,2.239999936912,
    1.581283178109));
#1069 = CARTESIAN_POINT('',(-0.204772795274,2.23999993717,1.586024474074
    ));
#1070 = ORIENTED_EDGE('',*,*,#1071,.F.);
#1071 = EDGE_CURVE('',#1072,#1061,#1074,.T.);
#1072 = VERTEX_POINT('',#1073);
#1073 = CARTESIAN_POINT('',(-0.12906802351,2.23999993717,1.595569451478)
  );
#1074 = B_SPLINE_CURVE_WITH_KNOTS('',3,(#1075,#1076,#1077,#1078),
  .UNSPECIFIED.,.F.,.F.,(4,4),(1.,2.),.PIECEWISE_BEZIER_KNOTS.);
#1075 = CARTESIAN_POINT('',(-0.12906802351,2.23999993717,1.595569451478)
  );
#1076 = CARTESIAN_POINT('',(-0.139517590276,2.239999936912,
    1.584464837244));
#1077 = CARTESIAN_POINT('',(-0.153491936279,2.239999936912,
    1.578912530126));
#1078 = CARTESIAN_POINT('',(-0.17099106152,2.239999936912,1.578912530126
    ));
#1079 = ORIENTED_EDGE('',*,*,#1080,.F.);
#1080 = EDGE_CURVE('',#1081,#1072,#1083,.T.);
#1081 = VERTEX_POINT('',#1082);
#1082 = CARTESIAN_POINT('',(-0.113409269729,2.23999993717,1.639675981051
    ));
#1083 = B_SPLINE_CURVE_WITH_KNOTS('',3,(#1084,#1085,#1086,#1087),
  .UNSPECIFIED.,.F.,.F.,(4,4),(2.,3.),.PIECEWISE_BEZIER_KNOTS.);
#1084 = CARTESIAN_POINT('',(-0.113409269729,2.23999993717,1.639675981051
    ));
#1085 = CARTESIAN_POINT('',(-0.113409269729,2.239999936912,
    1.621397037395));
#1086 = CARTESIAN_POINT('',(-0.118618456744,2.239999936912,
    1.606674065713));
#1087 = CARTESIAN_POINT('',(-0.12906802351,2.23999993717,1.595569451478)
  );
#1088 = ORIENTED_EDGE('',*,*,#1089,.F.);
#1089 = EDGE_CURVE('',#1090,#1081,#1092,.T.);
#1090 = VERTEX_POINT('',#1091);
#1091 = CARTESIAN_POINT('',(-0.131033165917,2.23999993717,1.687088940705
    ));
#1092 = B_SPLINE_CURVE_WITH_KNOTS('',3,(#1093,#1094,#1095,#1096),
  .UNSPECIFIED.,.F.,.F.,(4,4),(3.,4.),.PIECEWISE_BEZIER_KNOTS.);
#1093 = CARTESIAN_POINT('',(-0.131033165917,2.23999993717,1.687088940705
    ));
#1094 = CARTESIAN_POINT('',(-0.119273504213,2.239999936912,
    1.675110929846));
#1095 = CARTESIAN_POINT('',(-0.113409269729,2.239999936912,
    1.659327405118));
#1096 = CARTESIAN_POINT('',(-0.113409269729,2.23999993717,1.639675981051
    ));
#1097 = ORIENTED_EDGE('',*,*,#1098,.F.);
#1098 = EDGE_CURVE('',#1099,#1090,#1101,.T.);
#1099 = VERTEX_POINT('',#1100);
#1100 = CARTESIAN_POINT('',(-0.175857128432,2.23999993717,1.705055956996
    ));
#1101 = B_SPLINE_CURVE_WITH_KNOTS('',3,(#1102,#1103,#1104,#1105),
  .UNSPECIFIED.,.F.,.F.,(4,4),(4.,5.),.PIECEWISE_BEZIER_KNOTS.);
#1102 = CARTESIAN_POINT('',(-0.175857128432,2.23999993717,1.705055956996
    ));
#1103 = CARTESIAN_POINT('',(-0.157734148459,2.239999936912,
    1.705055956996));
#1104 = CARTESIAN_POINT('',(-0.142792827621,2.239999936912,
    1.699066951566));
#1105 = CARTESIAN_POINT('',(-0.131033165917,2.23999993717,1.687088940705
    ));
#1106 = ORIENTED_EDGE('',*,*,#1107,.F.);
#1107 = EDGE_CURVE('',#1108,#1099,#1110,.T.);
#1108 = VERTEX_POINT('',#1109);
#1109 = CARTESIAN_POINT('',(-0.204772795274,2.23999993717,1.700065119137
    ));
#1110 = B_SPLINE_CURVE_WITH_KNOTS('',3,(#1111,#1112,#1113,#1114),
  .UNSPECIFIED.,.F.,.F.,(4,4),(5.,6.),.PIECEWISE_BEZIER_KNOTS.);
#1111 = CARTESIAN_POINT('',(-0.204772795274,2.23999993717,1.700065119137
    ));
#1112 = CARTESIAN_POINT('',(-0.19716176754,2.239999936912,1.703371549219
    ));
#1113 = CARTESIAN_POINT('',(-0.187523211926,2.239999936912,
    1.705055956996));
#1114 = CARTESIAN_POINT('',(-0.175857128432,2.23999993717,1.705055956996
    ));
#1115 = ORIENTED_EDGE('',*,*,#1116,.F.);
#1116 = EDGE_CURVE('',#1117,#1108,#1119,.T.);
#1117 = VERTEX_POINT('',#1118);
#1118 = CARTESIAN_POINT('',(-0.204772795274,2.23999993717,1.683595354205
    ));
#1119 = LINE('',#1120,#1121);
#1120 = CARTESIAN_POINT('',(-0.204772795274,2.239999936912,
    1.700065119137));
#1121 = VECTOR('',#1122,1.);
#1122 = DIRECTION('',(0.,0.,1.));
#1123 = ORIENTED_EDGE('',*,*,#1124,.F.);
#1124 = EDGE_CURVE('',#1125,#1117,#1127,.T.);
#1125 = VERTEX_POINT('',#1126);
#1126 = CARTESIAN_POINT('',(-0.176013092115,2.23999993717,1.690832069099
    ));
#1127 = B_SPLINE_CURVE_WITH_KNOTS('',3,(#1128,#1129,#1130,#1131),
  .UNSPECIFIED.,.F.,.F.,(4,4),(7.,8.),.PIECEWISE_BEZIER_KNOTS.);
#1128 = CARTESIAN_POINT('',(-0.176013092115,2.23999993717,1.690832069099
    ));
#1129 = CARTESIAN_POINT('',(-0.186462658881,2.239999936912,
    1.690832069099));
#1130 = CARTESIAN_POINT('',(-0.196038829022,2.239999936912,
    1.688461421116));
#1131 = CARTESIAN_POINT('',(-0.204772795274,2.23999993717,1.683595354205
    ));
#1132 = ORIENTED_EDGE('',*,*,#1133,.F.);
#1133 = EDGE_CURVE('',#1134,#1125,#1136,.T.);
#1134 = VERTEX_POINT('',#1135);
#1135 = CARTESIAN_POINT('',(-0.142761634884,2.23999993717,1.677294421409
    ));
#1136 = B_SPLINE_CURVE_WITH_KNOTS('',3,(#1137,#1138,#1139,#1140),
  .UNSPECIFIED.,.F.,.F.,(4,4),(8.,9.),.PIECEWISE_BEZIER_KNOTS.);
#1137 = CARTESIAN_POINT('',(-0.142761634884,2.23999993717,1.677294421409
    ));
#1138 = CARTESIAN_POINT('',(-0.151339637453,2.239999936912,
    1.686340315027));
#1139 = CARTESIAN_POINT('',(-0.162413058951,2.239999936912,
    1.690832069099));
#1140 = CARTESIAN_POINT('',(-0.176013092115,2.23999993717,1.690832069099
    ));
#1141 = ORIENTED_EDGE('',*,*,#1142,.F.);
#1142 = EDGE_CURVE('',#1143,#1134,#1145,.T.);
#1143 = VERTEX_POINT('',#1144);
#1144 = CARTESIAN_POINT('',(-0.129941420135,2.23999993717,1.64061176315)
  );
#1145 = B_SPLINE_CURVE_WITH_KNOTS('',3,(#1146,#1147,#1148,#1149),
  .UNSPECIFIED.,.F.,.F.,(4,4),(9.,10.),.PIECEWISE_BEZIER_KNOTS.);
#1146 = CARTESIAN_POINT('',(-0.129941420135,2.23999993717,1.64061176315)
  );
#1147 = CARTESIAN_POINT('',(-0.129941420135,2.239999936912,
    1.655958589564));
#1148 = CARTESIAN_POINT('',(-0.134214825051,2.239999936912,
    1.668186142317));
#1149 = CARTESIAN_POINT('',(-0.142761634884,2.23999993717,1.677294421409
    ));
#1150 = ORIENTED_EDGE('',*,*,#1151,.F.);
#1151 = EDGE_CURVE('',#1152,#1143,#1154,.T.);
#1152 = VERTEX_POINT('',#1153);
#1153 = CARTESIAN_POINT('',(-0.141919430995,2.23999993717,1.605800669088
    ));
#1154 = B_SPLINE_CURVE_WITH_KNOTS('',3,(#1155,#1156,#1157,#1158),
  .UNSPECIFIED.,.F.,.F.,(4,4),(10.,11.),.PIECEWISE_BEZIER_KNOTS.);
#1155 = CARTESIAN_POINT('',(-0.141919430995,2.23999993717,1.605800669088
    ));
#1156 = CARTESIAN_POINT('',(-0.133934090422,2.239999936912,
    1.614409864394));
#1157 = CARTESIAN_POINT('',(-0.129941420135,2.239999936912,
    1.626013562415));
#1158 = CARTESIAN_POINT('',(-0.129941420135,2.23999993717,1.64061176315)
  );
#1159 = ORIENTED_EDGE('',*,*,#1160,.F.);
#1160 = EDGE_CURVE('',#1161,#1152,#1163,.T.);
#1161 = VERTEX_POINT('',#1162);
#1162 = CARTESIAN_POINT('',(-0.173268131293,2.23999993717,1.592949261602
    ));
#1163 = B_SPLINE_CURVE_WITH_KNOTS('',3,(#1164,#1165,#1166,#1167),
  .UNSPECIFIED.,.F.,.F.,(4,4),(11.,12.),.PIECEWISE_BEZIER_KNOTS.);
#1164 = CARTESIAN_POINT('',(-0.173268131293,2.23999993717,1.592949261602
    ));
#1165 = CARTESIAN_POINT('',(-0.160354338335,2.239999936912,
    1.592949261602));
#1166 = CARTESIAN_POINT('',(-0.149904771568,2.239999936912,
    1.597253859255));
#1167 = CARTESIAN_POINT('',(-0.141919430995,2.23999993717,1.605800669088
    ));
#1168 = ORIENTED_EDGE('',*,*,#1169,.F.);
#1169 = EDGE_CURVE('',#1170,#1161,#1172,.T.);
#1170 = VERTEX_POINT('',#1171);
#1171 = CARTESIAN_POINT('',(-0.204772795274,2.23999993717,1.601121758596
    ));
#1172 = B_SPLINE_CURVE_WITH_KNOTS('',3,(#1173,#1174,#1175,#1176),
  .UNSPECIFIED.,.F.,.F.,(4,4),(12.,13.),.PIECEWISE_BEZIER_KNOTS.);
#1173 = CARTESIAN_POINT('',(-0.204772795274,2.23999993717,1.601121758596
    ));
#1174 = CARTESIAN_POINT('',(-0.195851672602,2.239999936912,
    1.595694222425));
#1175 = CARTESIAN_POINT('',(-0.185339720363,2.239999936912,
    1.592949261602));
#1176 = CARTESIAN_POINT('',(-0.173268131293,2.23999993717,1.592949261602
    ));
#1177 = ORIENTED_EDGE('',*,*,#1178,.F.);
#1178 = EDGE_CURVE('',#1063,#1170,#1179,.T.);
#1179 = LINE('',#1180,#1181);
#1180 = CARTESIAN_POINT('',(-0.204772795274,2.239999936912,
    1.601121758596));
#1181 = VECTOR('',#1182,1.);
#1182 = DIRECTION('',(7.181438095804E-15,0.,1.));
#1183 = FACE_BOUND('',#1184,.T.);
#1184 = EDGE_LOOP('',(#1185,#1195,#1203,#1211,#1219,#1227,#1235,#1243));
#1185 = ORIENTED_EDGE('',*,*,#1186,.F.);
#1186 = EDGE_CURVE('',#1187,#1189,#1191,.T.);
#1187 = VERTEX_POINT('',#1188);
#1188 = CARTESIAN_POINT('',(1.207941449922,2.23999993717,
    9.536742906491E-08));
#1189 = VERTEX_POINT('',#1190);
#1190 = CARTESIAN_POINT('',(2.23999993717,2.23999993717,
    9.536742906491E-08));
#1191 = LINE('',#1192,#1193);
#1192 = CARTESIAN_POINT('',(2.23999993717,2.23999993717,
    9.536742906491E-08));
#1193 = VECTOR('',#1194,1.);
#1194 = DIRECTION('',(1.,0.,0.));
#1195 = ORIENTED_EDGE('',*,*,#1196,.F.);
#1196 = EDGE_CURVE('',#1197,#1187,#1199,.T.);
#1197 = VERTEX_POINT('',#1198);
#1198 = CARTESIAN_POINT('',(1.207941449922,2.23999993717,0.200000089758)
  );
#1199 = LINE('',#1200,#1201);
#1200 = CARTESIAN_POINT('',(1.207941449922,2.23999993717,0.200000089758)
  );
#1201 = VECTOR('',#1202,1.);
#1202 = DIRECTION('',(-0.,-0.,-1.));
#1203 = ORIENTED_EDGE('',*,*,#1204,.F.);
#1204 = EDGE_CURVE('',#1205,#1197,#1207,.T.);
#1205 = VERTEX_POINT('',#1206);
#1206 = CARTESIAN_POINT('',(-1.375711095744,2.23999993717,0.200000089758
    ));
#1207 = LINE('',#1208,#1209);
#1208 = CARTESIAN_POINT('',(1.207941449922,2.23999993717,0.200000089758)
  );
#1209 = VECTOR('',#1210,1.);
#1210 = DIRECTION('',(1.,0.,0.));
#1211 = ORIENTED_EDGE('',*,*,#1212,.T.);
#1212 = EDGE_CURVE('',#1205,#1213,#1215,.T.);
#1213 = VERTEX_POINT('',#1214);
#1214 = CARTESIAN_POINT('',(-1.375711095744,2.23999993717,
    9.536742906491E-08));
#1215 = LINE('',#1216,#1217);
#1216 = CARTESIAN_POINT('',(-1.375711095744,2.23999993717,0.200000089758
    ));
#1217 = VECTOR('',#1218,1.);
#1218 = DIRECTION('',(-0.,-0.,-1.));
#1219 = ORIENTED_EDGE('',*,*,#1220,.F.);
#1220 = EDGE_CURVE('',#1221,#1213,#1223,.T.);
#1221 = VERTEX_POINT('',#1222);
#1222 = CARTESIAN_POINT('',(-2.23999993717,2.23999993717,
    9.536742906491E-08));
#1223 = LINE('',#1224,#1225);
#1224 = CARTESIAN_POINT('',(2.23999993717,2.23999993717,
    9.536742906491E-08));
#1225 = VECTOR('',#1226,1.);
#1226 = DIRECTION('',(1.,0.,0.));
#1227 = ORIENTED_EDGE('',*,*,#1228,.T.);
#1228 = EDGE_CURVE('',#1221,#1229,#1231,.T.);
#1229 = VERTEX_POINT('',#1230);
#1230 = CARTESIAN_POINT('',(-2.23999993717,2.23999993717,2.650000021037)
  );
#1231 = LINE('',#1232,#1233);
#1232 = CARTESIAN_POINT('',(-2.23999993717,2.23999993717,
    9.536742906491E-08));
#1233 = VECTOR('',#1234,1.);
#1234 = DIRECTION('',(0.,0.,1.));
#1235 = ORIENTED_EDGE('',*,*,#1236,.T.);
#1236 = EDGE_CURVE('',#1229,#1237,#1239,.T.);
#1237 = VERTEX_POINT('',#1238);
#1238 = CARTESIAN_POINT('',(2.23999993717,2.23999993717,2.650000021037)
  );
#1239 = LINE('',#1240,#1241);
#1240 = CARTESIAN_POINT('',(2.23999993717,2.23999993717,2.650000021037)
  );
#1241 = VECTOR('',#1242,1.);
#1242 = DIRECTION('',(1.,0.,0.));
#1243 = ORIENTED_EDGE('',*,*,#1244,.F.);
#1244 = EDGE_CURVE('',#1189,#1237,#1245,.T.);
#1245 = LINE('',#1246,#1247);
#1246 = CARTESIAN_POINT('',(2.23999993717,2.23999993717,
    9.536742906491E-08));
#1247 = VECTOR('',#1248,1.);
#1248 = DIRECTION('',(0.,0.,1.));
#1249 = FACE_BOUND('',#1250,.T.);
#1250 = EDGE_LOOP('',(#1251,#1261,#1269,#1277,#1285,#1293));
#1251 = ORIENTED_EDGE('',*,*,#1252,.F.);
#1252 = EDGE_CURVE('',#1253,#1255,#1257,.T.);
#1253 = VERTEX_POINT('',#1254);
#1254 = CARTESIAN_POINT('',(-0.108418431871,2.239999936912,
    1.580971250743));
#1255 = VERTEX_POINT('',#1256);
#1256 = CARTESIAN_POINT('',(-0.108418431871,2.23999993717,1.594883211273
    ));
#1257 = LINE('',#1258,#1259);
#1258 = CARTESIAN_POINT('',(-0.108418431871,2.239999936912,
    1.594883211273));
#1259 = VECTOR('',#1260,1.);
#1260 = DIRECTION('',(0.,0.,1.));
#1261 = ORIENTED_EDGE('',*,*,#1262,.F.);
#1262 = EDGE_CURVE('',#1263,#1253,#1265,.T.);
#1263 = VERTEX_POINT('',#1264);
#1264 = CARTESIAN_POINT('',(-4.406781623523E-02,2.23999993717,
    1.580971250743));
#1265 = LINE('',#1266,#1267);
#1266 = CARTESIAN_POINT('',(-0.108418431871,2.239999936912,
    1.580971250743));
#1267 = VECTOR('',#1268,1.);
#1268 = DIRECTION('',(-1.,0.,6.739342779281E-15));
#1269 = ORIENTED_EDGE('',*,*,#1270,.F.);
#1270 = EDGE_CURVE('',#1271,#1263,#1273,.T.);
#1271 = VERTEX_POINT('',#1272);
#1272 = CARTESIAN_POINT('',(-4.406781623523E-02,2.23999993717,
    1.702997236379));
#1273 = LINE('',#1274,#1275);
#1274 = CARTESIAN_POINT('',(-4.406781623523E-02,2.239999936912,
    1.580971250743));
#1275 = VECTOR('',#1276,1.);
#1276 = DIRECTION('',(-2.665503096958E-15,-0.,-1.));
#1277 = ORIENTED_EDGE('',*,*,#1278,.F.);
#1278 = EDGE_CURVE('',#1279,#1271,#1281,.T.);
#1279 = VERTEX_POINT('',#1280);
#1280 = CARTESIAN_POINT('',(-5.982014822553E-02,2.23999993717,
    1.702997236379));
#1281 = LINE('',#1282,#1283);
#1282 = CARTESIAN_POINT('',(-4.406781623523E-02,2.239999936912,
    1.702997236379));
#1283 = VECTOR('',#1284,1.);
#1284 = DIRECTION('',(1.,0.,0.));
#1285 = ORIENTED_EDGE('',*,*,#1286,.F.);
#1286 = EDGE_CURVE('',#1287,#1279,#1289,.T.);
#1287 = VERTEX_POINT('',#1288);
#1288 = CARTESIAN_POINT('',(-5.982014822553E-02,2.23999993717,
    1.594883211273));
#1289 = LINE('',#1290,#1291);
#1290 = CARTESIAN_POINT('',(-5.982014822553E-02,2.239999936912,
    1.702997236379));
#1291 = VECTOR('',#1292,1.);
#1292 = DIRECTION('',(4.011328376726E-15,0.,1.));
#1293 = ORIENTED_EDGE('',*,*,#1294,.F.);
#1294 = EDGE_CURVE('',#1255,#1287,#1295,.T.);
#1295 = LINE('',#1296,#1297);
#1296 = CARTESIAN_POINT('',(-5.982014822553E-02,2.239999936912,
    1.594883211273));
#1297 = VECTOR('',#1298,1.);
#1298 = DIRECTION('',(1.,0.,-4.461894786142E-15));
#1299 = FACE_BOUND('',#1300,.T.);
#1300 = EDGE_LOOP('',(#1301,#1311,#1319,#1327,#1335,#1343,#1351,#1359,
    #1367,#1375,#1383,#1391));
#1301 = ORIENTED_EDGE('',*,*,#1302,.F.);
#1302 = EDGE_CURVE('',#1303,#1305,#1307,.T.);
#1303 = VERTEX_POINT('',#1304);
#1304 = CARTESIAN_POINT('',(-0.29482622588,2.239999936912,1.580971250743
    ));
#1305 = VERTEX_POINT('',#1306);
#1306 = CARTESIAN_POINT('',(-0.29482622588,2.23999993717,1.594883211273)
  );
#1307 = LINE('',#1308,#1309);
#1308 = CARTESIAN_POINT('',(-0.29482622588,2.239999936912,1.594883211273
    ));
#1309 = VECTOR('',#1310,1.);
#1310 = DIRECTION('',(0.,0.,1.));
#1311 = ORIENTED_EDGE('',*,*,#1312,.F.);
#1312 = EDGE_CURVE('',#1313,#1303,#1315,.T.);
#1313 = VERTEX_POINT('',#1314);
#1314 = CARTESIAN_POINT('',(-0.229196708043,2.23999993717,1.580971250743
    ));
#1315 = LINE('',#1316,#1317);
#1316 = CARTESIAN_POINT('',(-0.29482622588,2.239999936912,1.580971250743
    ));
#1317 = VECTOR('',#1318,1.);
#1318 = DIRECTION('',(-1.,-0.,-0.));
#1319 = ORIENTED_EDGE('',*,*,#1320,.F.);
#1320 = EDGE_CURVE('',#1321,#1313,#1323,.T.);
#1321 = VERTEX_POINT('',#1322);
#1322 = CARTESIAN_POINT('',(-0.229196708043,2.23999993717,1.702997236379
    ));
#1323 = LINE('',#1324,#1325);
#1324 = CARTESIAN_POINT('',(-0.229196708043,2.239999936912,
    1.580971250743));
#1325 = VECTOR('',#1326,1.);
#1326 = DIRECTION('',(-2.665503096958E-15,-0.,-1.));
#1327 = ORIENTED_EDGE('',*,*,#1328,.F.);
#1328 = EDGE_CURVE('',#1329,#1321,#1331,.T.);
#1329 = VERTEX_POINT('',#1330);
#1330 = CARTESIAN_POINT('',(-0.292050072321,2.23999993717,1.702997236379
    ));
#1331 = LINE('',#1332,#1333);
#1332 = CARTESIAN_POINT('',(-0.229196708043,2.239999936912,
    1.702997236379));
#1333 = VECTOR('',#1334,1.);
#1334 = DIRECTION('',(1.,0.,-3.449941477354E-15));
#1335 = ORIENTED_EDGE('',*,*,#1336,.F.);
#1336 = EDGE_CURVE('',#1337,#1329,#1339,.T.);
#1337 = VERTEX_POINT('',#1338);
#1338 = CARTESIAN_POINT('',(-0.292050072321,2.23999993717,1.688960504903
    ));
#1339 = LINE('',#1340,#1341);
#1340 = CARTESIAN_POINT('',(-0.292050072321,2.239999936912,
    1.702997236379));
#1341 = VECTOR('',#1342,1.);
#1342 = DIRECTION('',(0.,0.,1.));
#1343 = ORIENTED_EDGE('',*,*,#1344,.F.);
#1344 = EDGE_CURVE('',#1345,#1337,#1347,.T.);
#1345 = VERTEX_POINT('',#1346);
#1346 = CARTESIAN_POINT('',(-0.244949040033,2.23999993717,1.688960504903
    ));
#1347 = LINE('',#1348,#1349);
#1348 = CARTESIAN_POINT('',(-0.292050072321,2.239999936912,
    1.688960504903));
#1349 = VECTOR('',#1350,1.);
#1350 = DIRECTION('',(-1.,0.,4.603729852227E-15));
#1351 = ORIENTED_EDGE('',*,*,#1352,.F.);
#1352 = EDGE_CURVE('',#1353,#1345,#1355,.T.);
#1353 = VERTEX_POINT('',#1354);
#1354 = CARTESIAN_POINT('',(-0.244949040033,2.23999993717,1.649907198661
    ));
#1355 = LINE('',#1356,#1357);
#1356 = CARTESIAN_POINT('',(-0.244949040033,2.239999936912,
    1.688960504903));
#1357 = VECTOR('',#1358,1.);
#1358 = DIRECTION('',(2.776210893285E-15,0.,1.));
#1359 = ORIENTED_EDGE('',*,*,#1360,.F.);
#1360 = EDGE_CURVE('',#1361,#1353,#1363,.T.);
#1361 = VERTEX_POINT('',#1362);
#1362 = CARTESIAN_POINT('',(-0.288587678557,2.23999993717,1.649907198661
    ));
#1363 = LINE('',#1364,#1365);
#1364 = CARTESIAN_POINT('',(-0.244949040033,2.239999936912,
    1.649907198661));
#1365 = VECTOR('',#1366,1.);
#1366 = DIRECTION('',(1.,0.,0.));
#1367 = ORIENTED_EDGE('',*,*,#1368,.F.);
#1368 = EDGE_CURVE('',#1369,#1361,#1371,.T.);
#1369 = VERTEX_POINT('',#1370);
#1370 = CARTESIAN_POINT('',(-0.288587678557,2.23999993717,1.635932852657
    ));
#1371 = LINE('',#1372,#1373);
#1372 = CARTESIAN_POINT('',(-0.288587678557,2.239999936912,
    1.649907198661));
#1373 = VECTOR('',#1374,1.);
#1374 = DIRECTION('',(0.,0.,1.));
#1375 = ORIENTED_EDGE('',*,*,#1376,.F.);
#1376 = EDGE_CURVE('',#1377,#1369,#1379,.T.);
#1377 = VERTEX_POINT('',#1378);
#1378 = CARTESIAN_POINT('',(-0.244949040033,2.23999993717,1.635932852657
    ));
#1379 = LINE('',#1380,#1381);
#1380 = CARTESIAN_POINT('',(-0.288587678557,2.239999936912,
    1.635932852657));
#1381 = VECTOR('',#1382,1.);
#1382 = DIRECTION('',(-1.,0.,4.969000769762E-15));
#1383 = ORIENTED_EDGE('',*,*,#1384,.F.);
#1384 = EDGE_CURVE('',#1385,#1377,#1387,.T.);
#1385 = VERTEX_POINT('',#1386);
#1386 = CARTESIAN_POINT('',(-0.244949040033,2.23999993717,1.594883211273
    ));
#1387 = LINE('',#1388,#1389);
#1388 = CARTESIAN_POINT('',(-0.244949040033,2.239999936912,
    1.635932852657));
#1389 = VECTOR('',#1390,1.);
#1390 = DIRECTION('',(5.282395195207E-15,0.,1.));
#1391 = ORIENTED_EDGE('',*,*,#1392,.F.);
#1392 = EDGE_CURVE('',#1305,#1385,#1393,.T.);
#1393 = LINE('',#1394,#1395);
#1394 = CARTESIAN_POINT('',(-0.244949040033,2.239999936912,
    1.594883211273));
#1395 = VECTOR('',#1396,1.);
#1396 = DIRECTION('',(1.,0.,-4.347487227578E-15));
#1397 = FACE_BOUND('',#1398,.T.);
#1398 = EDGE_LOOP('',(#1399,#1409,#1417,#1425,#1434,#1443,#1452));
#1399 = ORIENTED_EDGE('',*,*,#1400,.F.);
#1400 = EDGE_CURVE('',#1401,#1403,#1405,.T.);
#1401 = VERTEX_POINT('',#1402);
#1402 = CARTESIAN_POINT('',(-0.317877658238,2.239999936912,
    1.580971250743));
#1403 = VERTEX_POINT('',#1404);
#1404 = CARTESIAN_POINT('',(-0.351441042836,2.23999993717,1.580971250743
    ));
#1405 = LINE('',#1406,#1407);
#1406 = CARTESIAN_POINT('',(-0.351441042836,2.239999936912,
    1.580971250743));
#1407 = VECTOR('',#1408,1.);
#1408 = DIRECTION('',(-1.,-0.,-0.));
#1409 = ORIENTED_EDGE('',*,*,#1410,.F.);
#1410 = EDGE_CURVE('',#1411,#1401,#1413,.T.);
#1411 = VERTEX_POINT('',#1412);
#1412 = CARTESIAN_POINT('',(-0.317877658238,2.23999993717,1.702997236379
    ));
#1413 = LINE('',#1414,#1415);
#1414 = CARTESIAN_POINT('',(-0.317877658238,2.239999936912,
    1.580971250743));
#1415 = VECTOR('',#1416,1.);
#1416 = DIRECTION('',(-3.554004129278E-15,-0.,-1.));
#1417 = ORIENTED_EDGE('',*,*,#1418,.F.);
#1418 = EDGE_CURVE('',#1419,#1411,#1421,.T.);
#1419 = VERTEX_POINT('',#1420);
#1420 = CARTESIAN_POINT('',(-0.3526887523,2.23999993717,1.702997236379)
  );
#1421 = LINE('',#1422,#1423);
#1422 = CARTESIAN_POINT('',(-0.317877658238,2.239999936912,
    1.702997236379));
#1423 = VECTOR('',#1424,1.);
#1424 = DIRECTION('',(1.,0.,0.));
#1425 = ORIENTED_EDGE('',*,*,#1426,.F.);
#1426 = EDGE_CURVE('',#1427,#1419,#1429,.T.);
#1427 = VERTEX_POINT('',#1428);
#1428 = CARTESIAN_POINT('',(-0.398822809753,2.23999993717,1.686839398813
    ));
#1429 = B_SPLINE_CURVE_WITH_KNOTS('',3,(#1430,#1431,#1432,#1433),
  .UNSPECIFIED.,.F.,.F.,(4,4),(2.,3.),.PIECEWISE_BEZIER_KNOTS.);
#1430 = CARTESIAN_POINT('',(-0.398822809753,2.23999993717,1.686839398813
    ));
#1431 = CARTESIAN_POINT('',(-0.386564064263,2.239999936912,
    1.697632085681));
#1432 = CARTESIAN_POINT('',(-0.371186045113,2.239999936912,
    1.702997236379));
#1433 = CARTESIAN_POINT('',(-0.3526887523,2.23999993717,1.702997236379)
  );
#1434 = ORIENTED_EDGE('',*,*,#1435,.F.);
#1435 = EDGE_CURVE('',#1436,#1427,#1438,.T.);
#1436 = VERTEX_POINT('',#1437);
#1437 = CARTESIAN_POINT('',(-0.417226524356,2.23999993717,1.643543880392
    ));
#1438 = B_SPLINE_CURVE_WITH_KNOTS('',3,(#1439,#1440,#1441,#1442),
  .UNSPECIFIED.,.F.,.F.,(4,4),(3.,4.),.PIECEWISE_BEZIER_KNOTS.);
#1439 = CARTESIAN_POINT('',(-0.417226524356,2.23999993717,1.643543880392
    ));
#1440 = CARTESIAN_POINT('',(-0.417226524356,2.239999936912,
    1.661635667628));
#1441 = CARTESIAN_POINT('',(-0.411081555243,2.239999936912,
    1.676046711944));
#1442 = CARTESIAN_POINT('',(-0.398822809753,2.23999993717,1.686839398813
    ));
#1443 = ORIENTED_EDGE('',*,*,#1444,.F.);
#1444 = EDGE_CURVE('',#1445,#1436,#1447,.T.);
#1445 = VERTEX_POINT('',#1446);
#1446 = CARTESIAN_POINT('',(-0.398822809753,2.23999993717,1.598064870407
    ));
#1447 = B_SPLINE_CURVE_WITH_KNOTS('',3,(#1448,#1449,#1450,#1451),
  .UNSPECIFIED.,.F.,.F.,(4,4),(4.,5.),.PIECEWISE_BEZIER_KNOTS.);
#1448 = CARTESIAN_POINT('',(-0.398822809753,2.23999993717,1.598064870407
    ));
#1449 = CARTESIAN_POINT('',(-0.411081555243,2.239999936912,
    1.609481412008));
#1450 = CARTESIAN_POINT('',(-0.417226524356,2.239999936912,
    1.624641082003));
#1451 = CARTESIAN_POINT('',(-0.417226524356,2.23999993717,1.643543880392
    ));
#1452 = ORIENTED_EDGE('',*,*,#1453,.F.);
#1453 = EDGE_CURVE('',#1403,#1445,#1454,.T.);
#1454 = B_SPLINE_CURVE_WITH_KNOTS('',3,(#1455,#1456,#1457,#1458),
  .UNSPECIFIED.,.F.,.F.,(4,4),(5.,6.),.PIECEWISE_BEZIER_KNOTS.);
#1455 = CARTESIAN_POINT('',(-0.351441042836,2.23999993717,1.580971250743
    ));
#1456 = CARTESIAN_POINT('',(-0.3707493468,2.239999936912,1.580971250743)
  );
#1457 = CARTESIAN_POINT('',(-0.386564064263,2.239999936912,
    1.586648328807));
#1458 = CARTESIAN_POINT('',(-0.398822809753,2.23999993717,1.598064870407
    ));
#1459 = FACE_BOUND('',#1460,.T.);
#1460 = EDGE_LOOP('',(#1461,#1471,#1479,#1487,#1495,#1503,#1511,#1519));
#1461 = ORIENTED_EDGE('',*,*,#1462,.F.);
#1462 = EDGE_CURVE('',#1463,#1465,#1467,.T.);
#1463 = VERTEX_POINT('',#1464);
#1464 = CARTESIAN_POINT('',(-0.533793781085,2.239999936912,
    1.580971250743));
#1465 = VERTEX_POINT('',#1466);
#1466 = CARTESIAN_POINT('',(-0.487316603529,2.23999993717,1.702997236379
    ));
#1467 = LINE('',#1468,#1469);
#1468 = CARTESIAN_POINT('',(-0.487316603529,2.239999936912,
    1.702997236379));
#1469 = VECTOR('',#1470,1.);
#1470 = DIRECTION('',(0.35593572437,0.,0.934510438742));
#1471 = ORIENTED_EDGE('',*,*,#1472,.F.);
#1472 = EDGE_CURVE('',#1473,#1463,#1475,.T.);
#1473 = VERTEX_POINT('',#1474);
#1474 = CARTESIAN_POINT('',(-0.516388234053,2.23999993717,1.580971250743
    ));
#1475 = LINE('',#1476,#1477);
#1476 = CARTESIAN_POINT('',(-0.533793781085,2.239999936912,
    1.580971250743));
#1477 = VECTOR('',#1478,1.);
#1478 = DIRECTION('',(-1.,-0.,-0.));
#1479 = ORIENTED_EDGE('',*,*,#1480,.F.);
#1480 = EDGE_CURVE('',#1481,#1473,#1483,.T.);
#1481 = VERTEX_POINT('',#1482);
#1482 = CARTESIAN_POINT('',(-0.503942332144,2.23999993717,1.614347478921
    ));
#1483 = LINE('',#1484,#1485);
#1484 = CARTESIAN_POINT('',(-0.516388234053,2.239999936912,
    1.580971250743));
#1485 = VECTOR('',#1486,1.);
#1486 = DIRECTION('',(-0.349395479469,-0.,-0.936975345954));
#1487 = ORIENTED_EDGE('',*,*,#1488,.F.);
#1488 = EDGE_CURVE('',#1489,#1481,#1491,.T.);
#1489 = VERTEX_POINT('',#1490);
#1490 = CARTESIAN_POINT('',(-0.453129364199,2.23999993717,1.614347478921
    ));
#1491 = LINE('',#1492,#1493);
#1492 = CARTESIAN_POINT('',(-0.503942332144,2.239999936912,
    1.614347478921));
#1493 = VECTOR('',#1494,1.);
#1494 = DIRECTION('',(-1.,0.,4.267423006026E-15));
#1495 = ORIENTED_EDGE('',*,*,#1496,.F.);
#1496 = EDGE_CURVE('',#1497,#1489,#1499,.T.);
#1497 = VERTEX_POINT('',#1498);
#1498 = CARTESIAN_POINT('',(-0.441400895232,2.23999993717,1.580971250743
    ));
#1499 = LINE('',#1500,#1501);
#1500 = CARTESIAN_POINT('',(-0.453129364199,2.239999936912,
    1.614347478921));
#1501 = VECTOR('',#1502,1.);
#1502 = DIRECTION('',(-0.33152841835,0.,0.943445233082));
#1503 = ORIENTED_EDGE('',*,*,#1504,.F.);
#1504 = EDGE_CURVE('',#1505,#1497,#1507,.T.);
#1505 = VERTEX_POINT('',#1506);
#1506 = CARTESIAN_POINT('',(-0.423995348202,2.23999993717,1.580971250743
    ));
#1507 = LINE('',#1508,#1509);
#1508 = CARTESIAN_POINT('',(-0.441400895232,2.239999936912,
    1.580971250743));
#1509 = VECTOR('',#1510,1.);
#1510 = DIRECTION('',(-1.,-0.,-0.));
#1511 = ORIENTED_EDGE('',*,*,#1512,.F.);
#1512 = EDGE_CURVE('',#1513,#1505,#1515,.T.);
#1513 = VERTEX_POINT('',#1514);
#1514 = CARTESIAN_POINT('',(-0.470472525757,2.23999993717,1.702997236379
    ));
#1515 = LINE('',#1516,#1517);
#1516 = CARTESIAN_POINT('',(-0.423995348202,2.239999936912,
    1.580971250743));
#1517 = VECTOR('',#1518,1.);
#1518 = DIRECTION('',(0.355935724364,0.,-0.934510438744));
#1519 = ORIENTED_EDGE('',*,*,#1520,.F.);
#1520 = EDGE_CURVE('',#1465,#1513,#1521,.T.);
#1521 = LINE('',#1522,#1523);
#1522 = CARTESIAN_POINT('',(-0.470472525757,2.239999936912,
    1.702997236379));
#1523 = VECTOR('',#1524,1.);
#1524 = DIRECTION('',(1.,0.,0.));
#1525 = FACE_BOUND('',#1526,.T.);
#1526 = EDGE_LOOP('',(#1527,#1538,#1547,#1556,#1565,#1574,#1583,#1592,
    #1601,#1610,#1618,#1627,#1636,#1645,#1654,#1663,#1672,#1681,#1690,
    #1699,#1708));
#1527 = ORIENTED_EDGE('',*,*,#1528,.F.);
#1528 = EDGE_CURVE('',#1529,#1531,#1533,.T.);
#1529 = VERTEX_POINT('',#1530);
#1530 = CARTESIAN_POINT('',(-0.240207744068,2.239999936912,
    1.397807501342));
#1531 = VERTEX_POINT('',#1532);
#1532 = CARTESIAN_POINT('',(-0.215066398357,2.23999993717,1.406229540227
    ));
#1533 = B_SPLINE_CURVE_WITH_KNOTS('',3,(#1534,#1535,#1536,#1537),
  .UNSPECIFIED.,.F.,.F.,(4,4),(0.,1.),.PIECEWISE_BEZIER_KNOTS.);
#1534 = CARTESIAN_POINT('',(-0.240207744068,2.239999936912,
    1.397807501342));
#1535 = CARTESIAN_POINT('',(-0.231224235923,2.239999936912,
    1.397807501342));
#1536 = CARTESIAN_POINT('',(-0.22286458251,2.239999936912,1.400614847637
    ));
#1537 = CARTESIAN_POINT('',(-0.215066398357,2.23999993717,1.406229540227
    ));
#1538 = ORIENTED_EDGE('',*,*,#1539,.F.);
#1539 = EDGE_CURVE('',#1540,#1529,#1542,.T.);
#1540 = VERTEX_POINT('',#1541);
#1541 = CARTESIAN_POINT('',(-0.258237145831,2.23999993717,1.409598355782
    ));
#1542 = B_SPLINE_CURVE_WITH_KNOTS('',3,(#1543,#1544,#1545,#1546),
  .UNSPECIFIED.,.F.,.F.,(4,4),(1.,2.),.PIECEWISE_BEZIER_KNOTS.);
#1543 = CARTESIAN_POINT('',(-0.258237145831,2.23999993717,1.409598355782
    ));
#1544 = CARTESIAN_POINT('',(-0.258237145831,2.239999936912,
    1.401737786155));
#1545 = CARTESIAN_POINT('',(-0.252216947665,2.239999936912,
    1.397807501342));
#1546 = CARTESIAN_POINT('',(-0.240207744068,2.239999936912,
    1.397807501342));
#1547 = ORIENTED_EDGE('',*,*,#1548,.F.);
#1548 = EDGE_CURVE('',#1549,#1540,#1551,.T.);
#1549 = VERTEX_POINT('',#1550);
#1550 = CARTESIAN_POINT('',(-0.254306861017,2.23999993717,1.417895623721
    ));
#1551 = B_SPLINE_CURVE_WITH_KNOTS('',3,(#1552,#1553,#1554,#1555),
  .UNSPECIFIED.,.F.,.F.,(4,4),(2.,3.),.PIECEWISE_BEZIER_KNOTS.);
#1552 = CARTESIAN_POINT('',(-0.254306861017,2.23999993717,1.417895623721
    ));
#1553 = CARTESIAN_POINT('',(-0.256927050893,2.239999936912,
    1.415712132158));
#1554 = CARTESIAN_POINT('',(-0.258237145831,2.239999936912,
    1.412967171337));
#1555 = CARTESIAN_POINT('',(-0.258237145831,2.23999993717,1.409598355782
    ));
#1556 = ORIENTED_EDGE('',*,*,#1557,.F.);
#1557 = EDGE_CURVE('',#1558,#1549,#1560,.T.);
#1558 = VERTEX_POINT('',#1559);
#1559 = CARTESIAN_POINT('',(-0.238304987135,2.23999993717,1.425693807875
    ));
#1560 = B_SPLINE_CURVE_WITH_KNOTS('',3,(#1561,#1562,#1563,#1564),
  .UNSPECIFIED.,.F.,.F.,(4,4),(3.,4.),.PIECEWISE_BEZIER_KNOTS.);
#1561 = CARTESIAN_POINT('',(-0.238304987135,2.23999993717,1.425693807875
    ));
#1562 = CARTESIAN_POINT('',(-0.246352713181,2.239999936912,1.42269930516
    ));
#1563 = CARTESIAN_POINT('',(-0.251686671142,2.239999936912,
    1.420079115284));
#1564 = CARTESIAN_POINT('',(-0.254306861017,2.23999993717,1.417895623721
    ));
#1565 = ORIENTED_EDGE('',*,*,#1566,.F.);
#1566 = EDGE_CURVE('',#1567,#1558,#1569,.T.);
#1567 = VERTEX_POINT('',#1568);
#1568 = CARTESIAN_POINT('',(-0.219495766956,2.23999993717,1.437235120423
    ));
#1569 = B_SPLINE_CURVE_WITH_KNOTS('',3,(#1570,#1571,#1572,#1573),
  .UNSPECIFIED.,.F.,.F.,(4,4),(4.,5.),.PIECEWISE_BEZIER_KNOTS.);
#1570 = CARTESIAN_POINT('',(-0.219495766956,2.23999993717,1.437235120423
    ));
#1571 = CARTESIAN_POINT('',(-0.222365498724,2.239999936912,
    1.433429606556));
#1572 = CARTESIAN_POINT('',(-0.22866643152,2.239999936912,1.429561707215
    ));
#1573 = CARTESIAN_POINT('',(-0.238304987135,2.23999993717,1.425693807875
    ));
#1574 = ORIENTED_EDGE('',*,*,#1575,.F.);
#1575 = EDGE_CURVE('',#1576,#1567,#1578,.T.);
#1576 = VERTEX_POINT('',#1577);
#1577 = CARTESIAN_POINT('',(-0.215159976566,2.23999993717,1.451022310007
    ));
#1578 = B_SPLINE_CURVE_WITH_KNOTS('',3,(#1579,#1580,#1581,#1582),
  .UNSPECIFIED.,.F.,.F.,(4,4),(5.,6.),.PIECEWISE_BEZIER_KNOTS.);
#1579 = CARTESIAN_POINT('',(-0.215159976566,2.23999993717,1.451022310007
    ));
#1580 = CARTESIAN_POINT('',(-0.215159976566,2.239999936912,
    1.445657159308));
#1581 = CARTESIAN_POINT('',(-0.216594842451,2.239999936912,1.44104063429
    ));
#1582 = CARTESIAN_POINT('',(-0.219495766956,2.23999993717,1.437235120423
    ));
#1583 = ORIENTED_EDGE('',*,*,#1584,.F.);
#1584 = EDGE_CURVE('',#1585,#1576,#1587,.T.);
#1585 = VERTEX_POINT('',#1586);
#1586 = CARTESIAN_POINT('',(-0.224954495863,2.23999993717,1.469613181028
    ));
#1587 = B_SPLINE_CURVE_WITH_KNOTS('',3,(#1588,#1589,#1590,#1591),
  .UNSPECIFIED.,.F.,.F.,(4,4),(6.,7.),.PIECEWISE_BEZIER_KNOTS.);
#1588 = CARTESIAN_POINT('',(-0.224954495863,2.23999993717,1.469613181028
    ));
#1589 = CARTESIAN_POINT('',(-0.218435213911,2.239999936912,
    1.464934270537));
#1590 = CARTESIAN_POINT('',(-0.215159976566,2.239999936912,
    1.458758108686));
#1591 = CARTESIAN_POINT('',(-0.215159976566,2.23999993717,1.451022310007
    ));
#1592 = ORIENTED_EDGE('',*,*,#1593,.F.);
#1593 = EDGE_CURVE('',#1594,#1585,#1596,.T.);
#1594 = VERTEX_POINT('',#1595);
#1595 = CARTESIAN_POINT('',(-0.249097674003,2.23999993717,1.476537968557
    ));
#1596 = B_SPLINE_CURVE_WITH_KNOTS('',3,(#1597,#1598,#1599,#1600),
  .UNSPECIFIED.,.F.,.F.,(4,4),(7.,8.),.PIECEWISE_BEZIER_KNOTS.);
#1597 = CARTESIAN_POINT('',(-0.249097674003,2.23999993717,1.476537968557
    ));
#1598 = CARTESIAN_POINT('',(-0.239552696599,2.239999936912,
    1.476537968557));
#1599 = CARTESIAN_POINT('',(-0.231504970552,2.239999936912,
    1.474229706048));
#1600 = CARTESIAN_POINT('',(-0.224954495863,2.23999993717,1.469613181028
    ));
#1601 = ORIENTED_EDGE('',*,*,#1602,.F.);
#1602 = EDGE_CURVE('',#1603,#1594,#1605,.T.);
#1603 = VERTEX_POINT('',#1604);
#1604 = CARTESIAN_POINT('',(-0.269747265642,2.23999993717,1.472670069217
    ));
#1605 = B_SPLINE_CURVE_WITH_KNOTS('',3,(#1606,#1607,#1608,#1609),
  .UNSPECIFIED.,.F.,.F.,(4,4),(8.,9.),.PIECEWISE_BEZIER_KNOTS.);
#1606 = CARTESIAN_POINT('',(-0.269747265642,2.23999993717,1.472670069217
    ));
#1607 = CARTESIAN_POINT('',(-0.263383947372,2.239999936912,
    1.475290259092));
#1608 = CARTESIAN_POINT('',(-0.256521545317,2.239999936912,
    1.476537968557));
#1609 = CARTESIAN_POINT('',(-0.249097674003,2.23999993717,1.476537968557
    ));
#1610 = ORIENTED_EDGE('',*,*,#1611,.F.);
#1611 = EDGE_CURVE('',#1612,#1603,#1614,.T.);
#1612 = VERTEX_POINT('',#1613);
#1613 = CARTESIAN_POINT('',(-0.269747265642,2.23999993717,1.457822326588
    ));
#1614 = LINE('',#1615,#1616);
#1615 = CARTESIAN_POINT('',(-0.269747265642,2.239999936912,
    1.472670069217));
#1616 = VECTOR('',#1617,1.);
#1617 = DIRECTION('',(0.,0.,1.));
#1618 = ORIENTED_EDGE('',*,*,#1619,.F.);
#1619 = EDGE_CURVE('',#1620,#1612,#1622,.T.);
#1620 = VERTEX_POINT('',#1621);
#1621 = CARTESIAN_POINT('',(-0.247600422645,2.23999993717,1.464123259385
    ));
#1622 = B_SPLINE_CURVE_WITH_KNOTS('',3,(#1623,#1624,#1625,#1626),
  .UNSPECIFIED.,.F.,.F.,(4,4),(10.,11.),.PIECEWISE_BEZIER_KNOTS.);
#1623 = CARTESIAN_POINT('',(-0.247600422645,2.23999993717,1.464123259385
    ));
#1624 = CARTESIAN_POINT('',(-0.255866497848,2.239999936912,
    1.464123259385));
#1625 = CARTESIAN_POINT('',(-0.263227983689,2.239999936912,
    1.462002153295));
#1626 = CARTESIAN_POINT('',(-0.269747265642,2.23999993717,1.457822326588
    ));
#1627 = ORIENTED_EDGE('',*,*,#1628,.F.);
#1628 = EDGE_CURVE('',#1629,#1620,#1631,.T.);
#1629 = VERTEX_POINT('',#1630);
#1630 = CARTESIAN_POINT('',(-0.235560026312,2.23999993717,1.460879214776
    ));
#1631 = B_SPLINE_CURVE_WITH_KNOTS('',3,(#1632,#1633,#1634,#1635),
  .UNSPECIFIED.,.F.,.F.,(4,4),(11.,12.),.PIECEWISE_BEZIER_KNOTS.);
#1632 = CARTESIAN_POINT('',(-0.235560026312,2.23999993717,1.460879214776
    ));
#1633 = CARTESIAN_POINT('',(-0.238648107237,2.239999936912,
    1.463062706339));
#1634 = CARTESIAN_POINT('',(-0.242671970261,2.239999936912,
    1.464123259385));
#1635 = CARTESIAN_POINT('',(-0.247600422645,2.23999993717,1.464123259385
    ));
#1636 = ORIENTED_EDGE('',*,*,#1637,.F.);
#1637 = EDGE_CURVE('',#1638,#1629,#1640,.T.);
#1638 = VERTEX_POINT('',#1639);
#1639 = CARTESIAN_POINT('',(-0.230912308557,2.23999993717,1.452394790418
    ));
#1640 = B_SPLINE_CURVE_WITH_KNOTS('',3,(#1641,#1642,#1643,#1644),
  .UNSPECIFIED.,.F.,.F.,(4,4),(12.,13.),.PIECEWISE_BEZIER_KNOTS.);
#1641 = CARTESIAN_POINT('',(-0.230912308557,2.23999993717,1.452394790418
    ));
#1642 = CARTESIAN_POINT('',(-0.230912308557,2.239999936912,
    1.455888376918));
#1643 = CARTESIAN_POINT('',(-0.232471945388,2.239999936912,
    1.458758108686));
#1644 = CARTESIAN_POINT('',(-0.235560026312,2.23999993717,1.460879214776
    ));
#1645 = ORIENTED_EDGE('',*,*,#1646,.F.);
#1646 = EDGE_CURVE('',#1647,#1638,#1649,.T.);
#1647 = VERTEX_POINT('',#1648);
#1648 = CARTESIAN_POINT('',(-0.234249931374,2.23999993717,1.444284678898
    ));
#1649 = B_SPLINE_CURVE_WITH_KNOTS('',3,(#1650,#1651,#1652,#1653),
  .UNSPECIFIED.,.F.,.F.,(4,4),(13.,14.),.PIECEWISE_BEZIER_KNOTS.);
#1650 = CARTESIAN_POINT('',(-0.234249931374,2.23999993717,1.444284678898
    ));
#1651 = CARTESIAN_POINT('',(-0.232035247075,2.239999936912,
    1.446218628568));
#1652 = CARTESIAN_POINT('',(-0.230912308557,2.239999936912,
    1.448901203917));
#1653 = CARTESIAN_POINT('',(-0.230912308557,2.23999993717,1.452394790418
    ));
#1654 = ORIENTED_EDGE('',*,*,#1655,.F.);
#1655 = EDGE_CURVE('',#1656,#1647,#1658,.T.);
#1656 = VERTEX_POINT('',#1657);
#1657 = CARTESIAN_POINT('',(-0.249097674003,2.23999993717,1.43679842211)
  );
#1658 = B_SPLINE_CURVE_WITH_KNOTS('',3,(#1659,#1660,#1661,#1662),
  .UNSPECIFIED.,.F.,.F.,(4,4),(14.,15.),.PIECEWISE_BEZIER_KNOTS.);
#1659 = CARTESIAN_POINT('',(-0.249097674003,2.23999993717,1.43679842211)
  );
#1660 = CARTESIAN_POINT('',(-0.241424260796,2.239999936912,
    1.439792924825));
#1661 = CARTESIAN_POINT('',(-0.236495808411,2.239999936912,
    1.442288343754));
#1662 = CARTESIAN_POINT('',(-0.234249931374,2.23999993717,1.444284678898
    ));
#1663 = ORIENTED_EDGE('',*,*,#1664,.F.);
#1664 = EDGE_CURVE('',#1665,#1656,#1667,.T.);
#1665 = VERTEX_POINT('',#1666);
#1666 = CARTESIAN_POINT('',(-0.268811483543,2.23999993717,1.425506651456
    ));
#1667 = B_SPLINE_CURVE_WITH_KNOTS('',3,(#1668,#1669,#1670,#1671),
  .UNSPECIFIED.,.F.,.F.,(4,4),(15.,16.),.PIECEWISE_BEZIER_KNOTS.);
#1668 = CARTESIAN_POINT('',(-0.268811483543,2.23999993717,1.425506651456
    ));
#1669 = CARTESIAN_POINT('',(-0.265380282516,2.239999936912,
    1.429374550796));
#1670 = CARTESIAN_POINT('',(-0.258829807827,2.239999936912,
    1.433180064663));
#1671 = CARTESIAN_POINT('',(-0.249097674003,2.23999993717,1.43679842211)
  );
#1672 = ORIENTED_EDGE('',*,*,#1673,.F.);
#1673 = EDGE_CURVE('',#1674,#1665,#1676,.T.);
#1674 = VERTEX_POINT('',#1675);
#1675 = CARTESIAN_POINT('',(-0.273927092348,2.23999993717,1.41109560714)
  );
#1676 = B_SPLINE_CURVE_WITH_KNOTS('',3,(#1677,#1678,#1679,#1680),
  .UNSPECIFIED.,.F.,.F.,(4,4),(16.,17.),.PIECEWISE_BEZIER_KNOTS.);
#1677 = CARTESIAN_POINT('',(-0.273927092348,2.23999993717,1.41109560714)
  );
#1678 = CARTESIAN_POINT('',(-0.273927092348,2.239999936912,
    1.416835070677));
#1679 = CARTESIAN_POINT('',(-0.272211491834,2.239999936912,
    1.421638752116));
#1680 = CARTESIAN_POINT('',(-0.268811483543,2.23999993717,1.425506651456
    ));
#1681 = ORIENTED_EDGE('',*,*,#1682,.F.);
#1682 = EDGE_CURVE('',#1683,#1674,#1685,.T.);
#1683 = VERTEX_POINT('',#1684);
#1684 = CARTESIAN_POINT('',(-0.264101380314,2.23999993717,1.392255194224
    ));
#1685 = B_SPLINE_CURVE_WITH_KNOTS('',3,(#1686,#1687,#1688,#1689),
  .UNSPECIFIED.,.F.,.F.,(4,4),(17.,18.),.PIECEWISE_BEZIER_KNOTS.);
#1686 = CARTESIAN_POINT('',(-0.264101380314,2.23999993717,1.392255194224
    ));
#1687 = CARTESIAN_POINT('',(-0.270651855004,2.239999936912,
    1.396809333771));
#1688 = CARTESIAN_POINT('',(-0.273927092348,2.239999936912,
    1.403110266566));
#1689 = CARTESIAN_POINT('',(-0.273927092348,2.23999993717,1.41109560714)
  );
#1690 = ORIENTED_EDGE('',*,*,#1691,.F.);
#1691 = EDGE_CURVE('',#1692,#1683,#1694,.T.);
#1692 = VERTEX_POINT('',#1693);
#1693 = CARTESIAN_POINT('',(-0.23871049271,2.23999993717,1.385330406696)
  );
#1694 = B_SPLINE_CURVE_WITH_KNOTS('',3,(#1695,#1696,#1697,#1698),
  .UNSPECIFIED.,.F.,.F.,(4,4),(18.,19.),.PIECEWISE_BEZIER_KNOTS.);
#1695 = CARTESIAN_POINT('',(-0.23871049271,2.23999993717,1.385330406696)
  );
#1696 = CARTESIAN_POINT('',(-0.249097674003,2.239999936912,
    1.385330406696));
#1697 = CARTESIAN_POINT('',(-0.257582098362,2.239999936912,
    1.387638669206));
#1698 = CARTESIAN_POINT('',(-0.264101380314,2.23999993717,1.392255194224
    ));
#1699 = ORIENTED_EDGE('',*,*,#1700,.F.);
#1700 = EDGE_CURVE('',#1701,#1692,#1703,.T.);
#1701 = VERTEX_POINT('',#1702);
#1702 = CARTESIAN_POINT('',(-0.215066398357,2.23999993717,1.390446015501
    ));
#1703 = B_SPLINE_CURVE_WITH_KNOTS('',3,(#1704,#1705,#1706,#1707),
  .UNSPECIFIED.,.F.,.F.,(4,4),(19.,20.),.PIECEWISE_BEZIER_KNOTS.);
#1704 = CARTESIAN_POINT('',(-0.215066398357,2.23999993717,1.390446015501
    ));
#1705 = CARTESIAN_POINT('',(-0.221804029465,2.239999936912,
    1.387077199946));
#1706 = CARTESIAN_POINT('',(-0.229664599092,2.239999936912,
    1.385330406696));
#1707 = CARTESIAN_POINT('',(-0.23871049271,2.23999993717,1.385330406696)
  );
#1708 = ORIENTED_EDGE('',*,*,#1709,.F.);
#1709 = EDGE_CURVE('',#1531,#1701,#1710,.T.);
#1710 = LINE('',#1711,#1712);
#1711 = CARTESIAN_POINT('',(-0.215066398357,2.239999936912,
    1.390446015501));
#1712 = VECTOR('',#1713,1.);
#1713 = DIRECTION('',(-0.,-0.,-1.));
#1714 = FACE_BOUND('',#1715,.T.);
#1715 = EDGE_LOOP('',(#1716,#1726,#1734,#1742,#1750,#1758,#1766,#1774,
    #1782,#1790,#1798,#1806));
#1716 = ORIENTED_EDGE('',*,*,#1717,.F.);
#1717 = EDGE_CURVE('',#1718,#1720,#1722,.T.);
#1718 = VERTEX_POINT('',#1719);
#1719 = CARTESIAN_POINT('',(-0.447639442555,2.239999936912,
    1.387389127313));
#1720 = VERTEX_POINT('',#1721);
#1721 = CARTESIAN_POINT('',(-0.447639442555,2.23999993717,1.401301087843
    ));
#1722 = LINE('',#1723,#1724);
#1723 = CARTESIAN_POINT('',(-0.447639442555,2.239999936912,
    1.401301087843));
#1724 = VECTOR('',#1725,1.);
#1725 = DIRECTION('',(0.,0.,1.));
#1726 = ORIENTED_EDGE('',*,*,#1727,.F.);
#1727 = EDGE_CURVE('',#1728,#1718,#1730,.T.);
#1728 = VERTEX_POINT('',#1729);
#1729 = CARTESIAN_POINT('',(-0.382009924718,2.23999993717,1.387389127313
    ));
#1730 = LINE('',#1731,#1732);
#1731 = CARTESIAN_POINT('',(-0.447639442555,2.239999936912,
    1.387389127313));
#1732 = VECTOR('',#1733,1.);
#1733 = DIRECTION('',(-1.,0.,6.608015282178E-15));
#1734 = ORIENTED_EDGE('',*,*,#1735,.F.);
#1735 = EDGE_CURVE('',#1736,#1728,#1738,.T.);
#1736 = VERTEX_POINT('',#1737);
#1737 = CARTESIAN_POINT('',(-0.382009924718,2.23999993717,1.509415112949
    ));
#1738 = LINE('',#1739,#1740);
#1739 = CARTESIAN_POINT('',(-0.382009924718,2.239999936912,
    1.387389127313));
#1740 = VECTOR('',#1741,1.);
#1741 = DIRECTION('',(-3.554004129278E-15,-0.,-1.));
#1742 = ORIENTED_EDGE('',*,*,#1743,.F.);
#1743 = EDGE_CURVE('',#1744,#1736,#1746,.T.);
#1744 = VERTEX_POINT('',#1745);
#1745 = CARTESIAN_POINT('',(-0.444863288996,2.23999993717,1.509415112949
    ));
#1746 = LINE('',#1747,#1748);
#1747 = CARTESIAN_POINT('',(-0.382009924718,2.239999936912,
    1.509415112949));
#1748 = VECTOR('',#1749,1.);
#1749 = DIRECTION('',(1.,0.,-3.449941477355E-15));
#1750 = ORIENTED_EDGE('',*,*,#1751,.F.);
#1751 = EDGE_CURVE('',#1752,#1744,#1754,.T.);
#1752 = VERTEX_POINT('',#1753);
#1753 = CARTESIAN_POINT('',(-0.444863288996,2.23999993717,1.495378381473
    ));
#1754 = LINE('',#1755,#1756);
#1755 = CARTESIAN_POINT('',(-0.444863288996,2.239999936912,
    1.509415112949));
#1756 = VECTOR('',#1757,1.);
#1757 = DIRECTION('',(0.,0.,1.));
#1758 = ORIENTED_EDGE('',*,*,#1759,.F.);
#1759 = EDGE_CURVE('',#1760,#1752,#1762,.T.);
#1760 = VERTEX_POINT('',#1761);
#1761 = CARTESIAN_POINT('',(-0.397762256709,2.23999993717,1.495378381473
    ));
#1762 = LINE('',#1763,#1764);
#1763 = CARTESIAN_POINT('',(-0.444863288996,2.239999936912,
    1.495378381473));
#1764 = VECTOR('',#1765,1.);
#1765 = DIRECTION('',(-1.,0.,4.603729852268E-15));
#1766 = ORIENTED_EDGE('',*,*,#1767,.F.);
#1767 = EDGE_CURVE('',#1768,#1760,#1770,.T.);
#1768 = VERTEX_POINT('',#1769);
#1769 = CARTESIAN_POINT('',(-0.397762256709,2.23999993717,1.456325075231
    ));
#1770 = LINE('',#1771,#1772);
#1771 = CARTESIAN_POINT('',(-0.397762256709,2.239999936912,
    1.495378381473));
#1772 = VECTOR('',#1773,1.);
#1773 = DIRECTION('',(5.55242178657E-15,0.,1.));
#1774 = ORIENTED_EDGE('',*,*,#1775,.F.);
#1775 = EDGE_CURVE('',#1776,#1768,#1778,.T.);
#1776 = VERTEX_POINT('',#1777);
#1777 = CARTESIAN_POINT('',(-0.441400895232,2.23999993717,1.456325075231
    ));
#1778 = LINE('',#1779,#1780);
#1779 = CARTESIAN_POINT('',(-0.397762256709,2.239999936912,
    1.456325075231));
#1780 = VECTOR('',#1781,1.);
#1781 = DIRECTION('',(1.,0.,-4.969000769809E-15));
#1782 = ORIENTED_EDGE('',*,*,#1783,.F.);
#1783 = EDGE_CURVE('',#1784,#1776,#1786,.T.);
#1784 = VERTEX_POINT('',#1785);
#1785 = CARTESIAN_POINT('',(-0.441400895232,2.23999993717,1.442350729228
    ));
#1786 = LINE('',#1787,#1788);
#1787 = CARTESIAN_POINT('',(-0.441400895232,2.239999936912,
    1.456325075231));
#1788 = VECTOR('',#1789,1.);
#1789 = DIRECTION('',(0.,0.,1.));
#1790 = ORIENTED_EDGE('',*,*,#1791,.F.);
#1791 = EDGE_CURVE('',#1792,#1784,#1794,.T.);
#1792 = VERTEX_POINT('',#1793);
#1793 = CARTESIAN_POINT('',(-0.397762256709,2.23999993717,1.442350729228
    ));
#1794 = LINE('',#1795,#1796);
#1795 = CARTESIAN_POINT('',(-0.441400895232,2.239999936912,
    1.442350729228));
#1796 = VECTOR('',#1797,1.);
#1797 = DIRECTION('',(-1.,0.,4.969000769809E-15));
#1798 = ORIENTED_EDGE('',*,*,#1799,.F.);
#1799 = EDGE_CURVE('',#1800,#1792,#1802,.T.);
#1800 = VERTEX_POINT('',#1801);
#1801 = CARTESIAN_POINT('',(-0.397762256709,2.23999993717,1.401301087843
    ));
#1802 = LINE('',#1803,#1804);
#1803 = CARTESIAN_POINT('',(-0.397762256709,2.239999936912,
    1.442350729228));
#1804 = VECTOR('',#1805,1.);
#1805 = DIRECTION('',(5.282395195208E-15,0.,1.));
#1806 = ORIENTED_EDGE('',*,*,#1807,.F.);
#1807 = EDGE_CURVE('',#1720,#1800,#1808,.T.);
#1808 = LINE('',#1809,#1810);
#1809 = CARTESIAN_POINT('',(-0.397762256709,2.239999936912,
    1.401301087843));
#1810 = VECTOR('',#1811,1.);
#1811 = DIRECTION('',(1.,0.,-4.347487227578E-15));
#1812 = FACE_BOUND('',#1813,.T.);
#1813 = EDGE_LOOP('',(#1814,#1824,#1832,#1840,#1849,#1858,#1867));
#1814 = ORIENTED_EDGE('',*,*,#1815,.F.);
#1815 = EDGE_CURVE('',#1816,#1818,#1820,.T.);
#1816 = VERTEX_POINT('',#1817);
#1817 = CARTESIAN_POINT('',(-0.470690874914,2.239999936912,
    1.387389127313));
#1818 = VERTEX_POINT('',#1819);
#1819 = CARTESIAN_POINT('',(-0.504254259511,2.23999993717,1.387389127313
    ));
#1820 = LINE('',#1821,#1822);
#1821 = CARTESIAN_POINT('',(-0.504254259511,2.239999936912,
    1.387389127313));
#1822 = VECTOR('',#1823,1.);
#1823 = DIRECTION('',(-1.,-0.,-0.));
#1824 = ORIENTED_EDGE('',*,*,#1825,.F.);
#1825 = EDGE_CURVE('',#1826,#1816,#1828,.T.);
#1826 = VERTEX_POINT('',#1827);
#1827 = CARTESIAN_POINT('',(-0.470690874914,2.23999993717,1.509415112949
    ));
#1828 = LINE('',#1829,#1830);
#1829 = CARTESIAN_POINT('',(-0.470690874914,2.239999936912,
    1.387389127313));
#1830 = VECTOR('',#1831,1.);
#1831 = DIRECTION('',(-3.554004129278E-15,-0.,-1.));
#1832 = ORIENTED_EDGE('',*,*,#1833,.F.);
#1833 = EDGE_CURVE('',#1834,#1826,#1836,.T.);
#1834 = VERTEX_POINT('',#1835);
#1835 = CARTESIAN_POINT('',(-0.505501968975,2.23999993717,1.509415112949
    ));
#1836 = LINE('',#1837,#1838);
#1837 = CARTESIAN_POINT('',(-0.470690874914,2.239999936912,
    1.509415112949));
#1838 = VECTOR('',#1839,1.);
#1839 = DIRECTION('',(1.,0.,-6.229061000873E-15));
#1840 = ORIENTED_EDGE('',*,*,#1841,.F.);
#1841 = EDGE_CURVE('',#1842,#1834,#1844,.T.);
#1842 = VERTEX_POINT('',#1843);
#1843 = CARTESIAN_POINT('',(-0.551636026428,2.23999993717,1.493257275383
    ));
#1844 = B_SPLINE_CURVE_WITH_KNOTS('',3,(#1845,#1846,#1847,#1848),
  .UNSPECIFIED.,.F.,.F.,(4,4),(2.,3.),.PIECEWISE_BEZIER_KNOTS.);
#1845 = CARTESIAN_POINT('',(-0.551636026428,2.23999993717,1.493257275383
    ));
#1846 = CARTESIAN_POINT('',(-0.539377280939,2.239999936912,
    1.504049962251));
#1847 = CARTESIAN_POINT('',(-0.523999261787,2.239999936912,
    1.509415112949));
#1848 = CARTESIAN_POINT('',(-0.505501968975,2.23999993717,1.509415112949
    ));
#1849 = ORIENTED_EDGE('',*,*,#1850,.F.);
#1850 = EDGE_CURVE('',#1851,#1842,#1853,.T.);
#1851 = VERTEX_POINT('',#1852);
#1852 = CARTESIAN_POINT('',(-0.570039741031,2.23999993717,1.449961756961
    ));
#1853 = B_SPLINE_CURVE_WITH_KNOTS('',3,(#1854,#1855,#1856,#1857),
  .UNSPECIFIED.,.F.,.F.,(4,4),(3.,4.),.PIECEWISE_BEZIER_KNOTS.);
#1854 = CARTESIAN_POINT('',(-0.570039741031,2.23999993717,1.449961756961
    ));
#1855 = CARTESIAN_POINT('',(-0.570039741031,2.239999936912,
    1.468053544198));
#1856 = CARTESIAN_POINT('',(-0.563894771917,2.239999936912,
    1.482464588514));
#1857 = CARTESIAN_POINT('',(-0.551636026428,2.23999993717,1.493257275383
    ));
#1858 = ORIENTED_EDGE('',*,*,#1859,.F.);
#1859 = EDGE_CURVE('',#1860,#1851,#1862,.T.);
#1860 = VERTEX_POINT('',#1861);
#1861 = CARTESIAN_POINT('',(-0.551636026428,2.23999993717,1.404482746977
    ));
#1862 = B_SPLINE_CURVE_WITH_KNOTS('',3,(#1863,#1864,#1865,#1866),
  .UNSPECIFIED.,.F.,.F.,(4,4),(4.,5.),.PIECEWISE_BEZIER_KNOTS.);
#1863 = CARTESIAN_POINT('',(-0.551636026428,2.23999993717,1.404482746977
    ));
#1864 = CARTESIAN_POINT('',(-0.563894771917,2.239999936912,
    1.415899288579));
#1865 = CARTESIAN_POINT('',(-0.570039741031,2.239999936912,
    1.431058958573));
#1866 = CARTESIAN_POINT('',(-0.570039741031,2.23999993717,1.449961756961
    ));
#1867 = ORIENTED_EDGE('',*,*,#1868,.F.);
#1868 = EDGE_CURVE('',#1818,#1860,#1869,.T.);
#1869 = B_SPLINE_CURVE_WITH_KNOTS('',3,(#1870,#1871,#1872,#1873),
  .UNSPECIFIED.,.F.,.F.,(4,4),(5.,6.),.PIECEWISE_BEZIER_KNOTS.);
#1870 = CARTESIAN_POINT('',(-0.504254259511,2.23999993717,1.387389127313
    ));
#1871 = CARTESIAN_POINT('',(-0.523562563475,2.239999936912,
    1.387389127313));
#1872 = CARTESIAN_POINT('',(-0.539377280939,2.239999936912,
    1.393066205376));
#1873 = CARTESIAN_POINT('',(-0.551636026428,2.23999993717,1.404482746977
    ));
#1874 = FACE_BOUND('',#1875,.T.);
#1875 = EDGE_LOOP('',(#1876,#1886,#1894,#1902,#1910,#1918,#1926,#1934));
#1876 = ORIENTED_EDGE('',*,*,#1877,.F.);
#1877 = EDGE_CURVE('',#1878,#1880,#1882,.T.);
#1878 = VERTEX_POINT('',#1879);
#1879 = CARTESIAN_POINT('',(-0.686606997759,2.239999936912,
    1.387389127313));
#1880 = VERTEX_POINT('',#1881);
#1881 = CARTESIAN_POINT('',(-0.640129820204,2.23999993717,1.509415112949
    ));
#1882 = LINE('',#1883,#1884);
#1883 = CARTESIAN_POINT('',(-0.640129820204,2.239999936912,
    1.509415112949));
#1884 = VECTOR('',#1885,1.);
#1885 = DIRECTION('',(0.355935724364,0.,0.934510438744));
#1886 = ORIENTED_EDGE('',*,*,#1887,.F.);
#1887 = EDGE_CURVE('',#1888,#1878,#1890,.T.);
#1888 = VERTEX_POINT('',#1889);
#1889 = CARTESIAN_POINT('',(-0.669201450729,2.23999993717,1.387389127313
    ));
#1890 = LINE('',#1891,#1892);
#1891 = CARTESIAN_POINT('',(-0.686606997759,2.239999936912,
    1.387389127313));
#1892 = VECTOR('',#1893,1.);
#1893 = DIRECTION('',(-1.,-0.,-0.));
#1894 = ORIENTED_EDGE('',*,*,#1895,.F.);
#1895 = EDGE_CURVE('',#1896,#1888,#1898,.T.);
#1896 = VERTEX_POINT('',#1897);
#1897 = CARTESIAN_POINT('',(-0.656755548819,2.23999993717,1.42076535549)
  );
#1898 = LINE('',#1899,#1900);
#1899 = CARTESIAN_POINT('',(-0.669201450729,2.239999936912,
    1.387389127313));
#1900 = VECTOR('',#1901,1.);
#1901 = DIRECTION('',(-0.349395479497,-0.,-0.936975345944));
#1902 = ORIENTED_EDGE('',*,*,#1903,.F.);
#1903 = EDGE_CURVE('',#1904,#1896,#1906,.T.);
#1904 = VERTEX_POINT('',#1905);
#1905 = CARTESIAN_POINT('',(-0.605942580873,2.23999993717,1.42076535549)
  );
#1906 = LINE('',#1907,#1908);
#1907 = CARTESIAN_POINT('',(-0.656755548819,2.239999936912,1.42076535549
    ));
#1908 = VECTOR('',#1909,1.);
#1909 = DIRECTION('',(-1.,0.,4.267423006025E-15));
#1910 = ORIENTED_EDGE('',*,*,#1911,.F.);
#1911 = EDGE_CURVE('',#1912,#1904,#1914,.T.);
#1912 = VERTEX_POINT('',#1913);
#1913 = CARTESIAN_POINT('',(-0.594214111906,2.23999993717,1.387389127313
    ));
#1914 = LINE('',#1915,#1916);
#1915 = CARTESIAN_POINT('',(-0.605942580873,2.239999936912,1.42076535549
    ));
#1916 = VECTOR('',#1917,1.);
#1917 = DIRECTION('',(-0.331528418358,0.,0.94344523308));
#1918 = ORIENTED_EDGE('',*,*,#1919,.F.);
#1919 = EDGE_CURVE('',#1920,#1912,#1922,.T.);
#1920 = VERTEX_POINT('',#1921);
#1921 = CARTESIAN_POINT('',(-0.576808564875,2.23999993717,1.387389127313
    ));
#1922 = LINE('',#1923,#1924);
#1923 = CARTESIAN_POINT('',(-0.594214111906,2.239999936912,
    1.387389127313));
#1924 = VECTOR('',#1925,1.);
#1925 = DIRECTION('',(-1.,-0.,-0.));
#1926 = ORIENTED_EDGE('',*,*,#1927,.F.);
#1927 = EDGE_CURVE('',#1928,#1920,#1930,.T.);
#1928 = VERTEX_POINT('',#1929);
#1929 = CARTESIAN_POINT('',(-0.623285742431,2.23999993717,1.509415112949
    ));
#1930 = LINE('',#1931,#1932);
#1931 = CARTESIAN_POINT('',(-0.576808564875,2.239999936912,
    1.387389127313));
#1932 = VECTOR('',#1933,1.);
#1933 = DIRECTION('',(0.35593572437,0.,-0.934510438742));
#1934 = ORIENTED_EDGE('',*,*,#1935,.F.);
#1935 = EDGE_CURVE('',#1880,#1928,#1936,.T.);
#1936 = LINE('',#1937,#1938);
#1937 = CARTESIAN_POINT('',(-0.623285742431,2.239999936912,
    1.509415112949));
#1938 = VECTOR('',#1939,1.);
#1939 = DIRECTION('',(1.,0.,-1.287339273434E-14));
#1940 = FACE_BOUND('',#1941,.T.);
#1941 = EDGE_LOOP('',(#1942,#1953,#1962,#1971,#1979,#1988,#1997,#2006,
    #2014,#2023,#2032,#2041,#2050,#2059,#2068,#2077,#2086,#2095,#2104,
    #2112,#2120,#2128,#2137,#2146,#2155,#2164,#2173,#2182,#2191,#2200,
    #2209,#2218,#2227));
#1942 = ORIENTED_EDGE('',*,*,#1943,.F.);
#1943 = EDGE_CURVE('',#1944,#1946,#1948,.T.);
#1944 = VERTEX_POINT('',#1945);
#1945 = CARTESIAN_POINT('',(5.586909913852E-02,2.239999936912,
    1.508428840181));
#1946 = VERTEX_POINT('',#1947);
#1947 = CARTESIAN_POINT('',(0.141760714804,2.23999993717,1.622083398814)
  );
#1948 = B_SPLINE_CURVE_WITH_KNOTS('',3,(#1949,#1950,#1951,#1952),
  .UNSPECIFIED.,.F.,.F.,(4,4),(35.,36.),.PIECEWISE_BEZIER_KNOTS.);
#1949 = CARTESIAN_POINT('',(5.586909913852E-02,2.239999936912,
    1.508428840181));
#1950 = CARTESIAN_POINT('',(5.673667817835E-02,2.239999936912,
    1.560484343765));
#1951 = CARTESIAN_POINT('',(9.230798143428E-02,2.239999936912,
    1.606466744428));
#1952 = CARTESIAN_POINT('',(0.141760714804,2.23999993717,1.622083398814)
  );
#1953 = ORIENTED_EDGE('',*,*,#1954,.F.);
#1954 = EDGE_CURVE('',#1955,#1944,#1957,.T.);
#1955 = VERTEX_POINT('',#1956);
#1956 = CARTESIAN_POINT('',(8.797002004437E-02,2.23999993717,
    1.42600757377));
#1957 = B_SPLINE_CURVE_WITH_KNOTS('',3,(#1958,#1959,#1960,#1961),
  .UNSPECIFIED.,.F.,.F.,(4,4),(34.,35.),.PIECEWISE_BEZIER_KNOTS.);
#1958 = CARTESIAN_POINT('',(8.797002004437E-02,2.23999993717,
    1.42600757377));
#1959 = CARTESIAN_POINT('',(6.714779213341E-02,2.239999936912,
    1.44856495976));
#1960 = CARTESIAN_POINT('',(5.586909913852E-02,2.239999936912,
    1.478063110451));
#1961 = CARTESIAN_POINT('',(5.586909913852E-02,2.239999936912,
    1.508428840181));
#1962 = ORIENTED_EDGE('',*,*,#1963,.F.);
#1963 = EDGE_CURVE('',#1964,#1955,#1966,.T.);
#1964 = VERTEX_POINT('',#1965);
#1965 = CARTESIAN_POINT('',(0.166920904104,2.23999993717,1.386965921259)
  );
#1966 = B_SPLINE_CURVE_WITH_KNOTS('',3,(#1967,#1968,#1969,#1970),
  .UNSPECIFIED.,.F.,.F.,(4,4),(33.,34.),.PIECEWISE_BEZIER_KNOTS.);
#1967 = CARTESIAN_POINT('',(0.166920904104,2.23999993717,1.386965921259)
  );
#1968 = CARTESIAN_POINT('',(0.136555174374,2.239999936912,1.389568691474
    ));
#1969 = CARTESIAN_POINT('',(0.108792214858,2.239999936912,1.40345018778)
  );
#1970 = CARTESIAN_POINT('',(8.797002004437E-02,2.23999993717,
    1.42600757377));
#1971 = ORIENTED_EDGE('',*,*,#1972,.F.);
#1972 = EDGE_CURVE('',#1973,#1964,#1975,.T.);
#1973 = VERTEX_POINT('',#1974);
#1974 = CARTESIAN_POINT('',(0.218108828649,2.23999993717,1.386965921259)
  );
#1975 = LINE('',#1976,#1977);
#1976 = CARTESIAN_POINT('',(0.169523674319,2.239999936912,1.386965921259
    ));
#1977 = VECTOR('',#1978,1.);
#1978 = DIRECTION('',(-1.,0.,0.));
#1979 = ORIENTED_EDGE('',*,*,#1980,.F.);
#1980 = EDGE_CURVE('',#1981,#1973,#1983,.T.);
#1981 = VERTEX_POINT('',#1982);
#1982 = CARTESIAN_POINT('',(0.24326901795,2.23999993717,1.41386126864));
#1983 = B_SPLINE_CURVE_WITH_KNOTS('',3,(#1984,#1985,#1986,#1987),
  .UNSPECIFIED.,.F.,.F.,(4,4),(28.,29.),.PIECEWISE_BEZIER_KNOTS.);
#1984 = CARTESIAN_POINT('',(0.24326901795,2.23999993717,1.41386126864));
#1985 = CARTESIAN_POINT('',(0.24326901795,2.239999936912,1.39997980543)
  );
#1986 = CARTESIAN_POINT('',(0.231990324955,2.239999936912,1.387833500299
    ));
#1987 = CARTESIAN_POINT('',(0.218108828649,2.23999993717,1.386965921259)
  );
#1988 = ORIENTED_EDGE('',*,*,#1989,.F.);
#1989 = EDGE_CURVE('',#1990,#1981,#1992,.T.);
#1990 = VERTEX_POINT('',#1991);
#1991 = CARTESIAN_POINT('',(0.21637367057,2.23999993717,1.44075661602));
#1992 = B_SPLINE_CURVE_WITH_KNOTS('',3,(#1993,#1994,#1995,#1996),
  .UNSPECIFIED.,.F.,.F.,(4,4),(27.,28.),.PIECEWISE_BEZIER_KNOTS.);
#1993 = CARTESIAN_POINT('',(0.21637367057,2.23999993717,1.44075661602));
#1994 = CARTESIAN_POINT('',(0.231122745915,2.239999936912,1.44075661602)
  );
#1995 = CARTESIAN_POINT('',(0.24326901795,2.239999936912,1.428610310889)
  );
#1996 = CARTESIAN_POINT('',(0.24326901795,2.23999993717,1.41386126864));
#1997 = ORIENTED_EDGE('',*,*,#1998,.F.);
#1998 = EDGE_CURVE('',#1999,#1990,#2001,.T.);
#1999 = VERTEX_POINT('',#2000);
#2000 = CARTESIAN_POINT('',(0.21116813014,2.23999993717,1.43988903698));
#2001 = B_SPLINE_CURVE_WITH_KNOTS('',3,(#2002,#2003,#2004,#2005),
  .UNSPECIFIED.,.F.,.F.,(4,4),(26.,27.),.PIECEWISE_BEZIER_KNOTS.);
#2002 = CARTESIAN_POINT('',(0.21116813014,2.23999993717,1.43988903698));
#2003 = CARTESIAN_POINT('',(0.212903321316,2.239999936912,1.43988903698)
  );
#2004 = CARTESIAN_POINT('',(0.214638512491,2.239999936912,1.44075661602)
  );
#2005 = CARTESIAN_POINT('',(0.21637367057,2.23999993717,1.44075661602));
#2006 = ORIENTED_EDGE('',*,*,#2007,.F.);
#2007 = EDGE_CURVE('',#2008,#1999,#2010,.T.);
#2008 = VERTEX_POINT('',#2009);
#2009 = CARTESIAN_POINT('',(0.17212647763,2.23999993717,1.43988903698));
#2010 = LINE('',#2011,#2012);
#2011 = CARTESIAN_POINT('',(0.17212647763,2.239999936912,1.43988903698)
  );
#2012 = VECTOR('',#2013,1.);
#2013 = DIRECTION('',(1.,0.,0.));
#2014 = ORIENTED_EDGE('',*,*,#2015,.F.);
#2015 = EDGE_CURVE('',#2016,#2008,#2018,.T.);
#2016 = VERTEX_POINT('',#2017);
#2017 = CARTESIAN_POINT('',(0.109659826994,2.23999993717,1.507561228045)
  );
#2018 = B_SPLINE_CURVE_WITH_KNOTS('',3,(#2019,#2020,#2021,#2022),
  .UNSPECIFIED.,.F.,.F.,(4,4),(24.,25.),.PIECEWISE_BEZIER_KNOTS.);
#2019 = CARTESIAN_POINT('',(0.109659826994,2.23999993717,1.507561228045)
  );
#2020 = CARTESIAN_POINT('',(0.109659826994,2.239999936912,1.471989941337
    ));
#2021 = CARTESIAN_POINT('',(0.136555174374,2.239999936912,1.442491807195
    ));
#2022 = CARTESIAN_POINT('',(0.17212647763,2.23999993717,1.43988903698));
#2023 = ORIENTED_EDGE('',*,*,#2024,.F.);
#2024 = EDGE_CURVE('',#2025,#2016,#2027,.T.);
#2025 = VERTEX_POINT('',#2026);
#2026 = CARTESIAN_POINT('',(0.17733201806,2.23999993717,1.575233419111)
  );
#2027 = B_SPLINE_CURVE_WITH_KNOTS('',3,(#2028,#2029,#2030,#2031),
  .UNSPECIFIED.,.F.,.F.,(4,4),(23.,24.),.PIECEWISE_BEZIER_KNOTS.);
#2028 = CARTESIAN_POINT('',(0.17733201806,2.23999993717,1.575233419111)
  );
#2029 = CARTESIAN_POINT('',(0.140025556725,2.239999936912,1.575233419111
    ));
#2030 = CARTESIAN_POINT('',(0.109659826994,2.239999936912,1.544867689381
    ));
#2031 = CARTESIAN_POINT('',(0.109659826994,2.23999993717,1.507561228045)
  );
#2032 = ORIENTED_EDGE('',*,*,#2033,.F.);
#2033 = EDGE_CURVE('',#2034,#2025,#2036,.T.);
#2034 = VERTEX_POINT('',#2035);
#2035 = CARTESIAN_POINT('',(0.184272749665,2.23999993717,1.575233419111)
  );
#2036 = B_SPLINE_CURVE_WITH_KNOTS('',3,(#2037,#2038,#2039,#2040),
  .UNSPECIFIED.,.F.,.F.,(4,4),(22.,23.),.PIECEWISE_BEZIER_KNOTS.);
#2037 = CARTESIAN_POINT('',(0.184272749665,2.23999993717,1.575233419111)
  );
#2038 = CARTESIAN_POINT('',(0.18166997945,2.239999936912,1.575233419111)
  );
#2039 = CARTESIAN_POINT('',(0.179934788275,2.239999936912,1.575233419111
    ));
#2040 = CARTESIAN_POINT('',(0.17733201806,2.23999993717,1.575233419111)
  );
#2041 = ORIENTED_EDGE('',*,*,#2042,.F.);
#2042 = EDGE_CURVE('',#2043,#2034,#2045,.T.);
#2043 = VERTEX_POINT('',#2044);
#2044 = CARTESIAN_POINT('',(0.305735668586,2.23999993717,1.683682453862)
  );
#2045 = B_SPLINE_CURVE_WITH_KNOTS('',3,(#2046,#2047,#2048,#2049),
  .UNSPECIFIED.,.F.,.F.,(4,4),(21.,22.),.PIECEWISE_BEZIER_KNOTS.);
#2046 = CARTESIAN_POINT('',(0.305735668586,2.23999993717,1.683682453862)
  );
#2047 = CARTESIAN_POINT('',(0.24326901795,2.239999936912,1.683682453862)
  );
#2048 = CARTESIAN_POINT('',(0.19121348127,2.239999936912,1.635964878571)
  );
#2049 = CARTESIAN_POINT('',(0.184272749665,2.23999993717,1.575233419111)
  );
#2050 = ORIENTED_EDGE('',*,*,#2051,.F.);
#2051 = EDGE_CURVE('',#2052,#2043,#2054,.T.);
#2052 = VERTEX_POINT('',#2053);
#2053 = CARTESIAN_POINT('',(0.421993013982,2.23999993717,1.600393641507)
  );
#2054 = B_SPLINE_CURVE_WITH_KNOTS('',3,(#2055,#2056,#2057,#2058),
  .UNSPECIFIED.,.F.,.F.,(4,4),(20.,21.),.PIECEWISE_BEZIER_KNOTS.);
#2055 = CARTESIAN_POINT('',(0.421993013982,2.23999993717,1.600393641507)
  );
#2056 = CARTESIAN_POINT('',(0.405508780557,2.239999936912,1.648978762742
    ));
#2057 = CARTESIAN_POINT('',(0.360393975481,2.239999936912,1.683682453862
    ));
#2058 = CARTESIAN_POINT('',(0.305735668586,2.23999993717,1.683682453862)
  );
#2059 = ORIENTED_EDGE('',*,*,#2060,.F.);
#2060 = EDGE_CURVE('',#2061,#2052,#2063,.T.);
#2061 = VERTEX_POINT('',#2062);
#2062 = CARTESIAN_POINT('',(0.467975398097,2.23999993717,1.613407525677)
  );
#2063 = B_SPLINE_CURVE_WITH_KNOTS('',3,(#2064,#2065,#2066,#2067),
  .UNSPECIFIED.,.F.,.F.,(4,4),(19.,20.),.PIECEWISE_BEZIER_KNOTS.);
#2064 = CARTESIAN_POINT('',(0.467975398097,2.23999993717,1.613407525677)
  );
#2065 = CARTESIAN_POINT('',(0.451491148124,2.239999936912,1.613407525677
    ));
#2066 = CARTESIAN_POINT('',(0.435006898151,2.239999936912,1.6082019687)
  );
#2067 = CARTESIAN_POINT('',(0.421993013982,2.23999993717,1.600393641507)
  );
#2068 = ORIENTED_EDGE('',*,*,#2069,.F.);
#2069 = EDGE_CURVE('',#2070,#2061,#2072,.T.);
#2070 = VERTEX_POINT('',#2071);
#2071 = CARTESIAN_POINT('',(0.554734625898,2.23999993717,1.526648297877)
  );
#2072 = B_SPLINE_CURVE_WITH_KNOTS('',3,(#2073,#2074,#2075,#2076),
  .UNSPECIFIED.,.F.,.F.,(4,4),(18.,19.),.PIECEWISE_BEZIER_KNOTS.);
#2073 = CARTESIAN_POINT('',(0.554734625898,2.23999993717,1.526648297877)
  );
#2074 = CARTESIAN_POINT('',(0.554734625898,2.239999936912,1.574365873167
    ));
#2075 = CARTESIAN_POINT('',(0.515692973387,2.239999936912,1.613407525677
    ));
#2076 = CARTESIAN_POINT('',(0.467975398097,2.23999993717,1.613407525677)
  );
#2077 = ORIENTED_EDGE('',*,*,#2078,.F.);
#2078 = EDGE_CURVE('',#2079,#2070,#2081,.T.);
#2079 = VERTEX_POINT('',#2080);
#2080 = CARTESIAN_POINT('',(0.502679089217,2.23999993717,1.446829801681)
  );
#2081 = B_SPLINE_CURVE_WITH_KNOTS('',3,(#2082,#2083,#2084,#2085),
  .UNSPECIFIED.,.F.,.F.,(4,4),(17.,18.),.PIECEWISE_BEZIER_KNOTS.);
#2082 = CARTESIAN_POINT('',(0.502679089217,2.23999993717,1.446829801681)
  );
#2083 = CARTESIAN_POINT('',(0.533044818947,2.239999936912,1.460711281438
    ));
#2084 = CARTESIAN_POINT('',(0.554734625898,2.239999936912,1.491077011168
    ));
#2085 = CARTESIAN_POINT('',(0.554734625898,2.23999993717,1.526648297877)
  );
#2086 = ORIENTED_EDGE('',*,*,#2087,.F.);
#2087 = EDGE_CURVE('',#2088,#2079,#2090,.T.);
#2088 = VERTEX_POINT('',#2089);
#2089 = CARTESIAN_POINT('',(0.421125418394,2.23999993717,1.504090895339)
  );
#2090 = B_SPLINE_CURVE_WITH_KNOTS('',3,(#2091,#2092,#2093,#2094),
  .UNSPECIFIED.,.F.,.F.,(4,4),(16.,17.),.PIECEWISE_BEZIER_KNOTS.);
#2091 = CARTESIAN_POINT('',(0.421125418394,2.23999993717,1.504090895339)
  );
#2092 = CARTESIAN_POINT('',(0.458431896277,2.239999936912,1.504090895339
    ));
#2093 = CARTESIAN_POINT('',(0.490532800634,2.239999936912,1.479798318174
    ));
#2094 = CARTESIAN_POINT('',(0.502679089217,2.23999993717,1.446829801681)
  );
#2095 = ORIENTED_EDGE('',*,*,#2096,.F.);
#2096 = EDGE_CURVE('',#2097,#2088,#2099,.T.);
#2097 = VERTEX_POINT('',#2098);
#2098 = CARTESIAN_POINT('',(0.356055997543,2.23999993717,1.474592761196)
  );
#2099 = B_SPLINE_CURVE_WITH_KNOTS('',3,(#2100,#2101,#2102,#2103),
  .UNSPECIFIED.,.F.,.F.,(4,4),(15.,16.),.PIECEWISE_BEZIER_KNOTS.);
#2100 = CARTESIAN_POINT('',(0.356055997543,2.23999993717,1.474592761196)
  );
#2101 = CARTESIAN_POINT('',(0.371672651928,2.239999936912,1.492812202344
    ));
#2102 = CARTESIAN_POINT('',(0.395097650053,2.239999936912,1.504090895339
    ));
#2103 = CARTESIAN_POINT('',(0.421125418394,2.23999993717,1.504090895339)
  );
#2104 = ORIENTED_EDGE('',*,*,#2105,.F.);
#2105 = EDGE_CURVE('',#2106,#2097,#2108,.T.);
#2106 = VERTEX_POINT('',#2107);
#2107 = CARTESIAN_POINT('',(0.2397986356,2.23999993717,1.535324220657));
#2108 = LINE('',#2109,#2110);
#2109 = CARTESIAN_POINT('',(0.2397986356,2.239999936912,1.535324220657)
  );
#2110 = VECTOR('',#2111,1.);
#2111 = DIRECTION('',(0.886348842796,0.,-0.463018065387));
#2112 = ORIENTED_EDGE('',*,*,#2113,.F.);
#2113 = EDGE_CURVE('',#2114,#2106,#2116,.T.);
#2114 = VERTEX_POINT('',#2115);
#2115 = CARTESIAN_POINT('',(0.21290328822,2.23999993717,1.489341819994)
  );
#2116 = LINE('',#2117,#2118);
#2117 = CARTESIAN_POINT('',(0.21290328822,2.239999936912,1.489341819994)
  );
#2118 = VECTOR('',#2119,1.);
#2119 = DIRECTION('',(0.50488304865,0.,0.863187758941));
#2120 = ORIENTED_EDGE('',*,*,#2121,.F.);
#2121 = EDGE_CURVE('',#2122,#2114,#2124,.T.);
#2122 = VERTEX_POINT('',#2123);
#2123 = CARTESIAN_POINT('',(0.334366207141,2.23999993717,1.425139994731)
  );
#2124 = LINE('',#2125,#2126);
#2125 = CARTESIAN_POINT('',(0.334366207141,2.239999936912,1.425139994731
    ));
#2126 = VECTOR('',#2127,1.);
#2127 = DIRECTION('',(-0.884094950248,0.,0.467307306755));
#2128 = ORIENTED_EDGE('',*,*,#2129,.F.);
#2129 = EDGE_CURVE('',#2130,#2122,#2132,.T.);
#2130 = VERTEX_POINT('',#2131);
#2131 = CARTESIAN_POINT('',(0.334366207141,2.23999993717,1.41646407195)
  );
#2132 = B_SPLINE_CURVE_WITH_KNOTS('',3,(#2133,#2134,#2135,#2136),
  .UNSPECIFIED.,.F.,.F.,(4,4),(11.,12.),.PIECEWISE_BEZIER_KNOTS.);
#2133 = CARTESIAN_POINT('',(0.334366207141,2.23999993717,1.41646407195)
  );
#2134 = CARTESIAN_POINT('',(0.334366207141,2.239999936912,1.419066842165
    ));
#2135 = CARTESIAN_POINT('',(0.334366207141,2.239999936912,1.42166961238)
  );
#2136 = CARTESIAN_POINT('',(0.334366207141,2.23999993717,1.425139994731)
  );
#2137 = ORIENTED_EDGE('',*,*,#2138,.F.);
#2138 = EDGE_CURVE('',#2139,#2130,#2141,.T.);
#2139 = VERTEX_POINT('',#2140);
#2140 = CARTESIAN_POINT('',(0.421125434942,2.23999993717,1.329704844149)
  );
#2141 = B_SPLINE_CURVE_WITH_KNOTS('',3,(#2142,#2143,#2144,#2145),
  .UNSPECIFIED.,.F.,.F.,(4,4),(10.,11.),.PIECEWISE_BEZIER_KNOTS.);
#2142 = CARTESIAN_POINT('',(0.421125434942,2.23999993717,1.329704844149)
  );
#2143 = CARTESIAN_POINT('',(0.373407859652,2.239999936912,1.329704844149
    ));
#2144 = CARTESIAN_POINT('',(0.334366207141,2.239999936912,1.368746496659
    ));
#2145 = CARTESIAN_POINT('',(0.334366207141,2.23999993717,1.41646407195)
  );
#2146 = ORIENTED_EDGE('',*,*,#2147,.F.);
#2147 = EDGE_CURVE('',#2148,#2139,#2150,.T.);
#2148 = VERTEX_POINT('',#2149);
#2149 = CARTESIAN_POINT('',(0.503546709627,2.23999993717,1.388701112435)
  );
#2150 = B_SPLINE_CURVE_WITH_KNOTS('',3,(#2151,#2152,#2153,#2154),
  .UNSPECIFIED.,.F.,.F.,(4,4),(9.,10.),.PIECEWISE_BEZIER_KNOTS.);
#2151 = CARTESIAN_POINT('',(0.503546709627,2.23999993717,1.388701112435)
  );
#2152 = CARTESIAN_POINT('',(0.492268008358,2.239999936912,1.353997421314
    ));
#2153 = CARTESIAN_POINT('',(0.459299508413,2.239999936912,1.329704844149
    ));
#2154 = CARTESIAN_POINT('',(0.421125434942,2.23999993717,1.329704844149)
  );
#2155 = ORIENTED_EDGE('',*,*,#2156,.F.);
#2156 = EDGE_CURVE('',#2157,#2148,#2159,.T.);
#2157 = VERTEX_POINT('',#2158);
#2158 = CARTESIAN_POINT('',(0.572954091867,2.23999993717,1.43034553516)
  );
#2159 = B_SPLINE_CURVE_WITH_KNOTS('',3,(#2160,#2161,#2162,#2163),
  .UNSPECIFIED.,.F.,.F.,(4,4),(8.,9.),.PIECEWISE_BEZIER_KNOTS.);
#2160 = CARTESIAN_POINT('',(0.572954091867,2.23999993717,1.43034553516)
  );
#2161 = CARTESIAN_POINT('',(0.553867063406,2.239999936912,1.409523307249
    ));
#2162 = CARTESIAN_POINT('',(0.530442065281,2.239999936912,1.39564184404)
  );
#2163 = CARTESIAN_POINT('',(0.503546709627,2.23999993717,1.388701112435)
  );
#2164 = ORIENTED_EDGE('',*,*,#2165,.F.);
#2165 = EDGE_CURVE('',#2166,#2157,#2168,.T.);
#2166 = VERTEX_POINT('',#2167);
#2167 = CARTESIAN_POINT('',(0.609392965889,2.23999993717,1.524913073606)
  );
#2168 = B_SPLINE_CURVE_WITH_KNOTS('',3,(#2169,#2170,#2171,#2172),
  .UNSPECIFIED.,.F.,.F.,(4,4),(7.,8.),.PIECEWISE_BEZIER_KNOTS.);
#2169 = CARTESIAN_POINT('',(0.609392965889,2.23999993717,1.524913073606)
  );
#2170 = CARTESIAN_POINT('',(0.609392965889,2.239999936912,1.490209382485
    ));
#2171 = CARTESIAN_POINT('',(0.596379081719,2.239999936912,1.456373270404
    ));
#2172 = CARTESIAN_POINT('',(0.572954091867,2.23999993717,1.43034553516)
  );
#2173 = ORIENTED_EDGE('',*,*,#2174,.F.);
#2174 = EDGE_CURVE('',#2175,#2166,#2177,.T.);
#2175 = VERTEX_POINT('',#2176);
#2176 = CARTESIAN_POINT('',(0.568616105655,2.23999993717,1.623818581715)
  );
#2177 = B_SPLINE_CURVE_WITH_KNOTS('',3,(#2178,#2179,#2180,#2181),
  .UNSPECIFIED.,.F.,.F.,(4,4),(6.,7.),.PIECEWISE_BEZIER_KNOTS.);
#2178 = CARTESIAN_POINT('',(0.568616105655,2.23999993717,1.623818581715)
  );
#2179 = CARTESIAN_POINT('',(0.594643896749,2.239999936912,1.597790821649
    ));
#2180 = CARTESIAN_POINT('',(0.609392965889,2.239999936912,1.56221953494)
  );
#2181 = CARTESIAN_POINT('',(0.609392965889,2.23999993717,1.524913073606)
  );
#2182 = ORIENTED_EDGE('',*,*,#2183,.F.);
#2183 = EDGE_CURVE('',#2184,#2175,#2186,.T.);
#2184 = VERTEX_POINT('',#2185);
#2185 = CARTESIAN_POINT('',(0.468842993684,2.23999993717,1.665463012714)
  );
#2186 = B_SPLINE_CURVE_WITH_KNOTS('',3,(#2187,#2188,#2189,#2190),
  .UNSPECIFIED.,.F.,.F.,(4,4),(5.,6.),.PIECEWISE_BEZIER_KNOTS.);
#2187 = CARTESIAN_POINT('',(0.468842993684,2.23999993717,1.665463012714)
  );
#2188 = CARTESIAN_POINT('',(0.506149463294,2.239999936912,1.665463012714
    ));
#2189 = CARTESIAN_POINT('',(0.541720741728,2.239999936912,1.650713945643
    ));
#2190 = CARTESIAN_POINT('',(0.568616105655,2.23999993717,1.623818581715)
  );
#2191 = ORIENTED_EDGE('',*,*,#2192,.F.);
#2192 = EDGE_CURVE('',#2193,#2184,#2195,.T.);
#2193 = VERTEX_POINT('',#2194);
#2194 = CARTESIAN_POINT('',(0.448888377909,2.23999993717,1.663727829813)
  );
#2195 = B_SPLINE_CURVE_WITH_KNOTS('',3,(#2196,#2197,#2198,#2199),
  .UNSPECIFIED.,.F.,.F.,(4,4),(4.,5.),.PIECEWISE_BEZIER_KNOTS.);
#2196 = CARTESIAN_POINT('',(0.448888377909,2.23999993717,1.663727829813)
  );
#2197 = CARTESIAN_POINT('',(0.455829109514,2.239999936912,1.664595425401
    ));
#2198 = CARTESIAN_POINT('',(0.461902262079,2.239999936912,1.665463012714
    ));
#2199 = CARTESIAN_POINT('',(0.468842993684,2.23999993717,1.665463012714)
  );
#2200 = ORIENTED_EDGE('',*,*,#2201,.F.);
#2201 = EDGE_CURVE('',#2202,#2193,#2204,.T.);
#2202 = VERTEX_POINT('',#2203);
#2203 = CARTESIAN_POINT('',(0.410714320987,2.23999993717,1.701901890872)
  );
#2204 = B_SPLINE_CURVE_WITH_KNOTS('',3,(#2205,#2206,#2207,#2208),
  .UNSPECIFIED.,.F.,.F.,(4,4),(3.,4.),.PIECEWISE_BEZIER_KNOTS.);
#2205 = CARTESIAN_POINT('',(0.410714320987,2.23999993717,1.701901890872)
  );
#2206 = CARTESIAN_POINT('',(0.425463396332,2.239999936912,1.691490781054
    ));
#2207 = CARTESIAN_POINT('',(0.437609684914,2.239999936912,1.678476896884
    ));
#2208 = CARTESIAN_POINT('',(0.448888377909,2.23999993717,1.663727829813)
  );
#2209 = ORIENTED_EDGE('',*,*,#2210,.F.);
#2210 = EDGE_CURVE('',#2211,#2202,#2213,.T.);
#2211 = VERTEX_POINT('',#2212);
#2212 = CARTESIAN_POINT('',(0.306603247626,2.23999993717,1.735737990542)
  );
#2213 = B_SPLINE_CURVE_WITH_KNOTS('',3,(#2214,#2215,#2216,#2217),
  .UNSPECIFIED.,.F.,.F.,(4,4),(2.,3.),.PIECEWISE_BEZIER_KNOTS.);
#2214 = CARTESIAN_POINT('',(0.306603247626,2.23999993717,1.735737990542)
  );
#2215 = CARTESIAN_POINT('',(0.344777304548,2.239999936912,1.735737990542
    ));
#2216 = CARTESIAN_POINT('',(0.380348591256,2.239999936912,1.723591698857
    ));
#2217 = CARTESIAN_POINT('',(0.410714320987,2.23999993717,1.701901890872)
  );
#2218 = ORIENTED_EDGE('',*,*,#2219,.F.);
#2219 = EDGE_CURVE('',#2220,#2211,#2222,.T.);
#2220 = VERTEX_POINT('',#2221);
#2221 = CARTESIAN_POINT('',(0.188610711055,2.23999993717,1.690623189603)
  );
#2222 = B_SPLINE_CURVE_WITH_KNOTS('',3,(#2223,#2224,#2225,#2226),
  .UNSPECIFIED.,.F.,.F.,(4,4),(1.,2.),.PIECEWISE_BEZIER_KNOTS.);
#2223 = CARTESIAN_POINT('',(0.188610711055,2.23999993717,1.690623189603)
  );
#2224 = CARTESIAN_POINT('',(0.221579211,2.239999936912,1.719253737467));
#2225 = CARTESIAN_POINT('',(0.263223633725,2.239999936912,1.735737990542
    ));
#2226 = CARTESIAN_POINT('',(0.306603247626,2.23999993717,1.735737990542)
  );
#2227 = ORIENTED_EDGE('',*,*,#2228,.F.);
#2228 = EDGE_CURVE('',#1946,#2220,#2229,.T.);
#2229 = B_SPLINE_CURVE_WITH_KNOTS('',3,(#2230,#2231,#2232,#2233),
  .UNSPECIFIED.,.F.,.F.,(4,4),(0.,1.),.PIECEWISE_BEZIER_KNOTS.);
#2230 = CARTESIAN_POINT('',(0.141760714804,2.23999993717,1.622083398814)
  );
#2231 = CARTESIAN_POINT('',(0.151304216623,2.239999936912,1.648111167153
    ));
#2232 = CARTESIAN_POINT('',(0.167788483144,2.239999936912,1.671536157006
    ));
#2233 = CARTESIAN_POINT('',(0.188610711055,2.23999993717,1.690623189603)
  );
#2234 = PLANE('',#2235);
#2235 = AXIS2_PLACEMENT_3D('',#2236,#2237,#2238);
#2236 = CARTESIAN_POINT('',(2.23999993717,2.23999993717,
    9.536742906491E-08));
#2237 = DIRECTION('',(0.,-1.,0.));
#2238 = DIRECTION('',(0.,0.,-1.));
#2239 = ADVANCED_FACE('',(#2240),#2306,.F.);
#2240 = FACE_BOUND('',#2241,.T.);
#2241 = EDGE_LOOP('',(#2242,#2252,#2260,#2268,#2276,#2284,#2292,#2300));
#2242 = ORIENTED_EDGE('',*,*,#2243,.T.);
#2243 = EDGE_CURVE('',#2244,#2246,#2248,.T.);
#2244 = VERTEX_POINT('',#2245);
#2245 = CARTESIAN_POINT('',(2.23999993717,-2.23999993717,
    9.536742906491E-08));
#2246 = VERTEX_POINT('',#2247);
#2247 = CARTESIAN_POINT('',(1.207941449922,-2.23999993717,
    9.536742906491E-08));
#2248 = LINE('',#2249,#2250);
#2249 = CARTESIAN_POINT('',(2.23999993717,-2.23999993717,
    9.536742906491E-08));
#2250 = VECTOR('',#2251,1.);
#2251 = DIRECTION('',(-1.,0.,0.));
#2252 = ORIENTED_EDGE('',*,*,#2253,.F.);
#2253 = EDGE_CURVE('',#2254,#2246,#2256,.T.);
#2254 = VERTEX_POINT('',#2255);
#2255 = CARTESIAN_POINT('',(1.207941449922,-1.26506513946,
    9.536742906491E-08));
#2256 = LINE('',#2257,#2258);
#2257 = CARTESIAN_POINT('',(1.207941449922,-2.23999993717,
    9.536742906491E-08));
#2258 = VECTOR('',#2259,1.);
#2259 = DIRECTION('',(-0.,-1.,-0.));
#2260 = ORIENTED_EDGE('',*,*,#2261,.F.);
#2261 = EDGE_CURVE('',#2262,#2254,#2264,.T.);
#2262 = VERTEX_POINT('',#2263);
#2263 = CARTESIAN_POINT('',(-1.375711095744,-1.26506513946,
    9.536742906491E-08));
#2264 = LINE('',#2265,#2266);
#2265 = CARTESIAN_POINT('',(1.207941449922,-1.26506513946,
    9.536742906491E-08));
#2266 = VECTOR('',#2267,1.);
#2267 = DIRECTION('',(1.,0.,0.));
#2268 = ORIENTED_EDGE('',*,*,#2269,.F.);
#2269 = EDGE_CURVE('',#2270,#2262,#2272,.T.);
#2270 = VERTEX_POINT('',#2271);
#2271 = CARTESIAN_POINT('',(-1.375711095744,-2.23999993717,
    9.536742906491E-08));
#2272 = LINE('',#2273,#2274);
#2273 = CARTESIAN_POINT('',(-1.375711095744,-2.23999993717,
    9.536742906491E-08));
#2274 = VECTOR('',#2275,1.);
#2275 = DIRECTION('',(0.,1.,0.));
#2276 = ORIENTED_EDGE('',*,*,#2277,.T.);
#2277 = EDGE_CURVE('',#2270,#2278,#2280,.T.);
#2278 = VERTEX_POINT('',#2279);
#2279 = CARTESIAN_POINT('',(-2.23999993717,-2.23999993717,
    9.536742906491E-08));
#2280 = LINE('',#2281,#2282);
#2281 = CARTESIAN_POINT('',(2.23999993717,-2.23999993717,
    9.536742906491E-08));
#2282 = VECTOR('',#2283,1.);
#2283 = DIRECTION('',(-1.,0.,0.));
#2284 = ORIENTED_EDGE('',*,*,#2285,.T.);
#2285 = EDGE_CURVE('',#2278,#2286,#2288,.T.);
#2286 = VERTEX_POINT('',#2287);
#2287 = CARTESIAN_POINT('',(-2.23999993717,-0.980103249197,
    9.536742906491E-08));
#2288 = LINE('',#2289,#2290);
#2289 = CARTESIAN_POINT('',(-2.23999993717,-2.23999993717,
    9.536742906491E-08));
#2290 = VECTOR('',#2291,1.);
#2291 = DIRECTION('',(0.,1.,0.));
#2292 = ORIENTED_EDGE('',*,*,#2293,.T.);
#2293 = EDGE_CURVE('',#2286,#2294,#2296,.T.);
#2294 = VERTEX_POINT('',#2295);
#2295 = CARTESIAN_POINT('',(2.23999993717,-0.980103249197,
    9.536742906491E-08));
#2296 = LINE('',#2297,#2298);
#2297 = CARTESIAN_POINT('',(0.,-0.980103249197,9.536742906491E-08));
#2298 = VECTOR('',#2299,1.);
#2299 = DIRECTION('',(1.,0.,0.));
#2300 = ORIENTED_EDGE('',*,*,#2301,.T.);
#2301 = EDGE_CURVE('',#2294,#2244,#2302,.T.);
#2302 = LINE('',#2303,#2304);
#2303 = CARTESIAN_POINT('',(2.23999993717,-2.23999993717,
    9.536742906491E-08));
#2304 = VECTOR('',#2305,1.);
#2305 = DIRECTION('',(-0.,-1.,-0.));
#2306 = PLANE('',#2307);
#2307 = AXIS2_PLACEMENT_3D('',#2308,#2309,#2310);
#2308 = CARTESIAN_POINT('',(0.,0.,9.536742906491E-08));
#2309 = DIRECTION('',(0.,0.,1.));
#2310 = DIRECTION('',(1.,0.,0.));
#2311 = ADVANCED_FACE('',(#2312,#2346),#2371,.F.);
#2312 = FACE_BOUND('',#2313,.T.);
#2313 = EDGE_LOOP('',(#2314,#2324,#2332,#2340));
#2314 = ORIENTED_EDGE('',*,*,#2315,.F.);
#2315 = EDGE_CURVE('',#2316,#2318,#2320,.T.);
#2316 = VERTEX_POINT('',#2317);
#2317 = CARTESIAN_POINT('',(2.249999936889,-2.249999936889,
    2.650000021037));
#2318 = VERTEX_POINT('',#2319);
#2319 = CARTESIAN_POINT('',(2.249999936889,2.249999936889,2.650000021037
    ));
#2320 = LINE('',#2321,#2322);
#2321 = CARTESIAN_POINT('',(2.249999936889,2.249999936889,2.650000021037
    ));
#2322 = VECTOR('',#2323,1.);
#2323 = DIRECTION('',(-1.927470528863E-16,1.,0.));
#2324 = ORIENTED_EDGE('',*,*,#2325,.F.);
#2325 = EDGE_CURVE('',#2326,#2316,#2328,.T.);
#2326 = VERTEX_POINT('',#2327);
#2327 = CARTESIAN_POINT('',(-2.249999936889,-2.249999936889,
    2.650000021037));
#2328 = LINE('',#2329,#2330);
#2329 = CARTESIAN_POINT('',(-2.249999936889,-2.249999936889,
    2.650000021037));
#2330 = VECTOR('',#2331,1.);
#2331 = DIRECTION('',(1.,0.,0.));
#2332 = ORIENTED_EDGE('',*,*,#2333,.F.);
#2333 = EDGE_CURVE('',#2334,#2326,#2336,.T.);
#2334 = VERTEX_POINT('',#2335);
#2335 = CARTESIAN_POINT('',(-2.249999936889,2.249999936889,
    2.650000021037));
#2336 = LINE('',#2337,#2338);
#2337 = CARTESIAN_POINT('',(-2.249999936889,2.249999936889,
    2.650000021037));
#2338 = VECTOR('',#2339,1.);
#2339 = DIRECTION('',(0.,-1.,0.));
#2340 = ORIENTED_EDGE('',*,*,#2341,.F.);
#2341 = EDGE_CURVE('',#2318,#2334,#2342,.T.);
#2342 = LINE('',#2343,#2344);
#2343 = CARTESIAN_POINT('',(-2.249999936889,2.249999936889,
    2.650000021037));
#2344 = VECTOR('',#2345,1.);
#2345 = DIRECTION('',(-1.,-0.,-0.));
#2346 = FACE_BOUND('',#2347,.T.);
#2347 = EDGE_LOOP('',(#2348,#2356,#2364,#2370));
#2348 = ORIENTED_EDGE('',*,*,#2349,.F.);
#2349 = EDGE_CURVE('',#2350,#1229,#2352,.T.);
#2350 = VERTEX_POINT('',#2351);
#2351 = CARTESIAN_POINT('',(-2.23999993717,-2.23999993717,2.650000021037
    ));
#2352 = LINE('',#2353,#2354);
#2353 = CARTESIAN_POINT('',(-2.23999993717,-2.23999993717,2.650000021037
    ));
#2354 = VECTOR('',#2355,1.);
#2355 = DIRECTION('',(0.,1.,0.));
#2356 = ORIENTED_EDGE('',*,*,#2357,.F.);
#2357 = EDGE_CURVE('',#2358,#2350,#2360,.T.);
#2358 = VERTEX_POINT('',#2359);
#2359 = CARTESIAN_POINT('',(2.23999993717,-2.23999993717,2.650000021037)
  );
#2360 = LINE('',#2361,#2362);
#2361 = CARTESIAN_POINT('',(2.23999993717,-2.23999993717,2.650000021037)
  );
#2362 = VECTOR('',#2363,1.);
#2363 = DIRECTION('',(-1.,0.,0.));
#2364 = ORIENTED_EDGE('',*,*,#2365,.F.);
#2365 = EDGE_CURVE('',#1237,#2358,#2366,.T.);
#2366 = LINE('',#2367,#2368);
#2367 = CARTESIAN_POINT('',(2.23999993717,-2.23999993717,2.650000021037)
  );
#2368 = VECTOR('',#2369,1.);
#2369 = DIRECTION('',(-0.,-1.,-0.));
#2370 = ORIENTED_EDGE('',*,*,#1236,.F.);
#2371 = PLANE('',#2372);
#2372 = AXIS2_PLACEMENT_3D('',#2373,#2374,#2375);
#2373 = CARTESIAN_POINT('',(0.,0.,2.650000021037));
#2374 = DIRECTION('',(0.,0.,1.));
#2375 = DIRECTION('',(1.,0.,0.));
#2376 = ADVANCED_FACE('',(#2377),#2402,.T.);
#2377 = FACE_BOUND('',#2378,.T.);
#2378 = EDGE_LOOP('',(#2379,#2389,#2395,#2396));
#2379 = ORIENTED_EDGE('',*,*,#2380,.F.);
#2380 = EDGE_CURVE('',#2381,#2383,#2385,.T.);
#2381 = VERTEX_POINT('',#2382);
#2382 = CARTESIAN_POINT('',(2.249999936889,-2.249999936889,
    2.900000014025));
#2383 = VERTEX_POINT('',#2384);
#2384 = CARTESIAN_POINT('',(2.249999936889,2.249999936889,2.900000014025
    ));
#2385 = LINE('',#2386,#2387);
#2386 = CARTESIAN_POINT('',(2.249999936889,2.249999936889,2.900000014025
    ));
#2387 = VECTOR('',#2388,1.);
#2388 = DIRECTION('',(-1.927470528863E-16,1.,0.));
#2389 = ORIENTED_EDGE('',*,*,#2390,.F.);
#2390 = EDGE_CURVE('',#2316,#2381,#2391,.T.);
#2391 = LINE('',#2392,#2393);
#2392 = CARTESIAN_POINT('',(2.249999936889,-2.249999936889,
    2.650000021037));
#2393 = VECTOR('',#2394,1.);
#2394 = DIRECTION('',(0.,0.,1.));
#2395 = ORIENTED_EDGE('',*,*,#2315,.T.);
#2396 = ORIENTED_EDGE('',*,*,#2397,.T.);
#2397 = EDGE_CURVE('',#2318,#2383,#2398,.T.);
#2398 = LINE('',#2399,#2400);
#2399 = CARTESIAN_POINT('',(2.249999936889,2.249999936889,2.650000021037
    ));
#2400 = VECTOR('',#2401,1.);
#2401 = DIRECTION('',(0.,0.,1.));
#2402 = PLANE('',#2403);
#2403 = AXIS2_PLACEMENT_3D('',#2404,#2405,#2406);
#2404 = CARTESIAN_POINT('',(2.249999936889,2.249999936889,2.650000021037
    ));
#2405 = DIRECTION('',(1.,1.927470528863E-16,0.));
#2406 = DIRECTION('',(-1.927470528863E-16,1.,0.));
#2407 = ADVANCED_FACE('',(#2408),#2426,.T.);
#2408 = FACE_BOUND('',#2409,.T.);
#2409 = EDGE_LOOP('',(#2410,#2418,#2424,#2425));
#2410 = ORIENTED_EDGE('',*,*,#2411,.F.);
#2411 = EDGE_CURVE('',#2412,#2381,#2414,.T.);
#2412 = VERTEX_POINT('',#2413);
#2413 = CARTESIAN_POINT('',(-2.249999936889,-2.249999936889,
    2.900000014025));
#2414 = LINE('',#2415,#2416);
#2415 = CARTESIAN_POINT('',(-2.249999936889,-2.249999936889,
    2.900000014025));
#2416 = VECTOR('',#2417,1.);
#2417 = DIRECTION('',(1.,0.,0.));
#2418 = ORIENTED_EDGE('',*,*,#2419,.F.);
#2419 = EDGE_CURVE('',#2326,#2412,#2420,.T.);
#2420 = LINE('',#2421,#2422);
#2421 = CARTESIAN_POINT('',(-2.249999936889,-2.249999936889,
    2.650000021037));
#2422 = VECTOR('',#2423,1.);
#2423 = DIRECTION('',(0.,0.,1.));
#2424 = ORIENTED_EDGE('',*,*,#2325,.T.);
#2425 = ORIENTED_EDGE('',*,*,#2390,.T.);
#2426 = PLANE('',#2427);
#2427 = AXIS2_PLACEMENT_3D('',#2428,#2429,#2430);
#2428 = CARTESIAN_POINT('',(-2.249999936889,-2.249999936889,
    2.650000021037));
#2429 = DIRECTION('',(0.,-1.,0.));
#2430 = DIRECTION('',(0.,0.,-1.));
#2431 = ADVANCED_FACE('',(#2432),#2450,.T.);
#2432 = FACE_BOUND('',#2433,.T.);
#2433 = EDGE_LOOP('',(#2434,#2442,#2448,#2449));
#2434 = ORIENTED_EDGE('',*,*,#2435,.F.);
#2435 = EDGE_CURVE('',#2436,#2412,#2438,.T.);
#2436 = VERTEX_POINT('',#2437);
#2437 = CARTESIAN_POINT('',(-2.249999936889,2.249999936889,
    2.900000014025));
#2438 = LINE('',#2439,#2440);
#2439 = CARTESIAN_POINT('',(-2.249999936889,2.249999936889,
    2.900000014025));
#2440 = VECTOR('',#2441,1.);
#2441 = DIRECTION('',(0.,-1.,0.));
#2442 = ORIENTED_EDGE('',*,*,#2443,.F.);
#2443 = EDGE_CURVE('',#2334,#2436,#2444,.T.);
#2444 = LINE('',#2445,#2446);
#2445 = CARTESIAN_POINT('',(-2.249999936889,2.249999936889,
    2.650000021037));
#2446 = VECTOR('',#2447,1.);
#2447 = DIRECTION('',(0.,0.,1.));
#2448 = ORIENTED_EDGE('',*,*,#2333,.T.);
#2449 = ORIENTED_EDGE('',*,*,#2419,.T.);
#2450 = PLANE('',#2451);
#2451 = AXIS2_PLACEMENT_3D('',#2452,#2453,#2454);
#2452 = CARTESIAN_POINT('',(-2.249999936889,2.249999936889,
    2.650000021037));
#2453 = DIRECTION('',(-1.,0.,0.));
#2454 = DIRECTION('',(0.,0.,1.));
#2455 = ADVANCED_FACE('',(#2456),#2467,.T.);
#2456 = FACE_BOUND('',#2457,.T.);
#2457 = EDGE_LOOP('',(#2458,#2464,#2465,#2466));
#2458 = ORIENTED_EDGE('',*,*,#2459,.F.);
#2459 = EDGE_CURVE('',#2383,#2436,#2460,.T.);
#2460 = LINE('',#2461,#2462);
#2461 = CARTESIAN_POINT('',(-2.249999936889,2.249999936889,
    2.900000014025));
#2462 = VECTOR('',#2463,1.);
#2463 = DIRECTION('',(-1.,-0.,-0.));
#2464 = ORIENTED_EDGE('',*,*,#2397,.F.);
#2465 = ORIENTED_EDGE('',*,*,#2341,.T.);
#2466 = ORIENTED_EDGE('',*,*,#2443,.T.);
#2467 = PLANE('',#2468);
#2468 = AXIS2_PLACEMENT_3D('',#2469,#2470,#2471);
#2469 = CARTESIAN_POINT('',(-2.249999936889,2.249999936889,
    2.650000021037));
#2470 = DIRECTION('',(0.,1.,0.));
#2471 = DIRECTION('',(0.,0.,1.));
#2472 = ADVANCED_FACE('',(#2473,#2483,#2493,#2503,#2513,#2523),#2529,.T.
  );
#2473 = FACE_BOUND('',#2474,.T.);
#2474 = EDGE_LOOP('',(#2475,#2482));
#2475 = ORIENTED_EDGE('',*,*,#2476,.F.);
#2476 = EDGE_CURVE('',#513,#505,#2477,.T.);
#2477 = CIRCLE('',#2478,0.39999998878);
#2478 = AXIS2_PLACEMENT_3D('',#2479,#2480,#2481);
#2479 = CARTESIAN_POINT('',(-1.542210598948,-1.599999955121,
    2.900000014025));
#2480 = DIRECTION('',(0.,0.,1.));
#2481 = DIRECTION('',(1.,0.,0.));
#2482 = ORIENTED_EDGE('',*,*,#512,.F.);
#2483 = FACE_BOUND('',#2484,.T.);
#2484 = EDGE_LOOP('',(#2485,#2492));
#2485 = ORIENTED_EDGE('',*,*,#2486,.F.);
#2486 = EDGE_CURVE('',#545,#537,#2487,.T.);
#2487 = CIRCLE('',#2488,0.39999998878);
#2488 = AXIS2_PLACEMENT_3D('',#2489,#2490,#2491);
#2489 = CARTESIAN_POINT('',(1.542210598948,1.599999955121,2.900000014025
    ));
#2490 = DIRECTION('',(0.,0.,1.));
#2491 = DIRECTION('',(1.,0.,0.));
#2492 = ORIENTED_EDGE('',*,*,#544,.F.);
#2493 = FACE_BOUND('',#2494,.T.);
#2494 = EDGE_LOOP('',(#2495,#2502));
#2495 = ORIENTED_EDGE('',*,*,#2496,.F.);
#2496 = EDGE_CURVE('',#621,#613,#2497,.T.);
#2497 = CIRCLE('',#2498,0.39999998878);
#2498 = AXIS2_PLACEMENT_3D('',#2499,#2500,#2501);
#2499 = CARTESIAN_POINT('',(-1.542210598948,1.599999955121,
    2.900000014025));
#2500 = DIRECTION('',(0.,0.,1.));
#2501 = DIRECTION('',(1.,0.,0.));
#2502 = ORIENTED_EDGE('',*,*,#620,.F.);
#2503 = FACE_BOUND('',#2504,.T.);
#2504 = EDGE_LOOP('',(#2505,#2512));
#2505 = ORIENTED_EDGE('',*,*,#2506,.F.);
#2506 = EDGE_CURVE('',#653,#645,#2507,.T.);
#2507 = CIRCLE('',#2508,0.39999998878);
#2508 = AXIS2_PLACEMENT_3D('',#2509,#2510,#2511);
#2509 = CARTESIAN_POINT('',(1.542210598948,-1.599999955121,
    2.900000014025));
#2510 = DIRECTION('',(0.,0.,1.));
#2511 = DIRECTION('',(1.,0.,0.));
#2512 = ORIENTED_EDGE('',*,*,#652,.F.);
#2513 = FACE_BOUND('',#2514,.T.);
#2514 = EDGE_LOOP('',(#2515,#2522));
#2515 = ORIENTED_EDGE('',*,*,#2516,.F.);
#2516 = EDGE_CURVE('',#691,#683,#2517,.T.);
#2517 = CIRCLE('',#2518,1.249999964938);
#2518 = AXIS2_PLACEMENT_3D('',#2519,#2520,#2521);
#2519 = CARTESIAN_POINT('',(0.,0.,2.900000014025));
#2520 = DIRECTION('',(0.,0.,1.));
#2521 = DIRECTION('',(1.,0.,0.));
#2522 = ORIENTED_EDGE('',*,*,#690,.F.);
#2523 = FACE_BOUND('',#2524,.T.);
#2524 = EDGE_LOOP('',(#2525,#2526,#2527,#2528));
#2525 = ORIENTED_EDGE('',*,*,#2380,.T.);
#2526 = ORIENTED_EDGE('',*,*,#2459,.T.);
#2527 = ORIENTED_EDGE('',*,*,#2435,.T.);
#2528 = ORIENTED_EDGE('',*,*,#2411,.T.);
#2529 = PLANE('',#2530);
#2530 = AXIS2_PLACEMENT_3D('',#2531,#2532,#2533);
#2531 = CARTESIAN_POINT('',(0.,0.,2.900000014025));
#2532 = DIRECTION('',(0.,0.,1.));
#2533 = DIRECTION('',(1.,0.,0.));
#2534 = ADVANCED_FACE('',(#2535,#2569,#2603),#2644,.F.);
#2535 = FACE_BOUND('',#2536,.T.);
#2536 = EDGE_LOOP('',(#2537,#2547,#2555,#2563));
#2537 = ORIENTED_EDGE('',*,*,#2538,.F.);
#2538 = EDGE_CURVE('',#2539,#2541,#2543,.T.);
#2539 = VERTEX_POINT('',#2540);
#2540 = CARTESIAN_POINT('',(-2.23999993717,-1.849999948109,0.52064668063
    ));
#2541 = VERTEX_POINT('',#2542);
#2542 = CARTESIAN_POINT('',(-2.23999993717,-1.149999967743,0.52064668063
    ));
#2543 = LINE('',#2544,#2545);
#2544 = CARTESIAN_POINT('',(-2.23999993717,-1.849999948109,0.52064668063
    ));
#2545 = VECTOR('',#2546,1.);
#2546 = DIRECTION('',(0.,1.,0.));
#2547 = ORIENTED_EDGE('',*,*,#2548,.F.);
#2548 = EDGE_CURVE('',#2549,#2539,#2551,.T.);
#2549 = VERTEX_POINT('',#2550);
#2550 = CARTESIAN_POINT('',(-2.23999993717,-1.849999948109,
    0.320646686239));
#2551 = LINE('',#2552,#2553);
#2552 = CARTESIAN_POINT('',(-2.23999993717,-1.849999948109,
    0.320646686239));
#2553 = VECTOR('',#2554,1.);
#2554 = DIRECTION('',(0.,0.,1.));
#2555 = ORIENTED_EDGE('',*,*,#2556,.T.);
#2556 = EDGE_CURVE('',#2549,#2557,#2559,.T.);
#2557 = VERTEX_POINT('',#2558);
#2558 = CARTESIAN_POINT('',(-2.23999993717,-1.149999967743,
    0.320646686239));
#2559 = LINE('',#2560,#2561);
#2560 = CARTESIAN_POINT('',(-2.23999993717,-1.849999948109,
    0.320646686239));
#2561 = VECTOR('',#2562,1.);
#2562 = DIRECTION('',(0.,1.,0.));
#2563 = ORIENTED_EDGE('',*,*,#2564,.T.);
#2564 = EDGE_CURVE('',#2557,#2541,#2565,.T.);
#2565 = LINE('',#2566,#2567);
#2566 = CARTESIAN_POINT('',(-2.23999993717,-1.149999967743,
    0.320646686239));
#2567 = VECTOR('',#2568,1.);
#2568 = DIRECTION('',(0.,0.,1.));
#2569 = FACE_BOUND('',#2570,.T.);
#2570 = EDGE_LOOP('',(#2571,#2581,#2589,#2597));
#2571 = ORIENTED_EDGE('',*,*,#2572,.F.);
#2572 = EDGE_CURVE('',#2573,#2575,#2577,.T.);
#2573 = VERTEX_POINT('',#2574);
#2574 = CARTESIAN_POINT('',(-2.23999993717,1.849999948109,0.320646686239
    ));
#2575 = VERTEX_POINT('',#2576);
#2576 = CARTESIAN_POINT('',(-2.23999993717,1.149999967743,0.320646686239
    ));
#2577 = LINE('',#2578,#2579);
#2578 = CARTESIAN_POINT('',(-2.23999993717,1.849999948109,0.320646686239
    ));
#2579 = VECTOR('',#2580,1.);
#2580 = DIRECTION('',(-0.,-1.,-0.));
#2581 = ORIENTED_EDGE('',*,*,#2582,.T.);
#2582 = EDGE_CURVE('',#2573,#2583,#2585,.T.);
#2583 = VERTEX_POINT('',#2584);
#2584 = CARTESIAN_POINT('',(-2.23999993717,1.849999948109,0.52064668063)
  );
#2585 = LINE('',#2586,#2587);
#2586 = CARTESIAN_POINT('',(-2.23999993717,1.849999948109,0.320646686239
    ));
#2587 = VECTOR('',#2588,1.);
#2588 = DIRECTION('',(0.,0.,1.));
#2589 = ORIENTED_EDGE('',*,*,#2590,.T.);
#2590 = EDGE_CURVE('',#2583,#2591,#2593,.T.);
#2591 = VERTEX_POINT('',#2592);
#2592 = CARTESIAN_POINT('',(-2.23999993717,1.149999967743,0.52064668063)
  );
#2593 = LINE('',#2594,#2595);
#2594 = CARTESIAN_POINT('',(-2.23999993717,1.849999948109,0.52064668063)
  );
#2595 = VECTOR('',#2596,1.);
#2596 = DIRECTION('',(-0.,-1.,-0.));
#2597 = ORIENTED_EDGE('',*,*,#2598,.F.);
#2598 = EDGE_CURVE('',#2575,#2591,#2599,.T.);
#2599 = LINE('',#2600,#2601);
#2600 = CARTESIAN_POINT('',(-2.23999993717,1.149999967743,0.320646686239
    ));
#2601 = VECTOR('',#2602,1.);
#2602 = DIRECTION('',(0.,0.,1.));
#2603 = FACE_BOUND('',#2604,.T.);
#2604 = EDGE_LOOP('',(#2605,#2615,#2621,#2622,#2628,#2629,#2630,#2638));
#2605 = ORIENTED_EDGE('',*,*,#2606,.T.);
#2606 = EDGE_CURVE('',#2607,#2609,#2611,.T.);
#2607 = VERTEX_POINT('',#2608);
#2608 = CARTESIAN_POINT('',(-2.23999993717,0.980103249197,0.247910224255
    ));
#2609 = VERTEX_POINT('',#2610);
#2610 = CARTESIAN_POINT('',(-2.23999993717,-0.980103249197,
    0.247910224255));
#2611 = LINE('',#2612,#2613);
#2612 = CARTESIAN_POINT('',(-2.23999993717,-2.23999993717,0.247910224255
    ));
#2613 = VECTOR('',#2614,1.);
#2614 = DIRECTION('',(0.,-1.,0.));
#2615 = ORIENTED_EDGE('',*,*,#2616,.T.);
#2616 = EDGE_CURVE('',#2609,#2286,#2617,.T.);
#2617 = LINE('',#2618,#2619);
#2618 = CARTESIAN_POINT('',(-2.23999993717,-0.980103249197,
    9.536742906491E-08));
#2619 = VECTOR('',#2620,1.);
#2620 = DIRECTION('',(0.,0.,-1.));
#2621 = ORIENTED_EDGE('',*,*,#2285,.F.);
#2622 = ORIENTED_EDGE('',*,*,#2623,.T.);
#2623 = EDGE_CURVE('',#2278,#2350,#2624,.T.);
#2624 = LINE('',#2625,#2626);
#2625 = CARTESIAN_POINT('',(-2.23999993717,-2.23999993717,
    9.536742906491E-08));
#2626 = VECTOR('',#2627,1.);
#2627 = DIRECTION('',(0.,0.,1.));
#2628 = ORIENTED_EDGE('',*,*,#2349,.T.);
#2629 = ORIENTED_EDGE('',*,*,#1228,.F.);
#2630 = ORIENTED_EDGE('',*,*,#2631,.F.);
#2631 = EDGE_CURVE('',#2632,#1221,#2634,.T.);
#2632 = VERTEX_POINT('',#2633);
#2633 = CARTESIAN_POINT('',(-2.23999993717,0.980103249197,
    9.536742906491E-08));
#2634 = LINE('',#2635,#2636);
#2635 = CARTESIAN_POINT('',(-2.23999993717,-2.23999993717,
    9.536742906491E-08));
#2636 = VECTOR('',#2637,1.);
#2637 = DIRECTION('',(0.,1.,0.));
#2638 = ORIENTED_EDGE('',*,*,#2639,.T.);
#2639 = EDGE_CURVE('',#2632,#2607,#2640,.T.);
#2640 = LINE('',#2641,#2642);
#2641 = CARTESIAN_POINT('',(-2.23999993717,0.980103249197,
    9.536742906491E-08));
#2642 = VECTOR('',#2643,1.);
#2643 = DIRECTION('',(0.,0.,1.));
#2644 = PLANE('',#2645);
#2645 = AXIS2_PLACEMENT_3D('',#2646,#2647,#2648);
#2646 = CARTESIAN_POINT('',(-2.23999993717,-2.23999993717,
    9.536742906491E-08));
#2647 = DIRECTION('',(1.,0.,0.));
#2648 = DIRECTION('',(0.,0.,-1.));
#2649 = ADVANCED_FACE('',(#2650,#2684,#2718),#2759,.F.);
#2650 = FACE_BOUND('',#2651,.T.);
#2651 = EDGE_LOOP('',(#2652,#2662,#2670,#2678));
#2652 = ORIENTED_EDGE('',*,*,#2653,.F.);
#2653 = EDGE_CURVE('',#2654,#2656,#2658,.T.);
#2654 = VERTEX_POINT('',#2655);
#2655 = CARTESIAN_POINT('',(2.23999993717,-1.849999948109,0.320646686239
    ));
#2656 = VERTEX_POINT('',#2657);
#2657 = CARTESIAN_POINT('',(2.23999993717,-1.149999967743,0.320646686239
    ));
#2658 = LINE('',#2659,#2660);
#2659 = CARTESIAN_POINT('',(2.23999993717,-1.849999948109,0.320646686239
    ));
#2660 = VECTOR('',#2661,1.);
#2661 = DIRECTION('',(0.,1.,0.));
#2662 = ORIENTED_EDGE('',*,*,#2663,.F.);
#2663 = EDGE_CURVE('',#2664,#2654,#2666,.T.);
#2664 = VERTEX_POINT('',#2665);
#2665 = CARTESIAN_POINT('',(2.23999993717,-1.849999948109,0.52064668063)
  );
#2666 = LINE('',#2667,#2668);
#2667 = CARTESIAN_POINT('',(2.23999993717,-1.849999948109,0.52064668063)
  );
#2668 = VECTOR('',#2669,1.);
#2669 = DIRECTION('',(0.,0.,-1.));
#2670 = ORIENTED_EDGE('',*,*,#2671,.T.);
#2671 = EDGE_CURVE('',#2664,#2672,#2674,.T.);
#2672 = VERTEX_POINT('',#2673);
#2673 = CARTESIAN_POINT('',(2.23999993717,-1.149999967743,0.52064668063)
  );
#2674 = LINE('',#2675,#2676);
#2675 = CARTESIAN_POINT('',(2.23999993717,-1.849999948109,0.52064668063)
  );
#2676 = VECTOR('',#2677,1.);
#2677 = DIRECTION('',(0.,1.,0.));
#2678 = ORIENTED_EDGE('',*,*,#2679,.T.);
#2679 = EDGE_CURVE('',#2672,#2656,#2680,.T.);
#2680 = LINE('',#2681,#2682);
#2681 = CARTESIAN_POINT('',(2.23999993717,-1.149999967743,0.52064668063)
  );
#2682 = VECTOR('',#2683,1.);
#2683 = DIRECTION('',(0.,0.,-1.));
#2684 = FACE_BOUND('',#2685,.T.);
#2685 = EDGE_LOOP('',(#2686,#2696,#2704,#2712));
#2686 = ORIENTED_EDGE('',*,*,#2687,.F.);
#2687 = EDGE_CURVE('',#2688,#2690,#2692,.T.);
#2688 = VERTEX_POINT('',#2689);
#2689 = CARTESIAN_POINT('',(2.23999993717,1.849999948109,0.52064668063)
  );
#2690 = VERTEX_POINT('',#2691);
#2691 = CARTESIAN_POINT('',(2.23999993717,1.149999967743,0.52064668063)
  );
#2692 = LINE('',#2693,#2694);
#2693 = CARTESIAN_POINT('',(2.23999993717,1.849999948109,0.52064668063)
  );
#2694 = VECTOR('',#2695,1.);
#2695 = DIRECTION('',(-0.,-1.,-0.));
#2696 = ORIENTED_EDGE('',*,*,#2697,.T.);
#2697 = EDGE_CURVE('',#2688,#2698,#2700,.T.);
#2698 = VERTEX_POINT('',#2699);
#2699 = CARTESIAN_POINT('',(2.23999993717,1.849999948109,0.320646686239)
  );
#2700 = LINE('',#2701,#2702);
#2701 = CARTESIAN_POINT('',(2.23999993717,1.849999948109,0.52064668063)
  );
#2702 = VECTOR('',#2703,1.);
#2703 = DIRECTION('',(0.,0.,-1.));
#2704 = ORIENTED_EDGE('',*,*,#2705,.T.);
#2705 = EDGE_CURVE('',#2698,#2706,#2708,.T.);
#2706 = VERTEX_POINT('',#2707);
#2707 = CARTESIAN_POINT('',(2.23999993717,1.149999967743,0.320646686239)
  );
#2708 = LINE('',#2709,#2710);
#2709 = CARTESIAN_POINT('',(2.23999993717,1.849999948109,0.320646686239)
  );
#2710 = VECTOR('',#2711,1.);
#2711 = DIRECTION('',(-0.,-1.,-0.));
#2712 = ORIENTED_EDGE('',*,*,#2713,.F.);
#2713 = EDGE_CURVE('',#2690,#2706,#2714,.T.);
#2714 = LINE('',#2715,#2716);
#2715 = CARTESIAN_POINT('',(2.23999993717,1.149999967743,0.52064668063)
  );
#2716 = VECTOR('',#2717,1.);
#2717 = DIRECTION('',(0.,0.,-1.));
#2718 = FACE_BOUND('',#2719,.T.);
#2719 = EDGE_LOOP('',(#2720,#2721,#2729,#2737,#2745,#2751,#2752,#2753));
#2720 = ORIENTED_EDGE('',*,*,#2301,.F.);
#2721 = ORIENTED_EDGE('',*,*,#2722,.F.);
#2722 = EDGE_CURVE('',#2723,#2294,#2725,.T.);
#2723 = VERTEX_POINT('',#2724);
#2724 = CARTESIAN_POINT('',(2.23999993717,-0.980103249197,0.247910224255
    ));
#2725 = LINE('',#2726,#2727);
#2726 = CARTESIAN_POINT('',(2.23999993717,-0.980103249197,0.247910224255
    ));
#2727 = VECTOR('',#2728,1.);
#2728 = DIRECTION('',(0.,0.,-1.));
#2729 = ORIENTED_EDGE('',*,*,#2730,.F.);
#2730 = EDGE_CURVE('',#2731,#2723,#2733,.T.);
#2731 = VERTEX_POINT('',#2732);
#2732 = CARTESIAN_POINT('',(2.23999993717,0.980103249197,0.247910224255)
  );
#2733 = LINE('',#2734,#2735);
#2734 = CARTESIAN_POINT('',(2.23999993717,-0.980103249197,0.247910224255
    ));
#2735 = VECTOR('',#2736,1.);
#2736 = DIRECTION('',(-0.,-1.,-0.));
#2737 = ORIENTED_EDGE('',*,*,#2738,.F.);
#2738 = EDGE_CURVE('',#2739,#2731,#2741,.T.);
#2739 = VERTEX_POINT('',#2740);
#2740 = CARTESIAN_POINT('',(2.23999993717,0.980103249197,
    9.536742906491E-08));
#2741 = LINE('',#2742,#2743);
#2742 = CARTESIAN_POINT('',(2.23999993717,0.980103249197,0.247910224255)
  );
#2743 = VECTOR('',#2744,1.);
#2744 = DIRECTION('',(0.,0.,1.));
#2745 = ORIENTED_EDGE('',*,*,#2746,.F.);
#2746 = EDGE_CURVE('',#1189,#2739,#2747,.T.);
#2747 = LINE('',#2748,#2749);
#2748 = CARTESIAN_POINT('',(2.23999993717,-2.23999993717,
    9.536742906491E-08));
#2749 = VECTOR('',#2750,1.);
#2750 = DIRECTION('',(-0.,-1.,-0.));
#2751 = ORIENTED_EDGE('',*,*,#1244,.T.);
#2752 = ORIENTED_EDGE('',*,*,#2365,.T.);
#2753 = ORIENTED_EDGE('',*,*,#2754,.F.);
#2754 = EDGE_CURVE('',#2244,#2358,#2755,.T.);
#2755 = LINE('',#2756,#2757);
#2756 = CARTESIAN_POINT('',(2.23999993717,-2.23999993717,
    9.536742906491E-08));
#2757 = VECTOR('',#2758,1.);
#2758 = DIRECTION('',(0.,0.,1.));
#2759 = PLANE('',#2760);
#2760 = AXIS2_PLACEMENT_3D('',#2761,#2762,#2763);
#2761 = CARTESIAN_POINT('',(2.23999993717,-2.23999993717,
    9.536742906491E-08));
#2762 = DIRECTION('',(-1.,0.,0.));
#2763 = DIRECTION('',(0.,0.,1.));
#2764 = ADVANCED_FACE('',(#2765),#2794,.F.);
#2765 = FACE_BOUND('',#2766,.T.);
#2766 = EDGE_LOOP('',(#2767,#2777,#2783,#2784,#2785,#2786,#2787,#2788));
#2767 = ORIENTED_EDGE('',*,*,#2768,.F.);
#2768 = EDGE_CURVE('',#2769,#2771,#2773,.T.);
#2769 = VERTEX_POINT('',#2770);
#2770 = CARTESIAN_POINT('',(1.207941449922,-2.23999993717,0.200000089758
    ));
#2771 = VERTEX_POINT('',#2772);
#2772 = CARTESIAN_POINT('',(-1.375711095744,-2.23999993717,
    0.200000089758));
#2773 = LINE('',#2774,#2775);
#2774 = CARTESIAN_POINT('',(1.207941449922,-2.23999993717,0.200000089758
    ));
#2775 = VECTOR('',#2776,1.);
#2776 = DIRECTION('',(-1.,0.,0.));
#2777 = ORIENTED_EDGE('',*,*,#2778,.T.);
#2778 = EDGE_CURVE('',#2769,#2246,#2779,.T.);
#2779 = LINE('',#2780,#2781);
#2780 = CARTESIAN_POINT('',(1.207941449922,-2.23999993717,0.200000089758
    ));
#2781 = VECTOR('',#2782,1.);
#2782 = DIRECTION('',(-0.,-0.,-1.));
#2783 = ORIENTED_EDGE('',*,*,#2243,.F.);
#2784 = ORIENTED_EDGE('',*,*,#2754,.T.);
#2785 = ORIENTED_EDGE('',*,*,#2357,.T.);
#2786 = ORIENTED_EDGE('',*,*,#2623,.F.);
#2787 = ORIENTED_EDGE('',*,*,#2277,.F.);
#2788 = ORIENTED_EDGE('',*,*,#2789,.F.);
#2789 = EDGE_CURVE('',#2771,#2270,#2790,.T.);
#2790 = LINE('',#2791,#2792);
#2791 = CARTESIAN_POINT('',(-1.375711095744,-2.23999993717,
    0.200000089758));
#2792 = VECTOR('',#2793,1.);
#2793 = DIRECTION('',(-0.,-0.,-1.));
#2794 = PLANE('',#2795);
#2795 = AXIS2_PLACEMENT_3D('',#2796,#2797,#2798);
#2796 = CARTESIAN_POINT('',(2.23999993717,-2.23999993717,
    9.536742906491E-08));
#2797 = DIRECTION('',(0.,1.,0.));
#2798 = DIRECTION('',(0.,0.,1.));
#2799 = ADVANCED_FACE('',(#2800),#2834,.F.);
#2800 = FACE_BOUND('',#2801,.T.);
#2801 = EDGE_LOOP('',(#2802,#2812,#2818,#2819,#2820,#2826,#2827,#2828));
#2802 = ORIENTED_EDGE('',*,*,#2803,.F.);
#2803 = EDGE_CURVE('',#2804,#2806,#2808,.T.);
#2804 = VERTEX_POINT('',#2805);
#2805 = CARTESIAN_POINT('',(1.207941449922,1.345430549537,
    9.536742906491E-08));
#2806 = VERTEX_POINT('',#2807);
#2807 = CARTESIAN_POINT('',(-1.375711095744,1.345430549537,
    9.536742906491E-08));
#2808 = LINE('',#2809,#2810);
#2809 = CARTESIAN_POINT('',(1.207941449922,1.345430549537,
    9.536742906491E-08));
#2810 = VECTOR('',#2811,1.);
#2811 = DIRECTION('',(-1.,0.,0.));
#2812 = ORIENTED_EDGE('',*,*,#2813,.F.);
#2813 = EDGE_CURVE('',#1187,#2804,#2814,.T.);
#2814 = LINE('',#2815,#2816);
#2815 = CARTESIAN_POINT('',(1.207941449922,2.23999993717,
    9.536742906491E-08));
#2816 = VECTOR('',#2817,1.);
#2817 = DIRECTION('',(0.,-1.,0.));
#2818 = ORIENTED_EDGE('',*,*,#1186,.T.);
#2819 = ORIENTED_EDGE('',*,*,#2746,.T.);
#2820 = ORIENTED_EDGE('',*,*,#2821,.T.);
#2821 = EDGE_CURVE('',#2739,#2632,#2822,.T.);
#2822 = LINE('',#2823,#2824);
#2823 = CARTESIAN_POINT('',(0.,0.980103249197,9.536742906491E-08));
#2824 = VECTOR('',#2825,1.);
#2825 = DIRECTION('',(-1.,0.,0.));
#2826 = ORIENTED_EDGE('',*,*,#2631,.T.);
#2827 = ORIENTED_EDGE('',*,*,#1220,.T.);
#2828 = ORIENTED_EDGE('',*,*,#2829,.F.);
#2829 = EDGE_CURVE('',#2806,#1213,#2830,.T.);
#2830 = LINE('',#2831,#2832);
#2831 = CARTESIAN_POINT('',(-1.375711095744,2.23999993717,
    9.536742906491E-08));
#2832 = VECTOR('',#2833,1.);
#2833 = DIRECTION('',(0.,1.,0.));
#2834 = PLANE('',#2835);
#2835 = AXIS2_PLACEMENT_3D('',#2836,#2837,#2838);
#2836 = CARTESIAN_POINT('',(0.,0.,9.536742906491E-08));
#2837 = DIRECTION('',(0.,0.,1.));
#2838 = DIRECTION('',(1.,0.,0.));
#2839 = ADVANCED_FACE('',(#2840),#2846,.T.);
#2840 = FACE_BOUND('',#2841,.T.);
#2841 = EDGE_LOOP('',(#2842,#2843,#2844,#2845));
#2842 = ORIENTED_EDGE('',*,*,#682,.F.);
#2843 = ORIENTED_EDGE('',*,*,#567,.T.);
#2844 = ORIENTED_EDGE('',*,*,#699,.T.);
#2845 = ORIENTED_EDGE('',*,*,#2516,.T.);
#2846 = CONICAL_SURFACE('',#2847,1.249999964938,5.235987755983E-02);
#2847 = AXIS2_PLACEMENT_3D('',#2848,#2849,#2850);
#2848 = CARTESIAN_POINT('',(0.,0.,2.900000014025));
#2849 = DIRECTION('',(-0.,-0.,-1.));
#2850 = DIRECTION('',(1.,0.,0.));
#2851 = ADVANCED_FACE('',(#2852),#2862,.T.);
#2852 = FACE_BOUND('',#2853,.T.);
#2853 = EDGE_LOOP('',(#2854,#2855));
#2854 = ORIENTED_EDGE('',*,*,#587,.T.);
#2855 = ORIENTED_EDGE('',*,*,#2856,.T.);
#2856 = EDGE_CURVE('',#579,#588,#2857,.T.);
#2857 = CIRCLE('',#2858,0.966435510802);
#2858 = AXIS2_PLACEMENT_3D('',#2859,#2860,#2861);
#2859 = CARTESIAN_POINT('',(0.,0.,6.499999913047));
#2860 = DIRECTION('',(0.,0.,1.));
#2861 = DIRECTION('',(1.,0.,0.));
#2862 = PLANE('',#2863);
#2863 = AXIS2_PLACEMENT_3D('',#2864,#2865,#2866);
#2864 = CARTESIAN_POINT('',(0.,0.,6.499999913047));
#2865 = DIRECTION('',(0.,0.,1.));
#2866 = DIRECTION('',(1.,0.,0.));
#2867 = ADVANCED_FACE('',(#2868,#2902,#2936,#2970),#2986,.F.);
#2868 = FACE_BOUND('',#2869,.T.);
#2869 = EDGE_LOOP('',(#2870,#2880,#2888,#2896));
#2870 = ORIENTED_EDGE('',*,*,#2871,.F.);
#2871 = EDGE_CURVE('',#2872,#2874,#2876,.T.);
#2872 = VERTEX_POINT('',#2873);
#2873 = CARTESIAN_POINT('',(-0.919377659107,-0.436201079138,
    0.247910224255));
#2874 = VERTEX_POINT('',#2875);
#2875 = CARTESIAN_POINT('',(-1.697828815723,-0.436201079138,
    0.247910224255));
#2876 = LINE('',#2877,#2878);
#2877 = CARTESIAN_POINT('',(-0.919377659107,-0.436201079138,
    0.247910224255));
#2878 = VECTOR('',#2879,1.);
#2879 = DIRECTION('',(-1.,0.,0.));
#2880 = ORIENTED_EDGE('',*,*,#2881,.F.);
#2881 = EDGE_CURVE('',#2882,#2872,#2884,.T.);
#2882 = VERTEX_POINT('',#2883);
#2883 = CARTESIAN_POINT('',(-0.919377659107,0.436201079138,
    0.247910224255));
#2884 = LINE('',#2885,#2886);
#2885 = CARTESIAN_POINT('',(-0.919377659107,0.436201079138,
    0.247910224255));
#2886 = VECTOR('',#2887,1.);
#2887 = DIRECTION('',(0.,-1.,0.));
#2888 = ORIENTED_EDGE('',*,*,#2889,.F.);
#2889 = EDGE_CURVE('',#2890,#2882,#2892,.T.);
#2890 = VERTEX_POINT('',#2891);
#2891 = CARTESIAN_POINT('',(-1.697828815723,0.436201079138,
    0.247910224255));
#2892 = LINE('',#2893,#2894);
#2893 = CARTESIAN_POINT('',(-0.919377659107,0.436201079138,
    0.247910224255));
#2894 = VECTOR('',#2895,1.);
#2895 = DIRECTION('',(1.,0.,0.));
#2896 = ORIENTED_EDGE('',*,*,#2897,.F.);
#2897 = EDGE_CURVE('',#2874,#2890,#2898,.T.);
#2898 = LINE('',#2899,#2900);
#2899 = CARTESIAN_POINT('',(-1.697828815723,0.436201079138,
    0.247910224255));
#2900 = VECTOR('',#2901,1.);
#2901 = DIRECTION('',(0.,1.,0.));
#2902 = FACE_BOUND('',#2903,.T.);
#2903 = EDGE_LOOP('',(#2904,#2914,#2922,#2930));
#2904 = ORIENTED_EDGE('',*,*,#2905,.F.);
#2905 = EDGE_CURVE('',#2906,#2908,#2910,.T.);
#2906 = VERTEX_POINT('',#2907);
#2907 = CARTESIAN_POINT('',(1.664274886559,-0.436201079138,
    0.247910224255));
#2908 = VERTEX_POINT('',#2909);
#2909 = CARTESIAN_POINT('',(0.899245301608,-0.436201079138,
    0.247910224255));
#2910 = LINE('',#2911,#2912);
#2911 = CARTESIAN_POINT('',(1.664274886559,-0.436201079138,
    0.247910224255));
#2912 = VECTOR('',#2913,1.);
#2913 = DIRECTION('',(-1.,0.,0.));
#2914 = ORIENTED_EDGE('',*,*,#2915,.F.);
#2915 = EDGE_CURVE('',#2916,#2906,#2918,.T.);
#2916 = VERTEX_POINT('',#2917);
#2917 = CARTESIAN_POINT('',(1.664274886559,0.436201079138,0.247910224255
    ));
#2918 = LINE('',#2919,#2920);
#2919 = CARTESIAN_POINT('',(1.664274886559,0.436201079138,0.247910224255
    ));
#2920 = VECTOR('',#2921,1.);
#2921 = DIRECTION('',(0.,-1.,0.));
#2922 = ORIENTED_EDGE('',*,*,#2923,.F.);
#2923 = EDGE_CURVE('',#2924,#2916,#2926,.T.);
#2924 = VERTEX_POINT('',#2925);
#2925 = CARTESIAN_POINT('',(0.899245301608,0.436201079138,0.247910224255
    ));
#2926 = LINE('',#2927,#2928);
#2927 = CARTESIAN_POINT('',(1.664274886559,0.436201079138,0.247910224255
    ));
#2928 = VECTOR('',#2929,1.);
#2929 = DIRECTION('',(1.,0.,0.));
#2930 = ORIENTED_EDGE('',*,*,#2931,.F.);
#2931 = EDGE_CURVE('',#2908,#2924,#2932,.T.);
#2932 = LINE('',#2933,#2934);
#2933 = CARTESIAN_POINT('',(0.899245301608,0.436201079138,0.247910224255
    ));
#2934 = VECTOR('',#2935,1.);
#2935 = DIRECTION('',(0.,1.,0.));
#2936 = FACE_BOUND('',#2937,.T.);
#2937 = EDGE_LOOP('',(#2938,#2948,#2956,#2964));
#2938 = ORIENTED_EDGE('',*,*,#2939,.F.);
#2939 = EDGE_CURVE('',#2940,#2942,#2944,.T.);
#2940 = VERTEX_POINT('',#2941);
#2941 = CARTESIAN_POINT('',(0.395936364141,-0.436201079138,
    0.247910224255));
#2942 = VERTEX_POINT('',#2943);
#2943 = CARTESIAN_POINT('',(-0.395936364141,-0.436201079138,
    0.247910224255));
#2944 = LINE('',#2945,#2946);
#2945 = CARTESIAN_POINT('',(-0.395936364141,-0.436201079138,
    0.247910224255));
#2946 = VECTOR('',#2947,1.);
#2947 = DIRECTION('',(-1.,-0.,-0.));
#2948 = ORIENTED_EDGE('',*,*,#2949,.F.);
#2949 = EDGE_CURVE('',#2950,#2940,#2952,.T.);
#2950 = VERTEX_POINT('',#2951);
#2951 = CARTESIAN_POINT('',(0.395936364141,0.436201079138,0.247910224255
    ));
#2952 = LINE('',#2953,#2954);
#2953 = CARTESIAN_POINT('',(0.395936364141,-0.436201079138,
    0.247910224255));
#2954 = VECTOR('',#2955,1.);
#2955 = DIRECTION('',(-0.,-1.,-0.));
#2956 = ORIENTED_EDGE('',*,*,#2957,.F.);
#2957 = EDGE_CURVE('',#2958,#2950,#2960,.T.);
#2958 = VERTEX_POINT('',#2959);
#2959 = CARTESIAN_POINT('',(-0.395936364141,0.436201079138,
    0.247910224255));
#2960 = LINE('',#2961,#2962);
#2961 = CARTESIAN_POINT('',(-0.395936364141,0.436201079138,
    0.247910224255));
#2962 = VECTOR('',#2963,1.);
#2963 = DIRECTION('',(1.,0.,0.));
#2964 = ORIENTED_EDGE('',*,*,#2965,.F.);
#2965 = EDGE_CURVE('',#2942,#2958,#2966,.T.);
#2966 = LINE('',#2967,#2968);
#2967 = CARTESIAN_POINT('',(-0.395936364141,-0.436201079138,
    0.247910224255));
#2968 = VECTOR('',#2969,1.);
#2969 = DIRECTION('',(0.,1.,0.));
#2970 = FACE_BOUND('',#2971,.T.);
#2971 = EDGE_LOOP('',(#2972,#2978,#2979,#2985));
#2972 = ORIENTED_EDGE('',*,*,#2973,.T.);
#2973 = EDGE_CURVE('',#2607,#2731,#2974,.T.);
#2974 = LINE('',#2975,#2976);
#2975 = CARTESIAN_POINT('',(-2.859999919779,0.980103249197,
    0.247910224255));
#2976 = VECTOR('',#2977,1.);
#2977 = DIRECTION('',(1.,0.,0.));
#2978 = ORIENTED_EDGE('',*,*,#2730,.T.);
#2979 = ORIENTED_EDGE('',*,*,#2980,.F.);
#2980 = EDGE_CURVE('',#2609,#2723,#2981,.T.);
#2981 = LINE('',#2982,#2983);
#2982 = CARTESIAN_POINT('',(-2.859999919779,-0.980103249197,
    0.247910224255));
#2983 = VECTOR('',#2984,1.);
#2984 = DIRECTION('',(1.,0.,0.));
#2985 = ORIENTED_EDGE('',*,*,#2606,.F.);
#2986 = PLANE('',#2987);
#2987 = AXIS2_PLACEMENT_3D('',#2988,#2989,#2990);
#2988 = CARTESIAN_POINT('',(-2.859999919779,-0.980103249197,
    0.247910224255));
#2989 = DIRECTION('',(0.,0.,1.));
#2990 = DIRECTION('',(1.,0.,0.));
#2991 = ADVANCED_FACE('',(#2992),#2998,.F.);
#2992 = FACE_BOUND('',#2993,.T.);
#2993 = EDGE_LOOP('',(#2994,#2995,#2996,#2997));
#2994 = ORIENTED_EDGE('',*,*,#2980,.T.);
#2995 = ORIENTED_EDGE('',*,*,#2722,.T.);
#2996 = ORIENTED_EDGE('',*,*,#2293,.F.);
#2997 = ORIENTED_EDGE('',*,*,#2616,.F.);
#2998 = PLANE('',#2999);
#2999 = AXIS2_PLACEMENT_3D('',#3000,#3001,#3002);
#3000 = CARTESIAN_POINT('',(-2.859999919779,-0.980103249197,
    0.247910224255));
#3001 = DIRECTION('',(0.,-1.,0.));
#3002 = DIRECTION('',(0.,0.,-1.));
#3003 = ADVANCED_FACE('',(#3004),#3010,.F.);
#3004 = FACE_BOUND('',#3005,.T.);
#3005 = EDGE_LOOP('',(#3006,#3007,#3008,#3009));
#3006 = ORIENTED_EDGE('',*,*,#2821,.F.);
#3007 = ORIENTED_EDGE('',*,*,#2738,.T.);
#3008 = ORIENTED_EDGE('',*,*,#2973,.F.);
#3009 = ORIENTED_EDGE('',*,*,#2639,.F.);
#3010 = PLANE('',#3011);
#3011 = AXIS2_PLACEMENT_3D('',#3012,#3013,#3014);
#3012 = CARTESIAN_POINT('',(-2.859999919779,0.980103249197,
    0.247910224255));
#3013 = DIRECTION('',(0.,1.,0.));
#3014 = DIRECTION('',(0.,0.,1.));
#3015 = ADVANCED_FACE('',(#3016),#3028,.T.);
#3016 = FACE_BOUND('',#3017,.T.);
#3017 = EDGE_LOOP('',(#3018,#3019,#3026,#3027));
#3018 = ORIENTED_EDGE('',*,*,#644,.F.);
#3019 = ORIENTED_EDGE('',*,*,#3020,.T.);
#3020 = EDGE_CURVE('',#418,#416,#3021,.T.);
#3021 = CIRCLE('',#3022,0.39999998878);
#3022 = AXIS2_PLACEMENT_3D('',#3023,#3024,#3025);
#3023 = CARTESIAN_POINT('',(1.542210598948,-1.599999955121,3.20000000561
    ));
#3024 = DIRECTION('',(0.,0.,-1.));
#3025 = DIRECTION('',(1.,0.,0.));
#3026 = ORIENTED_EDGE('',*,*,#661,.T.);
#3027 = ORIENTED_EDGE('',*,*,#2506,.T.);
#3028 = CYLINDRICAL_SURFACE('',#3029,0.39999998878);
#3029 = AXIS2_PLACEMENT_3D('',#3030,#3031,#3032);
#3030 = CARTESIAN_POINT('',(1.542210598948,-1.599999955121,
    3.300000002805));
#3031 = DIRECTION('',(-0.,-0.,-1.));
#3032 = DIRECTION('',(-1.,0.,0.));
#3033 = ADVANCED_FACE('',(#3034),#3044,.T.);
#3034 = FACE_BOUND('',#3035,.T.);
#3035 = EDGE_LOOP('',(#3036,#3037));
#3036 = ORIENTED_EDGE('',*,*,#435,.T.);
#3037 = ORIENTED_EDGE('',*,*,#3038,.T.);
#3038 = EDGE_CURVE('',#427,#436,#3039,.T.);
#3039 = CIRCLE('',#3040,0.299999991585);
#3040 = AXIS2_PLACEMENT_3D('',#3041,#3042,#3043);
#3041 = CARTESIAN_POINT('',(1.542210598948,-1.599999955121,
    3.300000002805));
#3042 = DIRECTION('',(0.,0.,1.));
#3043 = DIRECTION('',(1.,0.,0.));
#3044 = PLANE('',#3045);
#3045 = AXIS2_PLACEMENT_3D('',#3046,#3047,#3048);
#3046 = CARTESIAN_POINT('',(1.542210598948,-1.599999955121,
    3.300000002805));
#3047 = DIRECTION('',(0.,0.,1.));
#3048 = DIRECTION('',(1.,0.,0.));
#3049 = ADVANCED_FACE('',(#3050),#3062,.T.);
#3050 = FACE_BOUND('',#3051,.T.);
#3051 = EDGE_LOOP('',(#3052,#3053,#3060,#3061));
#3052 = ORIENTED_EDGE('',*,*,#612,.F.);
#3053 = ORIENTED_EDGE('',*,*,#3054,.T.);
#3054 = EDGE_CURVE('',#330,#328,#3055,.T.);
#3055 = CIRCLE('',#3056,0.39999998878);
#3056 = AXIS2_PLACEMENT_3D('',#3057,#3058,#3059);
#3057 = CARTESIAN_POINT('',(-1.542210598948,1.599999955121,3.20000000561
    ));
#3058 = DIRECTION('',(0.,0.,-1.));
#3059 = DIRECTION('',(1.,0.,0.));
#3060 = ORIENTED_EDGE('',*,*,#629,.T.);
#3061 = ORIENTED_EDGE('',*,*,#2496,.T.);
#3062 = CYLINDRICAL_SURFACE('',#3063,0.39999998878);
#3063 = AXIS2_PLACEMENT_3D('',#3064,#3065,#3066);
#3064 = CARTESIAN_POINT('',(-1.542210598948,1.599999955121,
    3.300000002805));
#3065 = DIRECTION('',(-0.,-0.,-1.));
#3066 = DIRECTION('',(-1.,0.,0.));
#3067 = ADVANCED_FACE('',(#3068),#3078,.T.);
#3068 = FACE_BOUND('',#3069,.T.);
#3069 = EDGE_LOOP('',(#3070,#3071));
#3070 = ORIENTED_EDGE('',*,*,#347,.T.);
#3071 = ORIENTED_EDGE('',*,*,#3072,.T.);
#3072 = EDGE_CURVE('',#339,#348,#3073,.T.);
#3073 = CIRCLE('',#3074,0.299999991585);
#3074 = AXIS2_PLACEMENT_3D('',#3075,#3076,#3077);
#3075 = CARTESIAN_POINT('',(-1.542210598948,1.599999955121,
    3.300000002805));
#3076 = DIRECTION('',(0.,0.,1.));
#3077 = DIRECTION('',(1.,0.,0.));
#3078 = PLANE('',#3079);
#3079 = AXIS2_PLACEMENT_3D('',#3080,#3081,#3082);
#3080 = CARTESIAN_POINT('',(-1.542210598948,1.599999955121,
    3.300000002805));
#3081 = DIRECTION('',(0.,0.,1.));
#3082 = DIRECTION('',(1.,0.,0.));
#3083 = ADVANCED_FACE('',(#3084),#3090,.T.);
#3084 = FACE_BOUND('',#3085,.T.);
#3085 = EDGE_LOOP('',(#3086,#3087,#3088,#3089));
#3086 = ORIENTED_EDGE('',*,*,#578,.F.);
#3087 = ORIENTED_EDGE('',*,*,#675,.F.);
#3088 = ORIENTED_EDGE('',*,*,#596,.T.);
#3089 = ORIENTED_EDGE('',*,*,#2856,.F.);
#3090 = TOROIDAL_SURFACE('',#3091,0.966435510802,9.999999719508E-02);
#3091 = AXIS2_PLACEMENT_3D('',#3092,#3093,#3094);
#3092 = CARTESIAN_POINT('',(0.,0.,6.399999915852));
#3093 = DIRECTION('',(0.,0.,1.));
#3094 = DIRECTION('',(1.,0.,0.));
#3095 = ADVANCED_FACE('',(#3096),#3108,.T.);
#3096 = FACE_BOUND('',#3097,.T.);
#3097 = EDGE_LOOP('',(#3098,#3099,#3106,#3107));
#3098 = ORIENTED_EDGE('',*,*,#536,.F.);
#3099 = ORIENTED_EDGE('',*,*,#3100,.T.);
#3100 = EDGE_CURVE('',#374,#372,#3101,.T.);
#3101 = CIRCLE('',#3102,0.39999998878);
#3102 = AXIS2_PLACEMENT_3D('',#3103,#3104,#3105);
#3103 = CARTESIAN_POINT('',(1.542210598948,1.599999955121,3.20000000561)
  );
#3104 = DIRECTION('',(0.,0.,-1.));
#3105 = DIRECTION('',(1.,0.,0.));
#3106 = ORIENTED_EDGE('',*,*,#553,.T.);
#3107 = ORIENTED_EDGE('',*,*,#2486,.T.);
#3108 = CYLINDRICAL_SURFACE('',#3109,0.39999998878);
#3109 = AXIS2_PLACEMENT_3D('',#3110,#3111,#3112);
#3110 = CARTESIAN_POINT('',(1.542210598948,1.599999955121,3.300000002805
    ));
#3111 = DIRECTION('',(-0.,-0.,-1.));
#3112 = DIRECTION('',(-1.,0.,0.));
#3113 = ADVANCED_FACE('',(#3114),#3124,.T.);
#3114 = FACE_BOUND('',#3115,.T.);
#3115 = EDGE_LOOP('',(#3116,#3117));
#3116 = ORIENTED_EDGE('',*,*,#391,.T.);
#3117 = ORIENTED_EDGE('',*,*,#3118,.T.);
#3118 = EDGE_CURVE('',#383,#392,#3119,.T.);
#3119 = CIRCLE('',#3120,0.299999991585);
#3120 = AXIS2_PLACEMENT_3D('',#3121,#3122,#3123);
#3121 = CARTESIAN_POINT('',(1.542210598948,1.599999955121,3.300000002805
    ));
#3122 = DIRECTION('',(0.,0.,1.));
#3123 = DIRECTION('',(1.,0.,0.));
#3124 = PLANE('',#3125);
#3125 = AXIS2_PLACEMENT_3D('',#3126,#3127,#3128);
#3126 = CARTESIAN_POINT('',(1.542210598948,1.599999955121,3.300000002805
    ));
#3127 = DIRECTION('',(0.,0.,1.));
#3128 = DIRECTION('',(1.,0.,0.));
#3129 = ADVANCED_FACE('',(#3130),#3142,.T.);
#3130 = FACE_BOUND('',#3131,.T.);
#3131 = EDGE_LOOP('',(#3132,#3133,#3140,#3141));
#3132 = ORIENTED_EDGE('',*,*,#504,.F.);
#3133 = ORIENTED_EDGE('',*,*,#3134,.T.);
#3134 = EDGE_CURVE('',#462,#460,#3135,.T.);
#3135 = CIRCLE('',#3136,0.39999998878);
#3136 = AXIS2_PLACEMENT_3D('',#3137,#3138,#3139);
#3137 = CARTESIAN_POINT('',(-1.542210598948,-1.599999955121,
    3.20000000561));
#3138 = DIRECTION('',(0.,0.,-1.));
#3139 = DIRECTION('',(1.,0.,0.));
#3140 = ORIENTED_EDGE('',*,*,#521,.T.);
#3141 = ORIENTED_EDGE('',*,*,#2476,.T.);
#3142 = CYLINDRICAL_SURFACE('',#3143,0.39999998878);
#3143 = AXIS2_PLACEMENT_3D('',#3144,#3145,#3146);
#3144 = CARTESIAN_POINT('',(-1.542210598948,-1.599999955121,
    3.300000002805));
#3145 = DIRECTION('',(-0.,-0.,-1.));
#3146 = DIRECTION('',(-1.,0.,0.));
#3147 = ADVANCED_FACE('',(#3148),#3158,.T.);
#3148 = FACE_BOUND('',#3149,.T.);
#3149 = EDGE_LOOP('',(#3150,#3151));
#3150 = ORIENTED_EDGE('',*,*,#479,.T.);
#3151 = ORIENTED_EDGE('',*,*,#3152,.T.);
#3152 = EDGE_CURVE('',#471,#480,#3153,.T.);
#3153 = CIRCLE('',#3154,0.299999991585);
#3154 = AXIS2_PLACEMENT_3D('',#3155,#3156,#3157);
#3155 = CARTESIAN_POINT('',(-1.542210598948,-1.599999955121,
    3.300000002805));
#3156 = DIRECTION('',(0.,0.,1.));
#3157 = DIRECTION('',(1.,0.,0.));
#3158 = PLANE('',#3159);
#3159 = AXIS2_PLACEMENT_3D('',#3160,#3161,#3162);
#3160 = CARTESIAN_POINT('',(-1.542210598948,-1.599999955121,
    3.300000002805));
#3161 = DIRECTION('',(0.,0.,1.));
#3162 = DIRECTION('',(1.,0.,0.));
#3163 = ADVANCED_FACE('',(#3164),#3170,.T.);
#3164 = FACE_BOUND('',#3165,.T.);
#3165 = EDGE_LOOP('',(#3166,#3167,#3168,#3169));
#3166 = ORIENTED_EDGE('',*,*,#470,.F.);
#3167 = ORIENTED_EDGE('',*,*,#3134,.F.);
#3168 = ORIENTED_EDGE('',*,*,#488,.T.);
#3169 = ORIENTED_EDGE('',*,*,#3152,.F.);
#3170 = TOROIDAL_SURFACE('',#3171,0.299999991585,9.999999719508E-02);
#3171 = AXIS2_PLACEMENT_3D('',#3172,#3173,#3174);
#3172 = CARTESIAN_POINT('',(-1.542210598948,-1.599999955121,
    3.20000000561));
#3173 = DIRECTION('',(0.,0.,1.));
#3174 = DIRECTION('',(1.,0.,0.));
#3175 = ADVANCED_FACE('',(#3176),#3182,.T.);
#3176 = FACE_BOUND('',#3177,.T.);
#3177 = EDGE_LOOP('',(#3178,#3179,#3180,#3181));
#3178 = ORIENTED_EDGE('',*,*,#426,.F.);
#3179 = ORIENTED_EDGE('',*,*,#3020,.F.);
#3180 = ORIENTED_EDGE('',*,*,#444,.T.);
#3181 = ORIENTED_EDGE('',*,*,#3038,.F.);
#3182 = TOROIDAL_SURFACE('',#3183,0.299999991585,9.999999719508E-02);
#3183 = AXIS2_PLACEMENT_3D('',#3184,#3185,#3186);
#3184 = CARTESIAN_POINT('',(1.542210598948,-1.599999955121,3.20000000561
    ));
#3185 = DIRECTION('',(0.,0.,1.));
#3186 = DIRECTION('',(1.,0.,0.));
#3187 = ADVANCED_FACE('',(#3188),#3194,.T.);
#3188 = FACE_BOUND('',#3189,.T.);
#3189 = EDGE_LOOP('',(#3190,#3191,#3192,#3193));
#3190 = ORIENTED_EDGE('',*,*,#382,.F.);
#3191 = ORIENTED_EDGE('',*,*,#3100,.F.);
#3192 = ORIENTED_EDGE('',*,*,#400,.T.);
#3193 = ORIENTED_EDGE('',*,*,#3118,.F.);
#3194 = TOROIDAL_SURFACE('',#3195,0.299999991585,9.999999719508E-02);
#3195 = AXIS2_PLACEMENT_3D('',#3196,#3197,#3198);
#3196 = CARTESIAN_POINT('',(1.542210598948,1.599999955121,3.20000000561)
  );
#3197 = DIRECTION('',(0.,0.,1.));
#3198 = DIRECTION('',(1.,0.,0.));
#3199 = ADVANCED_FACE('',(#3200),#3206,.T.);
#3200 = FACE_BOUND('',#3201,.T.);
#3201 = EDGE_LOOP('',(#3202,#3203,#3204,#3205));
#3202 = ORIENTED_EDGE('',*,*,#338,.F.);
#3203 = ORIENTED_EDGE('',*,*,#3054,.F.);
#3204 = ORIENTED_EDGE('',*,*,#356,.T.);
#3205 = ORIENTED_EDGE('',*,*,#3072,.F.);
#3206 = TOROIDAL_SURFACE('',#3207,0.299999991585,9.999999719508E-02);
#3207 = AXIS2_PLACEMENT_3D('',#3208,#3209,#3210);
#3208 = CARTESIAN_POINT('',(-1.542210598948,1.599999955121,3.20000000561
    ));
#3209 = DIRECTION('',(0.,0.,1.));
#3210 = DIRECTION('',(1.,0.,0.));
#3211 = ADVANCED_FACE('',(#3212),#3246,.F.);
#3212 = FACE_BOUND('',#3213,.T.);
#3213 = EDGE_LOOP('',(#3214,#3224,#3232,#3240));
#3214 = ORIENTED_EDGE('',*,*,#3215,.T.);
#3215 = EDGE_CURVE('',#3216,#3218,#3220,.T.);
#3216 = VERTEX_POINT('',#3217);
#3217 = CARTESIAN_POINT('',(3.102028398457,1.149999967743,0.200000089758
    ));
#3218 = VERTEX_POINT('',#3219);
#3219 = CARTESIAN_POINT('',(3.399999904633,1.149999967743,0.200000089758
    ));
#3220 = LINE('',#3221,#3222);
#3221 = CARTESIAN_POINT('',(3.102028398457,1.149999967743,0.200000089758
    ));
#3222 = VECTOR('',#3223,1.);
#3223 = DIRECTION('',(1.,0.,0.));
#3224 = ORIENTED_EDGE('',*,*,#3225,.F.);
#3225 = EDGE_CURVE('',#3226,#3218,#3228,.T.);
#3226 = VERTEX_POINT('',#3227);
#3227 = CARTESIAN_POINT('',(3.399999904633,1.849999948109,0.200000089758
    ));
#3228 = LINE('',#3229,#3230);
#3229 = CARTESIAN_POINT('',(3.399999904633,1.849999948109,0.200000089758
    ));
#3230 = VECTOR('',#3231,1.);
#3231 = DIRECTION('',(-0.,-1.,-0.));
#3232 = ORIENTED_EDGE('',*,*,#3233,.F.);
#3233 = EDGE_CURVE('',#3234,#3226,#3236,.T.);
#3234 = VERTEX_POINT('',#3235);
#3235 = CARTESIAN_POINT('',(3.102028398457,1.849999948109,0.200000089758
    ));
#3236 = LINE('',#3237,#3238);
#3237 = CARTESIAN_POINT('',(3.102028398457,1.849999948109,0.200000089758
    ));
#3238 = VECTOR('',#3239,1.);
#3239 = DIRECTION('',(1.,0.,0.));
#3240 = ORIENTED_EDGE('',*,*,#3241,.T.);
#3241 = EDGE_CURVE('',#3234,#3216,#3242,.T.);
#3242 = LINE('',#3243,#3244);
#3243 = CARTESIAN_POINT('',(3.102028398457,1.849999948109,0.200000089758
    ));
#3244 = VECTOR('',#3245,1.);
#3245 = DIRECTION('',(-0.,-1.,-0.));
#3246 = PLANE('',#3247);
#3247 = AXIS2_PLACEMENT_3D('',#3248,#3249,#3250);
#3248 = CARTESIAN_POINT('',(3.102028398457,1.849999948109,0.200000089758
    ));
#3249 = DIRECTION('',(0.,0.,-1.));
#3250 = DIRECTION('',(-1.,0.,0.));
#3251 = ADVANCED_FACE('',(#3252),#3277,.T.);
#3252 = FACE_BOUND('',#3253,.T.);
#3253 = EDGE_LOOP('',(#3254,#3262,#3270,#3276));
#3254 = ORIENTED_EDGE('',*,*,#3255,.F.);
#3255 = EDGE_CURVE('',#3256,#3218,#3258,.T.);
#3256 = VERTEX_POINT('',#3257);
#3257 = CARTESIAN_POINT('',(3.399999904633,1.149999967743,
    9.536742906491E-08));
#3258 = LINE('',#3259,#3260);
#3259 = CARTESIAN_POINT('',(3.399999904633,1.149999967743,
    9.536742906491E-08));
#3260 = VECTOR('',#3261,1.);
#3261 = DIRECTION('',(0.,0.,1.));
#3262 = ORIENTED_EDGE('',*,*,#3263,.F.);
#3263 = EDGE_CURVE('',#3264,#3256,#3266,.T.);
#3264 = VERTEX_POINT('',#3265);
#3265 = CARTESIAN_POINT('',(3.399999904633,1.849999948109,
    9.536742906491E-08));
#3266 = LINE('',#3267,#3268);
#3267 = CARTESIAN_POINT('',(3.399999904633,1.849999948109,
    9.536742906491E-08));
#3268 = VECTOR('',#3269,1.);
#3269 = DIRECTION('',(-0.,-1.,-0.));
#3270 = ORIENTED_EDGE('',*,*,#3271,.T.);
#3271 = EDGE_CURVE('',#3264,#3226,#3272,.T.);
#3272 = LINE('',#3273,#3274);
#3273 = CARTESIAN_POINT('',(3.399999904633,1.849999948109,
    9.536742906491E-08));
#3274 = VECTOR('',#3275,1.);
#3275 = DIRECTION('',(0.,0.,1.));
#3276 = ORIENTED_EDGE('',*,*,#3225,.T.);
#3277 = PLANE('',#3278);
#3278 = AXIS2_PLACEMENT_3D('',#3279,#3280,#3281);
#3279 = CARTESIAN_POINT('',(3.399999904633,1.849999948109,
    9.536742906491E-08));
#3280 = DIRECTION('',(1.,0.,0.));
#3281 = DIRECTION('',(0.,0.,-1.));
#3282 = ADVANCED_FACE('',(#3283),#3308,.T.);
#3283 = FACE_BOUND('',#3284,.T.);
#3284 = EDGE_LOOP('',(#3285,#3293,#3301,#3307));
#3285 = ORIENTED_EDGE('',*,*,#3286,.F.);
#3286 = EDGE_CURVE('',#3287,#3256,#3289,.T.);
#3287 = VERTEX_POINT('',#3288);
#3288 = CARTESIAN_POINT('',(3.102028398457,1.149999967743,
    9.536742906491E-08));
#3289 = LINE('',#3290,#3291);
#3290 = CARTESIAN_POINT('',(3.102028398457,1.149999967743,
    9.536742906491E-08));
#3291 = VECTOR('',#3292,1.);
#3292 = DIRECTION('',(1.,0.,0.));
#3293 = ORIENTED_EDGE('',*,*,#3294,.F.);
#3294 = EDGE_CURVE('',#3295,#3287,#3297,.T.);
#3295 = VERTEX_POINT('',#3296);
#3296 = CARTESIAN_POINT('',(3.102028398457,1.849999948109,
    9.536742906491E-08));
#3297 = LINE('',#3298,#3299);
#3298 = CARTESIAN_POINT('',(3.102028398457,1.849999948109,
    9.536742906491E-08));
#3299 = VECTOR('',#3300,1.);
#3300 = DIRECTION('',(-0.,-1.,-0.));
#3301 = ORIENTED_EDGE('',*,*,#3302,.T.);
#3302 = EDGE_CURVE('',#3295,#3264,#3303,.T.);
#3303 = LINE('',#3304,#3305);
#3304 = CARTESIAN_POINT('',(3.102028398457,1.849999948109,
    9.536742906491E-08));
#3305 = VECTOR('',#3306,1.);
#3306 = DIRECTION('',(1.,0.,0.));
#3307 = ORIENTED_EDGE('',*,*,#3263,.T.);
#3308 = PLANE('',#3309);
#3309 = AXIS2_PLACEMENT_3D('',#3310,#3311,#3312);
#3310 = CARTESIAN_POINT('',(3.102028398457,1.849999948109,
    9.536742906491E-08));
#3311 = DIRECTION('',(0.,0.,-1.));
#3312 = DIRECTION('',(-1.,0.,0.));
#3313 = ADVANCED_FACE('',(#3314),#3341,.T.);
#3314 = FACE_BOUND('',#3315,.T.);
#3315 = EDGE_LOOP('',(#3316,#3325,#3333,#3340));
#3316 = ORIENTED_EDGE('',*,*,#3317,.F.);
#3317 = EDGE_CURVE('',#3318,#3287,#3320,.T.);
#3318 = VERTEX_POINT('',#3319);
#3319 = CARTESIAN_POINT('',(2.928242144108,1.149999967743,0.101013547464
    ));
#3320 = CIRCLE('',#3321,0.19999999439);
#3321 = AXIS2_PLACEMENT_3D('',#3322,#3323,#3324);
#3322 = CARTESIAN_POINT('',(3.102028398457,1.149999967743,0.200000089758
    ));
#3323 = DIRECTION('',(0.,-1.,0.));
#3324 = DIRECTION('',(1.,0.,0.));
#3325 = ORIENTED_EDGE('',*,*,#3326,.F.);
#3326 = EDGE_CURVE('',#3327,#3318,#3329,.T.);
#3327 = VERTEX_POINT('',#3328);
#3328 = CARTESIAN_POINT('',(2.928242144108,1.849999948109,0.101013547464
    ));
#3329 = LINE('',#3330,#3331);
#3330 = CARTESIAN_POINT('',(2.928242144108,1.849999948109,0.101013547464
    ));
#3331 = VECTOR('',#3332,1.);
#3332 = DIRECTION('',(-0.,-1.,-0.));
#3333 = ORIENTED_EDGE('',*,*,#3334,.T.);
#3334 = EDGE_CURVE('',#3327,#3295,#3335,.T.);
#3335 = CIRCLE('',#3336,0.19999999439);
#3336 = AXIS2_PLACEMENT_3D('',#3337,#3338,#3339);
#3337 = CARTESIAN_POINT('',(3.102028398457,1.849999948109,0.200000089758
    ));
#3338 = DIRECTION('',(0.,-1.,0.));
#3339 = DIRECTION('',(1.,0.,0.));
#3340 = ORIENTED_EDGE('',*,*,#3294,.T.);
#3341 = CYLINDRICAL_SURFACE('',#3342,0.19999999439);
#3342 = AXIS2_PLACEMENT_3D('',#3343,#3344,#3345);
#3343 = CARTESIAN_POINT('',(3.102028398457,1.849999948109,0.200000089758
    ));
#3344 = DIRECTION('',(-0.,-1.,-0.));
#3345 = DIRECTION('',(0.,0.,-1.));
#3346 = ADVANCED_FACE('',(#3347),#3372,.T.);
#3347 = FACE_BOUND('',#3348,.T.);
#3348 = EDGE_LOOP('',(#3349,#3357,#3365,#3371));
#3349 = ORIENTED_EDGE('',*,*,#3350,.F.);
#3350 = EDGE_CURVE('',#3351,#3318,#3353,.T.);
#3351 = VERTEX_POINT('',#3352);
#3352 = CARTESIAN_POINT('',(2.80314177261,1.149999967743,0.320646686239)
  );
#3353 = LINE('',#3354,#3355);
#3354 = CARTESIAN_POINT('',(2.80314177261,1.149999967743,0.320646686239)
  );
#3355 = VECTOR('',#3356,1.);
#3356 = DIRECTION('',(0.494932725348,0.,-0.868931296121));
#3357 = ORIENTED_EDGE('',*,*,#3358,.F.);
#3358 = EDGE_CURVE('',#3359,#3351,#3361,.T.);
#3359 = VERTEX_POINT('',#3360);
#3360 = CARTESIAN_POINT('',(2.80314177261,1.849999948109,0.320646686239)
  );
#3361 = LINE('',#3362,#3363);
#3362 = CARTESIAN_POINT('',(2.80314177261,1.849999948109,0.320646686239)
  );
#3363 = VECTOR('',#3364,1.);
#3364 = DIRECTION('',(-0.,-1.,-0.));
#3365 = ORIENTED_EDGE('',*,*,#3366,.T.);
#3366 = EDGE_CURVE('',#3359,#3327,#3367,.T.);
#3367 = LINE('',#3368,#3369);
#3368 = CARTESIAN_POINT('',(2.80314177261,1.849999948109,0.320646686239)
  );
#3369 = VECTOR('',#3370,1.);
#3370 = DIRECTION('',(0.494932725348,0.,-0.868931296121));
#3371 = ORIENTED_EDGE('',*,*,#3326,.T.);
#3372 = PLANE('',#3373);
#3373 = AXIS2_PLACEMENT_3D('',#3374,#3375,#3376);
#3374 = CARTESIAN_POINT('',(2.80314177261,1.849999948109,0.320646686239)
  );
#3375 = DIRECTION('',(-0.868931296121,0.,-0.494932725348));
#3376 = DIRECTION('',(-0.494932725348,0.,0.868931296121));
#3377 = ADVANCED_FACE('',(#3378),#3394,.T.);
#3378 = FACE_BOUND('',#3379,.T.);
#3379 = EDGE_LOOP('',(#3380,#3386,#3387,#3393));
#3380 = ORIENTED_EDGE('',*,*,#3381,.F.);
#3381 = EDGE_CURVE('',#2706,#3351,#3382,.T.);
#3382 = LINE('',#3383,#3384);
#3383 = CARTESIAN_POINT('',(2.23999993717,1.149999967743,0.320646686239)
  );
#3384 = VECTOR('',#3385,1.);
#3385 = DIRECTION('',(1.,0.,0.));
#3386 = ORIENTED_EDGE('',*,*,#2705,.F.);
#3387 = ORIENTED_EDGE('',*,*,#3388,.T.);
#3388 = EDGE_CURVE('',#2698,#3359,#3389,.T.);
#3389 = LINE('',#3390,#3391);
#3390 = CARTESIAN_POINT('',(2.23999993717,1.849999948109,0.320646686239)
  );
#3391 = VECTOR('',#3392,1.);
#3392 = DIRECTION('',(1.,0.,0.));
#3393 = ORIENTED_EDGE('',*,*,#3358,.T.);
#3394 = PLANE('',#3395);
#3395 = AXIS2_PLACEMENT_3D('',#3396,#3397,#3398);
#3396 = CARTESIAN_POINT('',(2.23999993717,1.849999948109,0.320646686239)
  );
#3397 = DIRECTION('',(0.,0.,-1.));
#3398 = DIRECTION('',(-1.,0.,0.));
#3399 = ADVANCED_FACE('',(#3400),#3425,.F.);
#3400 = FACE_BOUND('',#3401,.T.);
#3401 = EDGE_LOOP('',(#3402,#3410,#3418,#3424));
#3402 = ORIENTED_EDGE('',*,*,#3403,.T.);
#3403 = EDGE_CURVE('',#2690,#3404,#3406,.T.);
#3404 = VERTEX_POINT('',#3405);
#3405 = CARTESIAN_POINT('',(2.80314177261,1.149999967743,0.52064668063)
  );
#3406 = LINE('',#3407,#3408);
#3407 = CARTESIAN_POINT('',(2.23999993717,1.149999967743,0.52064668063)
  );
#3408 = VECTOR('',#3409,1.);
#3409 = DIRECTION('',(1.,0.,0.));
#3410 = ORIENTED_EDGE('',*,*,#3411,.F.);
#3411 = EDGE_CURVE('',#3412,#3404,#3414,.T.);
#3412 = VERTEX_POINT('',#3413);
#3413 = CARTESIAN_POINT('',(2.80314177261,1.849999948109,0.52064668063)
  );
#3414 = LINE('',#3415,#3416);
#3415 = CARTESIAN_POINT('',(2.80314177261,1.849999948109,0.52064668063)
  );
#3416 = VECTOR('',#3417,1.);
#3417 = DIRECTION('',(-0.,-1.,-0.));
#3418 = ORIENTED_EDGE('',*,*,#3419,.F.);
#3419 = EDGE_CURVE('',#2688,#3412,#3420,.T.);
#3420 = LINE('',#3421,#3422);
#3421 = CARTESIAN_POINT('',(2.23999993717,1.849999948109,0.52064668063)
  );
#3422 = VECTOR('',#3423,1.);
#3423 = DIRECTION('',(1.,0.,0.));
#3424 = ORIENTED_EDGE('',*,*,#2687,.T.);
#3425 = PLANE('',#3426);
#3426 = AXIS2_PLACEMENT_3D('',#3427,#3428,#3429);
#3427 = CARTESIAN_POINT('',(2.23999993717,1.849999948109,0.52064668063)
  );
#3428 = DIRECTION('',(0.,0.,-1.));
#3429 = DIRECTION('',(-1.,0.,0.));
#3430 = ADVANCED_FACE('',(#3431),#3458,.T.);
#3431 = FACE_BOUND('',#3432,.T.);
#3432 = EDGE_LOOP('',(#3433,#3442,#3450,#3457));
#3433 = ORIENTED_EDGE('',*,*,#3434,.T.);
#3434 = EDGE_CURVE('',#3404,#3435,#3437,.T.);
#3435 = VERTEX_POINT('',#3436);
#3436 = CARTESIAN_POINT('',(2.97692802696,1.149999967743,0.419633228533)
  );
#3437 = CIRCLE('',#3438,0.19999999439);
#3438 = AXIS2_PLACEMENT_3D('',#3439,#3440,#3441);
#3439 = CARTESIAN_POINT('',(2.80314177261,1.149999967743,0.320646686239)
  );
#3440 = DIRECTION('',(-0.,1.,0.));
#3441 = DIRECTION('',(1.,0.,0.));
#3442 = ORIENTED_EDGE('',*,*,#3443,.F.);
#3443 = EDGE_CURVE('',#3444,#3435,#3446,.T.);
#3444 = VERTEX_POINT('',#3445);
#3445 = CARTESIAN_POINT('',(2.97692802696,1.849999948109,0.419633228533)
  );
#3446 = LINE('',#3447,#3448);
#3447 = CARTESIAN_POINT('',(2.97692802696,1.849999948109,0.419633228533)
  );
#3448 = VECTOR('',#3449,1.);
#3449 = DIRECTION('',(-0.,-1.,-0.));
#3450 = ORIENTED_EDGE('',*,*,#3451,.F.);
#3451 = EDGE_CURVE('',#3412,#3444,#3452,.T.);
#3452 = CIRCLE('',#3453,0.19999999439);
#3453 = AXIS2_PLACEMENT_3D('',#3454,#3455,#3456);
#3454 = CARTESIAN_POINT('',(2.80314177261,1.849999948109,0.320646686239)
  );
#3455 = DIRECTION('',(-0.,1.,0.));
#3456 = DIRECTION('',(1.,0.,0.));
#3457 = ORIENTED_EDGE('',*,*,#3411,.T.);
#3458 = CYLINDRICAL_SURFACE('',#3459,0.19999999439);
#3459 = AXIS2_PLACEMENT_3D('',#3460,#3461,#3462);
#3460 = CARTESIAN_POINT('',(2.80314177261,1.849999948109,0.320646686239)
  );
#3461 = DIRECTION('',(-0.,-1.,-0.));
#3462 = DIRECTION('',(0.,0.,-1.));
#3463 = ADVANCED_FACE('',(#3464),#3480,.F.);
#3464 = FACE_BOUND('',#3465,.T.);
#3465 = EDGE_LOOP('',(#3466,#3472,#3473,#3479));
#3466 = ORIENTED_EDGE('',*,*,#3467,.T.);
#3467 = EDGE_CURVE('',#3435,#3216,#3468,.T.);
#3468 = LINE('',#3469,#3470);
#3469 = CARTESIAN_POINT('',(2.97692802696,1.149999967743,0.419633228533)
  );
#3470 = VECTOR('',#3471,1.);
#3471 = DIRECTION('',(0.494932725348,0.,-0.868931296121));
#3472 = ORIENTED_EDGE('',*,*,#3241,.F.);
#3473 = ORIENTED_EDGE('',*,*,#3474,.F.);
#3474 = EDGE_CURVE('',#3444,#3234,#3475,.T.);
#3475 = LINE('',#3476,#3477);
#3476 = CARTESIAN_POINT('',(2.97692802696,1.849999948109,0.419633228533)
  );
#3477 = VECTOR('',#3478,1.);
#3478 = DIRECTION('',(0.494932725348,0.,-0.868931296121));
#3479 = ORIENTED_EDGE('',*,*,#3443,.T.);
#3480 = PLANE('',#3481);
#3481 = AXIS2_PLACEMENT_3D('',#3482,#3483,#3484);
#3482 = CARTESIAN_POINT('',(2.97692802696,1.849999948109,0.419633228533)
  );
#3483 = DIRECTION('',(-0.868931296121,0.,-0.494932725348));
#3484 = DIRECTION('',(-0.494932725348,0.,0.868931296121));
#3485 = ADVANCED_FACE('',(#3486),#3498,.T.);
#3486 = FACE_BOUND('',#3487,.T.);
#3487 = EDGE_LOOP('',(#3488,#3489,#3490,#3491,#3492,#3493,#3494,#3495,
    #3496,#3497));
#3488 = ORIENTED_EDGE('',*,*,#3233,.T.);
#3489 = ORIENTED_EDGE('',*,*,#3271,.F.);
#3490 = ORIENTED_EDGE('',*,*,#3302,.F.);
#3491 = ORIENTED_EDGE('',*,*,#3334,.F.);
#3492 = ORIENTED_EDGE('',*,*,#3366,.F.);
#3493 = ORIENTED_EDGE('',*,*,#3388,.F.);
#3494 = ORIENTED_EDGE('',*,*,#2697,.F.);
#3495 = ORIENTED_EDGE('',*,*,#3419,.T.);
#3496 = ORIENTED_EDGE('',*,*,#3451,.T.);
#3497 = ORIENTED_EDGE('',*,*,#3474,.T.);
#3498 = PLANE('',#3499);
#3499 = AXIS2_PLACEMENT_3D('',#3500,#3501,#3502);
#3500 = CARTESIAN_POINT('',(3.102028398457,1.849999948109,0.200000089758
    ));
#3501 = DIRECTION('',(0.,1.,0.));
#3502 = DIRECTION('',(1.,0.,0.));
#3503 = ADVANCED_FACE('',(#3504),#3516,.F.);
#3504 = FACE_BOUND('',#3505,.T.);
#3505 = EDGE_LOOP('',(#3506,#3507,#3508,#3509,#3510,#3511,#3512,#3513,
    #3514,#3515));
#3506 = ORIENTED_EDGE('',*,*,#3215,.F.);
#3507 = ORIENTED_EDGE('',*,*,#3467,.F.);
#3508 = ORIENTED_EDGE('',*,*,#3434,.F.);
#3509 = ORIENTED_EDGE('',*,*,#3403,.F.);
#3510 = ORIENTED_EDGE('',*,*,#2713,.T.);
#3511 = ORIENTED_EDGE('',*,*,#3381,.T.);
#3512 = ORIENTED_EDGE('',*,*,#3350,.T.);
#3513 = ORIENTED_EDGE('',*,*,#3317,.T.);
#3514 = ORIENTED_EDGE('',*,*,#3286,.T.);
#3515 = ORIENTED_EDGE('',*,*,#3255,.T.);
#3516 = PLANE('',#3517);
#3517 = AXIS2_PLACEMENT_3D('',#3518,#3519,#3520);
#3518 = CARTESIAN_POINT('',(3.102028398457,1.149999967743,0.200000089758
    ));
#3519 = DIRECTION('',(0.,1.,0.));
#3520 = DIRECTION('',(1.,0.,0.));
#3521 = ADVANCED_FACE('',(#3522),#3556,.F.);
#3522 = FACE_BOUND('',#3523,.T.);
#3523 = EDGE_LOOP('',(#3524,#3534,#3542,#3550));
#3524 = ORIENTED_EDGE('',*,*,#3525,.T.);
#3525 = EDGE_CURVE('',#3526,#3528,#3530,.T.);
#3526 = VERTEX_POINT('',#3527);
#3527 = CARTESIAN_POINT('',(-3.102028398457,1.149999967743,
    9.536742906491E-08));
#3528 = VERTEX_POINT('',#3529);
#3529 = CARTESIAN_POINT('',(-3.399999904633,1.149999967743,
    9.536742906491E-08));
#3530 = LINE('',#3531,#3532);
#3531 = CARTESIAN_POINT('',(-3.102028398457,1.149999967743,
    9.536742906491E-08));
#3532 = VECTOR('',#3533,1.);
#3533 = DIRECTION('',(-1.,-0.,-0.));
#3534 = ORIENTED_EDGE('',*,*,#3535,.F.);
#3535 = EDGE_CURVE('',#3536,#3528,#3538,.T.);
#3536 = VERTEX_POINT('',#3537);
#3537 = CARTESIAN_POINT('',(-3.399999904633,1.849999948109,
    9.536742906491E-08));
#3538 = LINE('',#3539,#3540);
#3539 = CARTESIAN_POINT('',(-3.399999904633,1.849999948109,
    9.536742906491E-08));
#3540 = VECTOR('',#3541,1.);
#3541 = DIRECTION('',(-0.,-1.,-0.));
#3542 = ORIENTED_EDGE('',*,*,#3543,.F.);
#3543 = EDGE_CURVE('',#3544,#3536,#3546,.T.);
#3544 = VERTEX_POINT('',#3545);
#3545 = CARTESIAN_POINT('',(-3.102028398457,1.849999948109,
    9.536742906491E-08));
#3546 = LINE('',#3547,#3548);
#3547 = CARTESIAN_POINT('',(-3.102028398457,1.849999948109,
    9.536742906491E-08));
#3548 = VECTOR('',#3549,1.);
#3549 = DIRECTION('',(-1.,-0.,-0.));
#3550 = ORIENTED_EDGE('',*,*,#3551,.T.);
#3551 = EDGE_CURVE('',#3544,#3526,#3552,.T.);
#3552 = LINE('',#3553,#3554);
#3553 = CARTESIAN_POINT('',(-3.102028398457,1.849999948109,
    9.536742906491E-08));
#3554 = VECTOR('',#3555,1.);
#3555 = DIRECTION('',(-0.,-1.,-0.));
#3556 = PLANE('',#3557);
#3557 = AXIS2_PLACEMENT_3D('',#3558,#3559,#3560);
#3558 = CARTESIAN_POINT('',(-3.102028398457,1.849999948109,
    9.536742906491E-08));
#3559 = DIRECTION('',(0.,0.,1.));
#3560 = DIRECTION('',(1.,0.,0.));
#3561 = ADVANCED_FACE('',(#3562),#3587,.T.);
#3562 = FACE_BOUND('',#3563,.T.);
#3563 = EDGE_LOOP('',(#3564,#3572,#3580,#3586));
#3564 = ORIENTED_EDGE('',*,*,#3565,.F.);
#3565 = EDGE_CURVE('',#3566,#3528,#3568,.T.);
#3566 = VERTEX_POINT('',#3567);
#3567 = CARTESIAN_POINT('',(-3.399999904633,1.149999967743,
    0.200000089758));
#3568 = LINE('',#3569,#3570);
#3569 = CARTESIAN_POINT('',(-3.399999904633,1.149999967743,
    0.200000089758));
#3570 = VECTOR('',#3571,1.);
#3571 = DIRECTION('',(0.,0.,-1.));
#3572 = ORIENTED_EDGE('',*,*,#3573,.F.);
#3573 = EDGE_CURVE('',#3574,#3566,#3576,.T.);
#3574 = VERTEX_POINT('',#3575);
#3575 = CARTESIAN_POINT('',(-3.399999904633,1.849999948109,
    0.200000089758));
#3576 = LINE('',#3577,#3578);
#3577 = CARTESIAN_POINT('',(-3.399999904633,1.849999948109,
    0.200000089758));
#3578 = VECTOR('',#3579,1.);
#3579 = DIRECTION('',(-0.,-1.,-0.));
#3580 = ORIENTED_EDGE('',*,*,#3581,.T.);
#3581 = EDGE_CURVE('',#3574,#3536,#3582,.T.);
#3582 = LINE('',#3583,#3584);
#3583 = CARTESIAN_POINT('',(-3.399999904633,1.849999948109,
    0.200000089758));
#3584 = VECTOR('',#3585,1.);
#3585 = DIRECTION('',(0.,0.,-1.));
#3586 = ORIENTED_EDGE('',*,*,#3535,.T.);
#3587 = PLANE('',#3588);
#3588 = AXIS2_PLACEMENT_3D('',#3589,#3590,#3591);
#3589 = CARTESIAN_POINT('',(-3.399999904633,1.849999948109,
    0.200000089758));
#3590 = DIRECTION('',(-1.,0.,0.));
#3591 = DIRECTION('',(0.,0.,1.));
#3592 = ADVANCED_FACE('',(#3593),#3618,.T.);
#3593 = FACE_BOUND('',#3594,.T.);
#3594 = EDGE_LOOP('',(#3595,#3603,#3611,#3617));
#3595 = ORIENTED_EDGE('',*,*,#3596,.F.);
#3596 = EDGE_CURVE('',#3597,#3566,#3599,.T.);
#3597 = VERTEX_POINT('',#3598);
#3598 = CARTESIAN_POINT('',(-3.102028398457,1.149999967743,
    0.200000089758));
#3599 = LINE('',#3600,#3601);
#3600 = CARTESIAN_POINT('',(-3.102028398457,1.149999967743,
    0.200000089758));
#3601 = VECTOR('',#3602,1.);
#3602 = DIRECTION('',(-1.,-0.,-0.));
#3603 = ORIENTED_EDGE('',*,*,#3604,.F.);
#3604 = EDGE_CURVE('',#3605,#3597,#3607,.T.);
#3605 = VERTEX_POINT('',#3606);
#3606 = CARTESIAN_POINT('',(-3.102028398457,1.849999948109,
    0.200000089758));
#3607 = LINE('',#3608,#3609);
#3608 = CARTESIAN_POINT('',(-3.102028398457,1.849999948109,
    0.200000089758));
#3609 = VECTOR('',#3610,1.);
#3610 = DIRECTION('',(-0.,-1.,-0.));
#3611 = ORIENTED_EDGE('',*,*,#3612,.T.);
#3612 = EDGE_CURVE('',#3605,#3574,#3613,.T.);
#3613 = LINE('',#3614,#3615);
#3614 = CARTESIAN_POINT('',(-3.102028398457,1.849999948109,
    0.200000089758));
#3615 = VECTOR('',#3616,1.);
#3616 = DIRECTION('',(-1.,-0.,-0.));
#3617 = ORIENTED_EDGE('',*,*,#3573,.T.);
#3618 = PLANE('',#3619);
#3619 = AXIS2_PLACEMENT_3D('',#3620,#3621,#3622);
#3620 = CARTESIAN_POINT('',(-3.102028398457,1.849999948109,
    0.200000089758));
#3621 = DIRECTION('',(0.,0.,1.));
#3622 = DIRECTION('',(1.,0.,0.));
#3623 = ADVANCED_FACE('',(#3624),#3649,.T.);
#3624 = FACE_BOUND('',#3625,.T.);
#3625 = EDGE_LOOP('',(#3626,#3634,#3642,#3648));
#3626 = ORIENTED_EDGE('',*,*,#3627,.F.);
#3627 = EDGE_CURVE('',#3628,#3597,#3630,.T.);
#3628 = VERTEX_POINT('',#3629);
#3629 = CARTESIAN_POINT('',(-2.97692802696,1.149999967743,0.419633228533
    ));
#3630 = LINE('',#3631,#3632);
#3631 = CARTESIAN_POINT('',(-2.97692802696,1.149999967743,0.419633228533
    ));
#3632 = VECTOR('',#3633,1.);
#3633 = DIRECTION('',(-0.494932725348,0.,-0.868931296121));
#3634 = ORIENTED_EDGE('',*,*,#3635,.F.);
#3635 = EDGE_CURVE('',#3636,#3628,#3638,.T.);
#3636 = VERTEX_POINT('',#3637);
#3637 = CARTESIAN_POINT('',(-2.97692802696,1.849999948109,0.419633228533
    ));
#3638 = LINE('',#3639,#3640);
#3639 = CARTESIAN_POINT('',(-2.97692802696,1.849999948109,0.419633228533
    ));
#3640 = VECTOR('',#3641,1.);
#3641 = DIRECTION('',(-0.,-1.,-0.));
#3642 = ORIENTED_EDGE('',*,*,#3643,.T.);
#3643 = EDGE_CURVE('',#3636,#3605,#3644,.T.);
#3644 = LINE('',#3645,#3646);
#3645 = CARTESIAN_POINT('',(-2.97692802696,1.849999948109,0.419633228533
    ));
#3646 = VECTOR('',#3647,1.);
#3647 = DIRECTION('',(-0.494932725348,0.,-0.868931296121));
#3648 = ORIENTED_EDGE('',*,*,#3604,.T.);
#3649 = PLANE('',#3650);
#3650 = AXIS2_PLACEMENT_3D('',#3651,#3652,#3653);
#3651 = CARTESIAN_POINT('',(-2.97692802696,1.849999948109,0.419633228533
    ));
#3652 = DIRECTION('',(-0.868931296121,0.,0.494932725348));
#3653 = DIRECTION('',(0.494932725348,0.,0.868931296121));
#3654 = ADVANCED_FACE('',(#3655),#3682,.T.);
#3655 = FACE_BOUND('',#3656,.T.);
#3656 = EDGE_LOOP('',(#3657,#3666,#3674,#3681));
#3657 = ORIENTED_EDGE('',*,*,#3658,.F.);
#3658 = EDGE_CURVE('',#3659,#3628,#3661,.T.);
#3659 = VERTEX_POINT('',#3660);
#3660 = CARTESIAN_POINT('',(-2.80314177261,1.149999967743,0.52064668063)
  );
#3661 = CIRCLE('',#3662,0.19999999439);
#3662 = AXIS2_PLACEMENT_3D('',#3663,#3664,#3665);
#3663 = CARTESIAN_POINT('',(-2.80314177261,1.149999967743,0.320646686239
    ));
#3664 = DIRECTION('',(0.,-1.,0.));
#3665 = DIRECTION('',(1.,0.,0.));
#3666 = ORIENTED_EDGE('',*,*,#3667,.F.);
#3667 = EDGE_CURVE('',#3668,#3659,#3670,.T.);
#3668 = VERTEX_POINT('',#3669);
#3669 = CARTESIAN_POINT('',(-2.80314177261,1.849999948109,0.52064668063)
  );
#3670 = LINE('',#3671,#3672);
#3671 = CARTESIAN_POINT('',(-2.80314177261,1.849999948109,0.52064668063)
  );
#3672 = VECTOR('',#3673,1.);
#3673 = DIRECTION('',(-0.,-1.,-0.));
#3674 = ORIENTED_EDGE('',*,*,#3675,.T.);
#3675 = EDGE_CURVE('',#3668,#3636,#3676,.T.);
#3676 = CIRCLE('',#3677,0.19999999439);
#3677 = AXIS2_PLACEMENT_3D('',#3678,#3679,#3680);
#3678 = CARTESIAN_POINT('',(-2.80314177261,1.849999948109,0.320646686239
    ));
#3679 = DIRECTION('',(0.,-1.,0.));
#3680 = DIRECTION('',(1.,0.,0.));
#3681 = ORIENTED_EDGE('',*,*,#3635,.T.);
#3682 = CYLINDRICAL_SURFACE('',#3683,0.19999999439);
#3683 = AXIS2_PLACEMENT_3D('',#3684,#3685,#3686);
#3684 = CARTESIAN_POINT('',(-2.80314177261,1.849999948109,0.320646686239
    ));
#3685 = DIRECTION('',(-0.,-1.,-0.));
#3686 = DIRECTION('',(0.,0.,-1.));
#3687 = ADVANCED_FACE('',(#3688),#3704,.T.);
#3688 = FACE_BOUND('',#3689,.T.);
#3689 = EDGE_LOOP('',(#3690,#3696,#3697,#3703));
#3690 = ORIENTED_EDGE('',*,*,#3691,.F.);
#3691 = EDGE_CURVE('',#2591,#3659,#3692,.T.);
#3692 = LINE('',#3693,#3694);
#3693 = CARTESIAN_POINT('',(-2.23999993717,1.149999967743,0.52064668063)
  );
#3694 = VECTOR('',#3695,1.);
#3695 = DIRECTION('',(-1.,-0.,-0.));
#3696 = ORIENTED_EDGE('',*,*,#2590,.F.);
#3697 = ORIENTED_EDGE('',*,*,#3698,.T.);
#3698 = EDGE_CURVE('',#2583,#3668,#3699,.T.);
#3699 = LINE('',#3700,#3701);
#3700 = CARTESIAN_POINT('',(-2.23999993717,1.849999948109,0.52064668063)
  );
#3701 = VECTOR('',#3702,1.);
#3702 = DIRECTION('',(-1.,-0.,-0.));
#3703 = ORIENTED_EDGE('',*,*,#3667,.T.);
#3704 = PLANE('',#3705);
#3705 = AXIS2_PLACEMENT_3D('',#3706,#3707,#3708);
#3706 = CARTESIAN_POINT('',(-2.23999993717,1.849999948109,0.52064668063)
  );
#3707 = DIRECTION('',(0.,0.,1.));
#3708 = DIRECTION('',(1.,0.,0.));
#3709 = ADVANCED_FACE('',(#3710),#3735,.F.);
#3710 = FACE_BOUND('',#3711,.T.);
#3711 = EDGE_LOOP('',(#3712,#3720,#3728,#3734));
#3712 = ORIENTED_EDGE('',*,*,#3713,.T.);
#3713 = EDGE_CURVE('',#2575,#3714,#3716,.T.);
#3714 = VERTEX_POINT('',#3715);
#3715 = CARTESIAN_POINT('',(-2.80314177261,1.149999967743,0.320646686239
    ));
#3716 = LINE('',#3717,#3718);
#3717 = CARTESIAN_POINT('',(-2.23999993717,1.149999967743,0.320646686239
    ));
#3718 = VECTOR('',#3719,1.);
#3719 = DIRECTION('',(-1.,-0.,-0.));
#3720 = ORIENTED_EDGE('',*,*,#3721,.F.);
#3721 = EDGE_CURVE('',#3722,#3714,#3724,.T.);
#3722 = VERTEX_POINT('',#3723);
#3723 = CARTESIAN_POINT('',(-2.80314177261,1.849999948109,0.320646686239
    ));
#3724 = LINE('',#3725,#3726);
#3725 = CARTESIAN_POINT('',(-2.80314177261,1.849999948109,0.320646686239
    ));
#3726 = VECTOR('',#3727,1.);
#3727 = DIRECTION('',(-0.,-1.,-0.));
#3728 = ORIENTED_EDGE('',*,*,#3729,.F.);
#3729 = EDGE_CURVE('',#2573,#3722,#3730,.T.);
#3730 = LINE('',#3731,#3732);
#3731 = CARTESIAN_POINT('',(-2.23999993717,1.849999948109,0.320646686239
    ));
#3732 = VECTOR('',#3733,1.);
#3733 = DIRECTION('',(-1.,-0.,-0.));
#3734 = ORIENTED_EDGE('',*,*,#2572,.T.);
#3735 = PLANE('',#3736);
#3736 = AXIS2_PLACEMENT_3D('',#3737,#3738,#3739);
#3737 = CARTESIAN_POINT('',(-2.23999993717,1.849999948109,0.320646686239
    ));
#3738 = DIRECTION('',(0.,0.,1.));
#3739 = DIRECTION('',(1.,0.,0.));
#3740 = ADVANCED_FACE('',(#3741),#3766,.F.);
#3741 = FACE_BOUND('',#3742,.T.);
#3742 = EDGE_LOOP('',(#3743,#3751,#3759,#3765));
#3743 = ORIENTED_EDGE('',*,*,#3744,.T.);
#3744 = EDGE_CURVE('',#3714,#3745,#3747,.T.);
#3745 = VERTEX_POINT('',#3746);
#3746 = CARTESIAN_POINT('',(-2.928242144108,1.149999967743,
    0.101013547464));
#3747 = LINE('',#3748,#3749);
#3748 = CARTESIAN_POINT('',(-2.80314177261,1.149999967743,0.320646686239
    ));
#3749 = VECTOR('',#3750,1.);
#3750 = DIRECTION('',(-0.494932725348,0.,-0.868931296121));
#3751 = ORIENTED_EDGE('',*,*,#3752,.F.);
#3752 = EDGE_CURVE('',#3753,#3745,#3755,.T.);
#3753 = VERTEX_POINT('',#3754);
#3754 = CARTESIAN_POINT('',(-2.928242144108,1.849999948109,
    0.101013547464));
#3755 = LINE('',#3756,#3757);
#3756 = CARTESIAN_POINT('',(-2.928242144108,1.849999948109,
    0.101013547464));
#3757 = VECTOR('',#3758,1.);
#3758 = DIRECTION('',(-0.,-1.,-0.));
#3759 = ORIENTED_EDGE('',*,*,#3760,.F.);
#3760 = EDGE_CURVE('',#3722,#3753,#3761,.T.);
#3761 = LINE('',#3762,#3763);
#3762 = CARTESIAN_POINT('',(-2.80314177261,1.849999948109,0.320646686239
    ));
#3763 = VECTOR('',#3764,1.);
#3764 = DIRECTION('',(-0.494932725348,0.,-0.868931296121));
#3765 = ORIENTED_EDGE('',*,*,#3721,.T.);
#3766 = PLANE('',#3767);
#3767 = AXIS2_PLACEMENT_3D('',#3768,#3769,#3770);
#3768 = CARTESIAN_POINT('',(-2.80314177261,1.849999948109,0.320646686239
    ));
#3769 = DIRECTION('',(-0.868931296121,0.,0.494932725348));
#3770 = DIRECTION('',(0.494932725348,0.,0.868931296121));
#3771 = ADVANCED_FACE('',(#3772),#3790,.T.);
#3772 = FACE_BOUND('',#3773,.T.);
#3773 = EDGE_LOOP('',(#3774,#3781,#3782,#3789));
#3774 = ORIENTED_EDGE('',*,*,#3775,.T.);
#3775 = EDGE_CURVE('',#3745,#3526,#3776,.T.);
#3776 = CIRCLE('',#3777,0.19999999439);
#3777 = AXIS2_PLACEMENT_3D('',#3778,#3779,#3780);
#3778 = CARTESIAN_POINT('',(-3.102028398457,1.149999967743,
    0.200000089758));
#3779 = DIRECTION('',(-0.,1.,0.));
#3780 = DIRECTION('',(1.,0.,0.));
#3781 = ORIENTED_EDGE('',*,*,#3551,.F.);
#3782 = ORIENTED_EDGE('',*,*,#3783,.F.);
#3783 = EDGE_CURVE('',#3753,#3544,#3784,.T.);
#3784 = CIRCLE('',#3785,0.19999999439);
#3785 = AXIS2_PLACEMENT_3D('',#3786,#3787,#3788);
#3786 = CARTESIAN_POINT('',(-3.102028398457,1.849999948109,
    0.200000089758));
#3787 = DIRECTION('',(-0.,1.,0.));
#3788 = DIRECTION('',(1.,0.,0.));
#3789 = ORIENTED_EDGE('',*,*,#3752,.T.);
#3790 = CYLINDRICAL_SURFACE('',#3791,0.19999999439);
#3791 = AXIS2_PLACEMENT_3D('',#3792,#3793,#3794);
#3792 = CARTESIAN_POINT('',(-3.102028398457,1.849999948109,
    0.200000089758));
#3793 = DIRECTION('',(-0.,-1.,-0.));
#3794 = DIRECTION('',(0.,0.,-1.));
#3795 = ADVANCED_FACE('',(#3796),#3808,.T.);
#3796 = FACE_BOUND('',#3797,.T.);
#3797 = EDGE_LOOP('',(#3798,#3799,#3800,#3801,#3802,#3803,#3804,#3805,
    #3806,#3807));
#3798 = ORIENTED_EDGE('',*,*,#3543,.T.);
#3799 = ORIENTED_EDGE('',*,*,#3581,.F.);
#3800 = ORIENTED_EDGE('',*,*,#3612,.F.);
#3801 = ORIENTED_EDGE('',*,*,#3643,.F.);
#3802 = ORIENTED_EDGE('',*,*,#3675,.F.);
#3803 = ORIENTED_EDGE('',*,*,#3698,.F.);
#3804 = ORIENTED_EDGE('',*,*,#2582,.F.);
#3805 = ORIENTED_EDGE('',*,*,#3729,.T.);
#3806 = ORIENTED_EDGE('',*,*,#3760,.T.);
#3807 = ORIENTED_EDGE('',*,*,#3783,.T.);
#3808 = PLANE('',#3809);
#3809 = AXIS2_PLACEMENT_3D('',#3810,#3811,#3812);
#3810 = CARTESIAN_POINT('',(-2.80314177261,1.849999948109,0.320646686239
    ));
#3811 = DIRECTION('',(0.,1.,0.));
#3812 = DIRECTION('',(1.,0.,0.));
#3813 = ADVANCED_FACE('',(#3814),#3826,.F.);
#3814 = FACE_BOUND('',#3815,.T.);
#3815 = EDGE_LOOP('',(#3816,#3817,#3818,#3819,#3820,#3821,#3822,#3823,
    #3824,#3825));
#3816 = ORIENTED_EDGE('',*,*,#3525,.F.);
#3817 = ORIENTED_EDGE('',*,*,#3775,.F.);
#3818 = ORIENTED_EDGE('',*,*,#3744,.F.);
#3819 = ORIENTED_EDGE('',*,*,#3713,.F.);
#3820 = ORIENTED_EDGE('',*,*,#2598,.T.);
#3821 = ORIENTED_EDGE('',*,*,#3691,.T.);
#3822 = ORIENTED_EDGE('',*,*,#3658,.T.);
#3823 = ORIENTED_EDGE('',*,*,#3627,.T.);
#3824 = ORIENTED_EDGE('',*,*,#3596,.T.);
#3825 = ORIENTED_EDGE('',*,*,#3565,.T.);
#3826 = PLANE('',#3827);
#3827 = AXIS2_PLACEMENT_3D('',#3828,#3829,#3830);
#3828 = CARTESIAN_POINT('',(-2.80314177261,1.149999967743,0.320646686239
    ));
#3829 = DIRECTION('',(0.,1.,0.));
#3830 = DIRECTION('',(1.,0.,0.));
#3831 = ADVANCED_FACE('',(#3832),#3866,.T.);
#3832 = FACE_BOUND('',#3833,.T.);
#3833 = EDGE_LOOP('',(#3834,#3844,#3852,#3860));
#3834 = ORIENTED_EDGE('',*,*,#3835,.F.);
#3835 = EDGE_CURVE('',#3836,#3838,#3840,.T.);
#3836 = VERTEX_POINT('',#3837);
#3837 = CARTESIAN_POINT('',(3.102028398457,-1.149999967743,
    0.200000089758));
#3838 = VERTEX_POINT('',#3839);
#3839 = CARTESIAN_POINT('',(3.399999904633,-1.149999967743,
    0.200000089758));
#3840 = LINE('',#3841,#3842);
#3841 = CARTESIAN_POINT('',(3.102028398457,-1.149999967743,
    0.200000089758));
#3842 = VECTOR('',#3843,1.);
#3843 = DIRECTION('',(1.,0.,0.));
#3844 = ORIENTED_EDGE('',*,*,#3845,.F.);
#3845 = EDGE_CURVE('',#3846,#3836,#3848,.T.);
#3846 = VERTEX_POINT('',#3847);
#3847 = CARTESIAN_POINT('',(3.102028398457,-1.849999948109,
    0.200000089758));
#3848 = LINE('',#3849,#3850);
#3849 = CARTESIAN_POINT('',(3.102028398457,-1.849999948109,
    0.200000089758));
#3850 = VECTOR('',#3851,1.);
#3851 = DIRECTION('',(0.,1.,0.));
#3852 = ORIENTED_EDGE('',*,*,#3853,.T.);
#3853 = EDGE_CURVE('',#3846,#3854,#3856,.T.);
#3854 = VERTEX_POINT('',#3855);
#3855 = CARTESIAN_POINT('',(3.399999904633,-1.849999948109,
    0.200000089758));
#3856 = LINE('',#3857,#3858);
#3857 = CARTESIAN_POINT('',(3.102028398457,-1.849999948109,
    0.200000089758));
#3858 = VECTOR('',#3859,1.);
#3859 = DIRECTION('',(1.,0.,0.));
#3860 = ORIENTED_EDGE('',*,*,#3861,.T.);
#3861 = EDGE_CURVE('',#3854,#3838,#3862,.T.);
#3862 = LINE('',#3863,#3864);
#3863 = CARTESIAN_POINT('',(3.399999904633,-1.849999948109,
    0.200000089758));
#3864 = VECTOR('',#3865,1.);
#3865 = DIRECTION('',(0.,1.,0.));
#3866 = PLANE('',#3867);
#3867 = AXIS2_PLACEMENT_3D('',#3868,#3869,#3870);
#3868 = CARTESIAN_POINT('',(3.102028398457,-1.849999948109,
    0.200000089758));
#3869 = DIRECTION('',(0.,0.,1.));
#3870 = DIRECTION('',(1.,0.,0.));
#3871 = ADVANCED_FACE('',(#3872),#3897,.T.);
#3872 = FACE_BOUND('',#3873,.T.);
#3873 = EDGE_LOOP('',(#3874,#3882,#3890,#3896));
#3874 = ORIENTED_EDGE('',*,*,#3875,.F.);
#3875 = EDGE_CURVE('',#3876,#3836,#3878,.T.);
#3876 = VERTEX_POINT('',#3877);
#3877 = CARTESIAN_POINT('',(2.97692802696,-1.149999967743,0.419633228533
    ));
#3878 = LINE('',#3879,#3880);
#3879 = CARTESIAN_POINT('',(2.97692802696,-1.149999967743,0.419633228533
    ));
#3880 = VECTOR('',#3881,1.);
#3881 = DIRECTION('',(0.494932725348,0.,-0.868931296121));
#3882 = ORIENTED_EDGE('',*,*,#3883,.F.);
#3883 = EDGE_CURVE('',#3884,#3876,#3886,.T.);
#3884 = VERTEX_POINT('',#3885);
#3885 = CARTESIAN_POINT('',(2.97692802696,-1.849999948109,0.419633228533
    ));
#3886 = LINE('',#3887,#3888);
#3887 = CARTESIAN_POINT('',(2.97692802696,-1.849999948109,0.419633228533
    ));
#3888 = VECTOR('',#3889,1.);
#3889 = DIRECTION('',(0.,1.,0.));
#3890 = ORIENTED_EDGE('',*,*,#3891,.T.);
#3891 = EDGE_CURVE('',#3884,#3846,#3892,.T.);
#3892 = LINE('',#3893,#3894);
#3893 = CARTESIAN_POINT('',(2.97692802696,-1.849999948109,0.419633228533
    ));
#3894 = VECTOR('',#3895,1.);
#3895 = DIRECTION('',(0.494932725348,0.,-0.868931296121));
#3896 = ORIENTED_EDGE('',*,*,#3845,.T.);
#3897 = PLANE('',#3898);
#3898 = AXIS2_PLACEMENT_3D('',#3899,#3900,#3901);
#3899 = CARTESIAN_POINT('',(2.97692802696,-1.849999948109,0.419633228533
    ));
#3900 = DIRECTION('',(0.868931296121,0.,0.494932725348));
#3901 = DIRECTION('',(0.494932725348,0.,-0.868931296121));
#3902 = ADVANCED_FACE('',(#3903),#3930,.T.);
#3903 = FACE_BOUND('',#3904,.T.);
#3904 = EDGE_LOOP('',(#3905,#3914,#3922,#3929));
#3905 = ORIENTED_EDGE('',*,*,#3906,.F.);
#3906 = EDGE_CURVE('',#3907,#3876,#3909,.T.);
#3907 = VERTEX_POINT('',#3908);
#3908 = CARTESIAN_POINT('',(2.80314177261,-1.149999967743,0.52064668063)
  );
#3909 = CIRCLE('',#3910,0.19999999439);
#3910 = AXIS2_PLACEMENT_3D('',#3911,#3912,#3913);
#3911 = CARTESIAN_POINT('',(2.80314177261,-1.149999967743,0.320646686239
    ));
#3912 = DIRECTION('',(-0.,1.,0.));
#3913 = DIRECTION('',(1.,0.,0.));
#3914 = ORIENTED_EDGE('',*,*,#3915,.F.);
#3915 = EDGE_CURVE('',#3916,#3907,#3918,.T.);
#3916 = VERTEX_POINT('',#3917);
#3917 = CARTESIAN_POINT('',(2.80314177261,-1.849999948109,0.52064668063)
  );
#3918 = LINE('',#3919,#3920);
#3919 = CARTESIAN_POINT('',(2.80314177261,-1.849999948109,0.52064668063)
  );
#3920 = VECTOR('',#3921,1.);
#3921 = DIRECTION('',(0.,1.,0.));
#3922 = ORIENTED_EDGE('',*,*,#3923,.T.);
#3923 = EDGE_CURVE('',#3916,#3884,#3924,.T.);
#3924 = CIRCLE('',#3925,0.19999999439);
#3925 = AXIS2_PLACEMENT_3D('',#3926,#3927,#3928);
#3926 = CARTESIAN_POINT('',(2.80314177261,-1.849999948109,0.320646686239
    ));
#3927 = DIRECTION('',(-0.,1.,0.));
#3928 = DIRECTION('',(1.,0.,0.));
#3929 = ORIENTED_EDGE('',*,*,#3883,.T.);
#3930 = CYLINDRICAL_SURFACE('',#3931,0.19999999439);
#3931 = AXIS2_PLACEMENT_3D('',#3932,#3933,#3934);
#3932 = CARTESIAN_POINT('',(2.80314177261,-1.849999948109,0.320646686239
    ));
#3933 = DIRECTION('',(0.,1.,0.));
#3934 = DIRECTION('',(0.,0.,1.));
#3935 = ADVANCED_FACE('',(#3936),#3952,.T.);
#3936 = FACE_BOUND('',#3937,.T.);
#3937 = EDGE_LOOP('',(#3938,#3944,#3945,#3951));
#3938 = ORIENTED_EDGE('',*,*,#3939,.F.);
#3939 = EDGE_CURVE('',#2672,#3907,#3940,.T.);
#3940 = LINE('',#3941,#3942);
#3941 = CARTESIAN_POINT('',(2.23999993717,-1.149999967743,0.52064668063)
  );
#3942 = VECTOR('',#3943,1.);
#3943 = DIRECTION('',(1.,0.,0.));
#3944 = ORIENTED_EDGE('',*,*,#2671,.F.);
#3945 = ORIENTED_EDGE('',*,*,#3946,.T.);
#3946 = EDGE_CURVE('',#2664,#3916,#3947,.T.);
#3947 = LINE('',#3948,#3949);
#3948 = CARTESIAN_POINT('',(2.23999993717,-1.849999948109,0.52064668063)
  );
#3949 = VECTOR('',#3950,1.);
#3950 = DIRECTION('',(1.,0.,0.));
#3951 = ORIENTED_EDGE('',*,*,#3915,.T.);
#3952 = PLANE('',#3953);
#3953 = AXIS2_PLACEMENT_3D('',#3954,#3955,#3956);
#3954 = CARTESIAN_POINT('',(2.23999993717,-1.849999948109,0.52064668063)
  );
#3955 = DIRECTION('',(0.,0.,1.));
#3956 = DIRECTION('',(1.,0.,0.));
#3957 = ADVANCED_FACE('',(#3958),#3983,.F.);
#3958 = FACE_BOUND('',#3959,.T.);
#3959 = EDGE_LOOP('',(#3960,#3968,#3976,#3982));
#3960 = ORIENTED_EDGE('',*,*,#3961,.T.);
#3961 = EDGE_CURVE('',#2656,#3962,#3964,.T.);
#3962 = VERTEX_POINT('',#3963);
#3963 = CARTESIAN_POINT('',(2.80314177261,-1.149999967743,0.320646686239
    ));
#3964 = LINE('',#3965,#3966);
#3965 = CARTESIAN_POINT('',(2.23999993717,-1.149999967743,0.320646686239
    ));
#3966 = VECTOR('',#3967,1.);
#3967 = DIRECTION('',(1.,0.,0.));
#3968 = ORIENTED_EDGE('',*,*,#3969,.F.);
#3969 = EDGE_CURVE('',#3970,#3962,#3972,.T.);
#3970 = VERTEX_POINT('',#3971);
#3971 = CARTESIAN_POINT('',(2.80314177261,-1.849999948109,0.320646686239
    ));
#3972 = LINE('',#3973,#3974);
#3973 = CARTESIAN_POINT('',(2.80314177261,-1.849999948109,0.320646686239
    ));
#3974 = VECTOR('',#3975,1.);
#3975 = DIRECTION('',(0.,1.,0.));
#3976 = ORIENTED_EDGE('',*,*,#3977,.F.);
#3977 = EDGE_CURVE('',#2654,#3970,#3978,.T.);
#3978 = LINE('',#3979,#3980);
#3979 = CARTESIAN_POINT('',(2.23999993717,-1.849999948109,0.320646686239
    ));
#3980 = VECTOR('',#3981,1.);
#3981 = DIRECTION('',(1.,0.,0.));
#3982 = ORIENTED_EDGE('',*,*,#2653,.T.);
#3983 = PLANE('',#3984);
#3984 = AXIS2_PLACEMENT_3D('',#3985,#3986,#3987);
#3985 = CARTESIAN_POINT('',(2.23999993717,-1.849999948109,0.320646686239
    ));
#3986 = DIRECTION('',(0.,0.,1.));
#3987 = DIRECTION('',(1.,0.,0.));
#3988 = ADVANCED_FACE('',(#3989),#4014,.F.);
#3989 = FACE_BOUND('',#3990,.T.);
#3990 = EDGE_LOOP('',(#3991,#3999,#4007,#4013));
#3991 = ORIENTED_EDGE('',*,*,#3992,.T.);
#3992 = EDGE_CURVE('',#3962,#3993,#3995,.T.);
#3993 = VERTEX_POINT('',#3994);
#3994 = CARTESIAN_POINT('',(2.928242144108,-1.149999967743,
    0.101013547464));
#3995 = LINE('',#3996,#3997);
#3996 = CARTESIAN_POINT('',(2.80314177261,-1.149999967743,0.320646686239
    ));
#3997 = VECTOR('',#3998,1.);
#3998 = DIRECTION('',(0.494932725348,0.,-0.868931296121));
#3999 = ORIENTED_EDGE('',*,*,#4000,.F.);
#4000 = EDGE_CURVE('',#4001,#3993,#4003,.T.);
#4001 = VERTEX_POINT('',#4002);
#4002 = CARTESIAN_POINT('',(2.928242144108,-1.849999948109,
    0.101013547464));
#4003 = LINE('',#4004,#4005);
#4004 = CARTESIAN_POINT('',(2.928242144108,-1.849999948109,
    0.101013547464));
#4005 = VECTOR('',#4006,1.);
#4006 = DIRECTION('',(0.,1.,0.));
#4007 = ORIENTED_EDGE('',*,*,#4008,.F.);
#4008 = EDGE_CURVE('',#3970,#4001,#4009,.T.);
#4009 = LINE('',#4010,#4011);
#4010 = CARTESIAN_POINT('',(2.80314177261,-1.849999948109,0.320646686239
    ));
#4011 = VECTOR('',#4012,1.);
#4012 = DIRECTION('',(0.494932725348,0.,-0.868931296121));
#4013 = ORIENTED_EDGE('',*,*,#3969,.T.);
#4014 = PLANE('',#4015);
#4015 = AXIS2_PLACEMENT_3D('',#4016,#4017,#4018);
#4016 = CARTESIAN_POINT('',(2.80314177261,-1.849999948109,0.320646686239
    ));
#4017 = DIRECTION('',(0.868931296121,0.,0.494932725348));
#4018 = DIRECTION('',(0.494932725348,0.,-0.868931296121));
#4019 = ADVANCED_FACE('',(#4020),#4047,.T.);
#4020 = FACE_BOUND('',#4021,.T.);
#4021 = EDGE_LOOP('',(#4022,#4031,#4039,#4046));
#4022 = ORIENTED_EDGE('',*,*,#4023,.T.);
#4023 = EDGE_CURVE('',#3993,#4024,#4026,.T.);
#4024 = VERTEX_POINT('',#4025);
#4025 = CARTESIAN_POINT('',(3.102028398457,-1.149999967743,
    9.536742906491E-08));
#4026 = CIRCLE('',#4027,0.19999999439);
#4027 = AXIS2_PLACEMENT_3D('',#4028,#4029,#4030);
#4028 = CARTESIAN_POINT('',(3.102028398457,-1.149999967743,
    0.200000089758));
#4029 = DIRECTION('',(0.,-1.,0.));
#4030 = DIRECTION('',(1.,0.,0.));
#4031 = ORIENTED_EDGE('',*,*,#4032,.F.);
#4032 = EDGE_CURVE('',#4033,#4024,#4035,.T.);
#4033 = VERTEX_POINT('',#4034);
#4034 = CARTESIAN_POINT('',(3.102028398457,-1.849999948109,
    9.536742906491E-08));
#4035 = LINE('',#4036,#4037);
#4036 = CARTESIAN_POINT('',(3.102028398457,-1.849999948109,
    9.536742906491E-08));
#4037 = VECTOR('',#4038,1.);
#4038 = DIRECTION('',(0.,1.,0.));
#4039 = ORIENTED_EDGE('',*,*,#4040,.F.);
#4040 = EDGE_CURVE('',#4001,#4033,#4041,.T.);
#4041 = CIRCLE('',#4042,0.19999999439);
#4042 = AXIS2_PLACEMENT_3D('',#4043,#4044,#4045);
#4043 = CARTESIAN_POINT('',(3.102028398457,-1.849999948109,
    0.200000089758));
#4044 = DIRECTION('',(0.,-1.,0.));
#4045 = DIRECTION('',(1.,0.,0.));
#4046 = ORIENTED_EDGE('',*,*,#4000,.T.);
#4047 = CYLINDRICAL_SURFACE('',#4048,0.19999999439);
#4048 = AXIS2_PLACEMENT_3D('',#4049,#4050,#4051);
#4049 = CARTESIAN_POINT('',(3.102028398457,-1.849999948109,
    0.200000089758));
#4050 = DIRECTION('',(0.,1.,0.));
#4051 = DIRECTION('',(0.,0.,1.));
#4052 = ADVANCED_FACE('',(#4053),#4078,.F.);
#4053 = FACE_BOUND('',#4054,.T.);
#4054 = EDGE_LOOP('',(#4055,#4063,#4071,#4077));
#4055 = ORIENTED_EDGE('',*,*,#4056,.T.);
#4056 = EDGE_CURVE('',#4024,#4057,#4059,.T.);
#4057 = VERTEX_POINT('',#4058);
#4058 = CARTESIAN_POINT('',(3.399999904633,-1.149999967743,
    9.536742906491E-08));
#4059 = LINE('',#4060,#4061);
#4060 = CARTESIAN_POINT('',(3.102028398457,-1.149999967743,
    9.536742906491E-08));
#4061 = VECTOR('',#4062,1.);
#4062 = DIRECTION('',(1.,0.,0.));
#4063 = ORIENTED_EDGE('',*,*,#4064,.F.);
#4064 = EDGE_CURVE('',#4065,#4057,#4067,.T.);
#4065 = VERTEX_POINT('',#4066);
#4066 = CARTESIAN_POINT('',(3.399999904633,-1.849999948109,
    9.536742906491E-08));
#4067 = LINE('',#4068,#4069);
#4068 = CARTESIAN_POINT('',(3.399999904633,-1.849999948109,
    9.536742906491E-08));
#4069 = VECTOR('',#4070,1.);
#4070 = DIRECTION('',(0.,1.,0.));
#4071 = ORIENTED_EDGE('',*,*,#4072,.F.);
#4072 = EDGE_CURVE('',#4033,#4065,#4073,.T.);
#4073 = LINE('',#4074,#4075);
#4074 = CARTESIAN_POINT('',(3.102028398457,-1.849999948109,
    9.536742906491E-08));
#4075 = VECTOR('',#4076,1.);
#4076 = DIRECTION('',(1.,0.,0.));
#4077 = ORIENTED_EDGE('',*,*,#4032,.T.);
#4078 = PLANE('',#4079);
#4079 = AXIS2_PLACEMENT_3D('',#4080,#4081,#4082);
#4080 = CARTESIAN_POINT('',(3.102028398457,-1.849999948109,
    9.536742906491E-08));
#4081 = DIRECTION('',(0.,0.,1.));
#4082 = DIRECTION('',(1.,0.,0.));
#4083 = ADVANCED_FACE('',(#4084),#4100,.F.);
#4084 = FACE_BOUND('',#4085,.T.);
#4085 = EDGE_LOOP('',(#4086,#4092,#4093,#4099));
#4086 = ORIENTED_EDGE('',*,*,#4087,.T.);
#4087 = EDGE_CURVE('',#4057,#3838,#4088,.T.);
#4088 = LINE('',#4089,#4090);
#4089 = CARTESIAN_POINT('',(3.399999904633,-1.149999967743,
    9.536742906491E-08));
#4090 = VECTOR('',#4091,1.);
#4091 = DIRECTION('',(0.,0.,1.));
#4092 = ORIENTED_EDGE('',*,*,#3861,.F.);
#4093 = ORIENTED_EDGE('',*,*,#4094,.F.);
#4094 = EDGE_CURVE('',#4065,#3854,#4095,.T.);
#4095 = LINE('',#4096,#4097);
#4096 = CARTESIAN_POINT('',(3.399999904633,-1.849999948109,
    9.536742906491E-08));
#4097 = VECTOR('',#4098,1.);
#4098 = DIRECTION('',(0.,0.,1.));
#4099 = ORIENTED_EDGE('',*,*,#4064,.T.);
#4100 = PLANE('',#4101);
#4101 = AXIS2_PLACEMENT_3D('',#4102,#4103,#4104);
#4102 = CARTESIAN_POINT('',(3.399999904633,-1.849999948109,
    9.536742906491E-08));
#4103 = DIRECTION('',(-1.,0.,0.));
#4104 = DIRECTION('',(0.,0.,1.));
#4105 = ADVANCED_FACE('',(#4106),#4118,.T.);
#4106 = FACE_BOUND('',#4107,.T.);
#4107 = EDGE_LOOP('',(#4108,#4109,#4110,#4111,#4112,#4113,#4114,#4115,
    #4116,#4117));
#4108 = ORIENTED_EDGE('',*,*,#3853,.F.);
#4109 = ORIENTED_EDGE('',*,*,#3891,.F.);
#4110 = ORIENTED_EDGE('',*,*,#3923,.F.);
#4111 = ORIENTED_EDGE('',*,*,#3946,.F.);
#4112 = ORIENTED_EDGE('',*,*,#2663,.T.);
#4113 = ORIENTED_EDGE('',*,*,#3977,.T.);
#4114 = ORIENTED_EDGE('',*,*,#4008,.T.);
#4115 = ORIENTED_EDGE('',*,*,#4040,.T.);
#4116 = ORIENTED_EDGE('',*,*,#4072,.T.);
#4117 = ORIENTED_EDGE('',*,*,#4094,.T.);
#4118 = PLANE('',#4119);
#4119 = AXIS2_PLACEMENT_3D('',#4120,#4121,#4122);
#4120 = CARTESIAN_POINT('',(3.102028398457,-1.849999948109,
    0.200000089758));
#4121 = DIRECTION('',(0.,-1.,0.));
#4122 = DIRECTION('',(1.,0.,0.));
#4123 = ADVANCED_FACE('',(#4124),#4136,.F.);
#4124 = FACE_BOUND('',#4125,.T.);
#4125 = EDGE_LOOP('',(#4126,#4127,#4128,#4129,#4130,#4131,#4132,#4133,
    #4134,#4135));
#4126 = ORIENTED_EDGE('',*,*,#3835,.T.);
#4127 = ORIENTED_EDGE('',*,*,#4087,.F.);
#4128 = ORIENTED_EDGE('',*,*,#4056,.F.);
#4129 = ORIENTED_EDGE('',*,*,#4023,.F.);
#4130 = ORIENTED_EDGE('',*,*,#3992,.F.);
#4131 = ORIENTED_EDGE('',*,*,#3961,.F.);
#4132 = ORIENTED_EDGE('',*,*,#2679,.F.);
#4133 = ORIENTED_EDGE('',*,*,#3939,.T.);
#4134 = ORIENTED_EDGE('',*,*,#3906,.T.);
#4135 = ORIENTED_EDGE('',*,*,#3875,.T.);
#4136 = PLANE('',#4137);
#4137 = AXIS2_PLACEMENT_3D('',#4138,#4139,#4140);
#4138 = CARTESIAN_POINT('',(3.102028398457,-1.149999967743,
    0.200000089758));
#4139 = DIRECTION('',(0.,-1.,0.));
#4140 = DIRECTION('',(1.,0.,0.));
#4141 = ADVANCED_FACE('',(#4142),#4176,.T.);
#4142 = FACE_BOUND('',#4143,.T.);
#4143 = EDGE_LOOP('',(#4144,#4154,#4162,#4170));
#4144 = ORIENTED_EDGE('',*,*,#4145,.F.);
#4145 = EDGE_CURVE('',#4146,#4148,#4150,.T.);
#4146 = VERTEX_POINT('',#4147);
#4147 = CARTESIAN_POINT('',(-3.102028398457,-1.149999967743,
    9.536742906491E-08));
#4148 = VERTEX_POINT('',#4149);
#4149 = CARTESIAN_POINT('',(-3.399999904633,-1.149999967743,
    9.536742906491E-08));
#4150 = LINE('',#4151,#4152);
#4151 = CARTESIAN_POINT('',(-3.102028398457,-1.149999967743,
    9.536742906491E-08));
#4152 = VECTOR('',#4153,1.);
#4153 = DIRECTION('',(-1.,-0.,-0.));
#4154 = ORIENTED_EDGE('',*,*,#4155,.F.);
#4155 = EDGE_CURVE('',#4156,#4146,#4158,.T.);
#4156 = VERTEX_POINT('',#4157);
#4157 = CARTESIAN_POINT('',(-3.102028398457,-1.849999948109,
    9.536742906491E-08));
#4158 = LINE('',#4159,#4160);
#4159 = CARTESIAN_POINT('',(-3.102028398457,-1.849999948109,
    9.536742906491E-08));
#4160 = VECTOR('',#4161,1.);
#4161 = DIRECTION('',(0.,1.,0.));
#4162 = ORIENTED_EDGE('',*,*,#4163,.T.);
#4163 = EDGE_CURVE('',#4156,#4164,#4166,.T.);
#4164 = VERTEX_POINT('',#4165);
#4165 = CARTESIAN_POINT('',(-3.399999904633,-1.849999948109,
    9.536742906491E-08));
#4166 = LINE('',#4167,#4168);
#4167 = CARTESIAN_POINT('',(-3.102028398457,-1.849999948109,
    9.536742906491E-08));
#4168 = VECTOR('',#4169,1.);
#4169 = DIRECTION('',(-1.,-0.,-0.));
#4170 = ORIENTED_EDGE('',*,*,#4171,.T.);
#4171 = EDGE_CURVE('',#4164,#4148,#4172,.T.);
#4172 = LINE('',#4173,#4174);
#4173 = CARTESIAN_POINT('',(-3.399999904633,-1.849999948109,
    9.536742906491E-08));
#4174 = VECTOR('',#4175,1.);
#4175 = DIRECTION('',(0.,1.,0.));
#4176 = PLANE('',#4177);
#4177 = AXIS2_PLACEMENT_3D('',#4178,#4179,#4180);
#4178 = CARTESIAN_POINT('',(-3.102028398457,-1.849999948109,
    9.536742906491E-08));
#4179 = DIRECTION('',(0.,0.,-1.));
#4180 = DIRECTION('',(-1.,0.,0.));
#4181 = ADVANCED_FACE('',(#4182),#4209,.T.);
#4182 = FACE_BOUND('',#4183,.T.);
#4183 = EDGE_LOOP('',(#4184,#4193,#4201,#4208));
#4184 = ORIENTED_EDGE('',*,*,#4185,.F.);
#4185 = EDGE_CURVE('',#4186,#4146,#4188,.T.);
#4186 = VERTEX_POINT('',#4187);
#4187 = CARTESIAN_POINT('',(-2.928242144108,-1.149999967743,
    0.101013547464));
#4188 = CIRCLE('',#4189,0.19999999439);
#4189 = AXIS2_PLACEMENT_3D('',#4190,#4191,#4192);
#4190 = CARTESIAN_POINT('',(-3.102028398457,-1.149999967743,
    0.200000089758));
#4191 = DIRECTION('',(-0.,1.,0.));
#4192 = DIRECTION('',(1.,0.,0.));
#4193 = ORIENTED_EDGE('',*,*,#4194,.F.);
#4194 = EDGE_CURVE('',#4195,#4186,#4197,.T.);
#4195 = VERTEX_POINT('',#4196);
#4196 = CARTESIAN_POINT('',(-2.928242144108,-1.849999948109,
    0.101013547464));
#4197 = LINE('',#4198,#4199);
#4198 = CARTESIAN_POINT('',(-2.928242144108,-1.849999948109,
    0.101013547464));
#4199 = VECTOR('',#4200,1.);
#4200 = DIRECTION('',(0.,1.,0.));
#4201 = ORIENTED_EDGE('',*,*,#4202,.T.);
#4202 = EDGE_CURVE('',#4195,#4156,#4203,.T.);
#4203 = CIRCLE('',#4204,0.19999999439);
#4204 = AXIS2_PLACEMENT_3D('',#4205,#4206,#4207);
#4205 = CARTESIAN_POINT('',(-3.102028398457,-1.849999948109,
    0.200000089758));
#4206 = DIRECTION('',(-0.,1.,0.));
#4207 = DIRECTION('',(1.,0.,0.));
#4208 = ORIENTED_EDGE('',*,*,#4155,.T.);
#4209 = CYLINDRICAL_SURFACE('',#4210,0.19999999439);
#4210 = AXIS2_PLACEMENT_3D('',#4211,#4212,#4213);
#4211 = CARTESIAN_POINT('',(-3.102028398457,-1.849999948109,
    0.200000089758));
#4212 = DIRECTION('',(0.,1.,0.));
#4213 = DIRECTION('',(0.,0.,1.));
#4214 = ADVANCED_FACE('',(#4215),#4240,.T.);
#4215 = FACE_BOUND('',#4216,.T.);
#4216 = EDGE_LOOP('',(#4217,#4225,#4233,#4239));
#4217 = ORIENTED_EDGE('',*,*,#4218,.F.);
#4218 = EDGE_CURVE('',#4219,#4186,#4221,.T.);
#4219 = VERTEX_POINT('',#4220);
#4220 = CARTESIAN_POINT('',(-2.80314177261,-1.149999967743,
    0.320646686239));
#4221 = LINE('',#4222,#4223);
#4222 = CARTESIAN_POINT('',(-2.80314177261,-1.149999967743,
    0.320646686239));
#4223 = VECTOR('',#4224,1.);
#4224 = DIRECTION('',(-0.494932725348,-0.,-0.868931296121));
#4225 = ORIENTED_EDGE('',*,*,#4226,.F.);
#4226 = EDGE_CURVE('',#4227,#4219,#4229,.T.);
#4227 = VERTEX_POINT('',#4228);
#4228 = CARTESIAN_POINT('',(-2.80314177261,-1.849999948109,
    0.320646686239));
#4229 = LINE('',#4230,#4231);
#4230 = CARTESIAN_POINT('',(-2.80314177261,-1.849999948109,
    0.320646686239));
#4231 = VECTOR('',#4232,1.);
#4232 = DIRECTION('',(0.,1.,0.));
#4233 = ORIENTED_EDGE('',*,*,#4234,.T.);
#4234 = EDGE_CURVE('',#4227,#4195,#4235,.T.);
#4235 = LINE('',#4236,#4237);
#4236 = CARTESIAN_POINT('',(-2.80314177261,-1.849999948109,
    0.320646686239));
#4237 = VECTOR('',#4238,1.);
#4238 = DIRECTION('',(-0.494932725348,-0.,-0.868931296121));
#4239 = ORIENTED_EDGE('',*,*,#4194,.T.);
#4240 = PLANE('',#4241);
#4241 = AXIS2_PLACEMENT_3D('',#4242,#4243,#4244);
#4242 = CARTESIAN_POINT('',(-2.80314177261,-1.849999948109,
    0.320646686239));
#4243 = DIRECTION('',(0.868931296121,0.,-0.494932725348));
#4244 = DIRECTION('',(-0.494932725348,0.,-0.868931296121));
#4245 = ADVANCED_FACE('',(#4246),#4262,.T.);
#4246 = FACE_BOUND('',#4247,.T.);
#4247 = EDGE_LOOP('',(#4248,#4254,#4255,#4261));
#4248 = ORIENTED_EDGE('',*,*,#4249,.F.);
#4249 = EDGE_CURVE('',#2557,#4219,#4250,.T.);
#4250 = LINE('',#4251,#4252);
#4251 = CARTESIAN_POINT('',(-2.23999993717,-1.149999967743,
    0.320646686239));
#4252 = VECTOR('',#4253,1.);
#4253 = DIRECTION('',(-1.,-0.,-0.));
#4254 = ORIENTED_EDGE('',*,*,#2556,.F.);
#4255 = ORIENTED_EDGE('',*,*,#4256,.T.);
#4256 = EDGE_CURVE('',#2549,#4227,#4257,.T.);
#4257 = LINE('',#4258,#4259);
#4258 = CARTESIAN_POINT('',(-2.23999993717,-1.849999948109,
    0.320646686239));
#4259 = VECTOR('',#4260,1.);
#4260 = DIRECTION('',(-1.,-0.,-0.));
#4261 = ORIENTED_EDGE('',*,*,#4226,.T.);
#4262 = PLANE('',#4263);
#4263 = AXIS2_PLACEMENT_3D('',#4264,#4265,#4266);
#4264 = CARTESIAN_POINT('',(-2.23999993717,-1.849999948109,
    0.320646686239));
#4265 = DIRECTION('',(0.,0.,-1.));
#4266 = DIRECTION('',(-1.,0.,0.));
#4267 = ADVANCED_FACE('',(#4268),#4293,.F.);
#4268 = FACE_BOUND('',#4269,.T.);
#4269 = EDGE_LOOP('',(#4270,#4278,#4286,#4292));
#4270 = ORIENTED_EDGE('',*,*,#4271,.T.);
#4271 = EDGE_CURVE('',#2541,#4272,#4274,.T.);
#4272 = VERTEX_POINT('',#4273);
#4273 = CARTESIAN_POINT('',(-2.80314177261,-1.149999967743,0.52064668063
    ));
#4274 = LINE('',#4275,#4276);
#4275 = CARTESIAN_POINT('',(-2.23999993717,-1.149999967743,0.52064668063
    ));
#4276 = VECTOR('',#4277,1.);
#4277 = DIRECTION('',(-1.,-0.,-0.));
#4278 = ORIENTED_EDGE('',*,*,#4279,.F.);
#4279 = EDGE_CURVE('',#4280,#4272,#4282,.T.);
#4280 = VERTEX_POINT('',#4281);
#4281 = CARTESIAN_POINT('',(-2.80314177261,-1.849999948109,0.52064668063
    ));
#4282 = LINE('',#4283,#4284);
#4283 = CARTESIAN_POINT('',(-2.80314177261,-1.849999948109,0.52064668063
    ));
#4284 = VECTOR('',#4285,1.);
#4285 = DIRECTION('',(0.,1.,0.));
#4286 = ORIENTED_EDGE('',*,*,#4287,.F.);
#4287 = EDGE_CURVE('',#2539,#4280,#4288,.T.);
#4288 = LINE('',#4289,#4290);
#4289 = CARTESIAN_POINT('',(-2.23999993717,-1.849999948109,0.52064668063
    ));
#4290 = VECTOR('',#4291,1.);
#4291 = DIRECTION('',(-1.,-0.,-0.));
#4292 = ORIENTED_EDGE('',*,*,#2538,.T.);
#4293 = PLANE('',#4294);
#4294 = AXIS2_PLACEMENT_3D('',#4295,#4296,#4297);
#4295 = CARTESIAN_POINT('',(-2.23999993717,-1.849999948109,0.52064668063
    ));
#4296 = DIRECTION('',(0.,0.,-1.));
#4297 = DIRECTION('',(-1.,0.,0.));
#4298 = ADVANCED_FACE('',(#4299),#4326,.T.);
#4299 = FACE_BOUND('',#4300,.T.);
#4300 = EDGE_LOOP('',(#4301,#4310,#4318,#4325));
#4301 = ORIENTED_EDGE('',*,*,#4302,.T.);
#4302 = EDGE_CURVE('',#4272,#4303,#4305,.T.);
#4303 = VERTEX_POINT('',#4304);
#4304 = CARTESIAN_POINT('',(-2.97692802696,-1.149999967743,
    0.419633228533));
#4305 = CIRCLE('',#4306,0.19999999439);
#4306 = AXIS2_PLACEMENT_3D('',#4307,#4308,#4309);
#4307 = CARTESIAN_POINT('',(-2.80314177261,-1.149999967743,
    0.320646686239));
#4308 = DIRECTION('',(0.,-1.,0.));
#4309 = DIRECTION('',(1.,0.,0.));
#4310 = ORIENTED_EDGE('',*,*,#4311,.F.);
#4311 = EDGE_CURVE('',#4312,#4303,#4314,.T.);
#4312 = VERTEX_POINT('',#4313);
#4313 = CARTESIAN_POINT('',(-2.97692802696,-1.849999948109,
    0.419633228533));
#4314 = LINE('',#4315,#4316);
#4315 = CARTESIAN_POINT('',(-2.97692802696,-1.849999948109,
    0.419633228533));
#4316 = VECTOR('',#4317,1.);
#4317 = DIRECTION('',(0.,1.,0.));
#4318 = ORIENTED_EDGE('',*,*,#4319,.F.);
#4319 = EDGE_CURVE('',#4280,#4312,#4320,.T.);
#4320 = CIRCLE('',#4321,0.19999999439);
#4321 = AXIS2_PLACEMENT_3D('',#4322,#4323,#4324);
#4322 = CARTESIAN_POINT('',(-2.80314177261,-1.849999948109,
    0.320646686239));
#4323 = DIRECTION('',(0.,-1.,0.));
#4324 = DIRECTION('',(1.,0.,0.));
#4325 = ORIENTED_EDGE('',*,*,#4279,.T.);
#4326 = CYLINDRICAL_SURFACE('',#4327,0.19999999439);
#4327 = AXIS2_PLACEMENT_3D('',#4328,#4329,#4330);
#4328 = CARTESIAN_POINT('',(-2.80314177261,-1.849999948109,
    0.320646686239));
#4329 = DIRECTION('',(0.,1.,0.));
#4330 = DIRECTION('',(0.,0.,1.));
#4331 = ADVANCED_FACE('',(#4332),#4357,.F.);
#4332 = FACE_BOUND('',#4333,.T.);
#4333 = EDGE_LOOP('',(#4334,#4342,#4350,#4356));
#4334 = ORIENTED_EDGE('',*,*,#4335,.T.);
#4335 = EDGE_CURVE('',#4303,#4336,#4338,.T.);
#4336 = VERTEX_POINT('',#4337);
#4337 = CARTESIAN_POINT('',(-3.102028398457,-1.149999967743,
    0.200000089758));
#4338 = LINE('',#4339,#4340);
#4339 = CARTESIAN_POINT('',(-2.97692802696,-1.149999967743,
    0.419633228533));
#4340 = VECTOR('',#4341,1.);
#4341 = DIRECTION('',(-0.494932725348,-0.,-0.868931296121));
#4342 = ORIENTED_EDGE('',*,*,#4343,.F.);
#4343 = EDGE_CURVE('',#4344,#4336,#4346,.T.);
#4344 = VERTEX_POINT('',#4345);
#4345 = CARTESIAN_POINT('',(-3.102028398457,-1.849999948109,
    0.200000089758));
#4346 = LINE('',#4347,#4348);
#4347 = CARTESIAN_POINT('',(-3.102028398457,-1.849999948109,
    0.200000089758));
#4348 = VECTOR('',#4349,1.);
#4349 = DIRECTION('',(0.,1.,0.));
#4350 = ORIENTED_EDGE('',*,*,#4351,.F.);
#4351 = EDGE_CURVE('',#4312,#4344,#4352,.T.);
#4352 = LINE('',#4353,#4354);
#4353 = CARTESIAN_POINT('',(-2.97692802696,-1.849999948109,
    0.419633228533));
#4354 = VECTOR('',#4355,1.);
#4355 = DIRECTION('',(-0.494932725348,-0.,-0.868931296121));
#4356 = ORIENTED_EDGE('',*,*,#4311,.T.);
#4357 = PLANE('',#4358);
#4358 = AXIS2_PLACEMENT_3D('',#4359,#4360,#4361);
#4359 = CARTESIAN_POINT('',(-2.97692802696,-1.849999948109,
    0.419633228533));
#4360 = DIRECTION('',(0.868931296121,0.,-0.494932725348));
#4361 = DIRECTION('',(-0.494932725348,0.,-0.868931296121));
#4362 = ADVANCED_FACE('',(#4363),#4388,.F.);
#4363 = FACE_BOUND('',#4364,.T.);
#4364 = EDGE_LOOP('',(#4365,#4373,#4381,#4387));
#4365 = ORIENTED_EDGE('',*,*,#4366,.T.);
#4366 = EDGE_CURVE('',#4336,#4367,#4369,.T.);
#4367 = VERTEX_POINT('',#4368);
#4368 = CARTESIAN_POINT('',(-3.399999904633,-1.149999967743,
    0.200000089758));
#4369 = LINE('',#4370,#4371);
#4370 = CARTESIAN_POINT('',(-3.102028398457,-1.149999967743,
    0.200000089758));
#4371 = VECTOR('',#4372,1.);
#4372 = DIRECTION('',(-1.,-0.,-0.));
#4373 = ORIENTED_EDGE('',*,*,#4374,.F.);
#4374 = EDGE_CURVE('',#4375,#4367,#4377,.T.);
#4375 = VERTEX_POINT('',#4376);
#4376 = CARTESIAN_POINT('',(-3.399999904633,-1.849999948109,
    0.200000089758));
#4377 = LINE('',#4378,#4379);
#4378 = CARTESIAN_POINT('',(-3.399999904633,-1.849999948109,
    0.200000089758));
#4379 = VECTOR('',#4380,1.);
#4380 = DIRECTION('',(0.,1.,0.));
#4381 = ORIENTED_EDGE('',*,*,#4382,.F.);
#4382 = EDGE_CURVE('',#4344,#4375,#4383,.T.);
#4383 = LINE('',#4384,#4385);
#4384 = CARTESIAN_POINT('',(-3.102028398457,-1.849999948109,
    0.200000089758));
#4385 = VECTOR('',#4386,1.);
#4386 = DIRECTION('',(-1.,-0.,-0.));
#4387 = ORIENTED_EDGE('',*,*,#4343,.T.);
#4388 = PLANE('',#4389);
#4389 = AXIS2_PLACEMENT_3D('',#4390,#4391,#4392);
#4390 = CARTESIAN_POINT('',(-3.102028398457,-1.849999948109,
    0.200000089758));
#4391 = DIRECTION('',(0.,0.,-1.));
#4392 = DIRECTION('',(-1.,0.,0.));
#4393 = ADVANCED_FACE('',(#4394),#4410,.F.);
#4394 = FACE_BOUND('',#4395,.T.);
#4395 = EDGE_LOOP('',(#4396,#4402,#4403,#4409));
#4396 = ORIENTED_EDGE('',*,*,#4397,.T.);
#4397 = EDGE_CURVE('',#4367,#4148,#4398,.T.);
#4398 = LINE('',#4399,#4400);
#4399 = CARTESIAN_POINT('',(-3.399999904633,-1.149999967743,
    0.200000089758));
#4400 = VECTOR('',#4401,1.);
#4401 = DIRECTION('',(0.,0.,-1.));
#4402 = ORIENTED_EDGE('',*,*,#4171,.F.);
#4403 = ORIENTED_EDGE('',*,*,#4404,.F.);
#4404 = EDGE_CURVE('',#4375,#4164,#4405,.T.);
#4405 = LINE('',#4406,#4407);
#4406 = CARTESIAN_POINT('',(-3.399999904633,-1.849999948109,
    0.200000089758));
#4407 = VECTOR('',#4408,1.);
#4408 = DIRECTION('',(0.,0.,-1.));
#4409 = ORIENTED_EDGE('',*,*,#4374,.T.);
#4410 = PLANE('',#4411);
#4411 = AXIS2_PLACEMENT_3D('',#4412,#4413,#4414);
#4412 = CARTESIAN_POINT('',(-3.399999904633,-1.849999948109,
    0.200000089758));
#4413 = DIRECTION('',(1.,0.,0.));
#4414 = DIRECTION('',(0.,0.,-1.));
#4415 = ADVANCED_FACE('',(#4416),#4428,.T.);
#4416 = FACE_BOUND('',#4417,.T.);
#4417 = EDGE_LOOP('',(#4418,#4419,#4420,#4421,#4422,#4423,#4424,#4425,
    #4426,#4427));
#4418 = ORIENTED_EDGE('',*,*,#4163,.F.);
#4419 = ORIENTED_EDGE('',*,*,#4202,.F.);
#4420 = ORIENTED_EDGE('',*,*,#4234,.F.);
#4421 = ORIENTED_EDGE('',*,*,#4256,.F.);
#4422 = ORIENTED_EDGE('',*,*,#2548,.T.);
#4423 = ORIENTED_EDGE('',*,*,#4287,.T.);
#4424 = ORIENTED_EDGE('',*,*,#4319,.T.);
#4425 = ORIENTED_EDGE('',*,*,#4351,.T.);
#4426 = ORIENTED_EDGE('',*,*,#4382,.T.);
#4427 = ORIENTED_EDGE('',*,*,#4404,.T.);
#4428 = PLANE('',#4429);
#4429 = AXIS2_PLACEMENT_3D('',#4430,#4431,#4432);
#4430 = CARTESIAN_POINT('',(-2.80314177261,-1.849999948109,
    0.320646686239));
#4431 = DIRECTION('',(0.,-1.,0.));
#4432 = DIRECTION('',(1.,0.,0.));
#4433 = ADVANCED_FACE('',(#4434),#4446,.F.);
#4434 = FACE_BOUND('',#4435,.T.);
#4435 = EDGE_LOOP('',(#4436,#4437,#4438,#4439,#4440,#4441,#4442,#4443,
    #4444,#4445));
#4436 = ORIENTED_EDGE('',*,*,#4145,.T.);
#4437 = ORIENTED_EDGE('',*,*,#4397,.F.);
#4438 = ORIENTED_EDGE('',*,*,#4366,.F.);
#4439 = ORIENTED_EDGE('',*,*,#4335,.F.);
#4440 = ORIENTED_EDGE('',*,*,#4302,.F.);
#4441 = ORIENTED_EDGE('',*,*,#4271,.F.);
#4442 = ORIENTED_EDGE('',*,*,#2564,.F.);
#4443 = ORIENTED_EDGE('',*,*,#4249,.T.);
#4444 = ORIENTED_EDGE('',*,*,#4218,.T.);
#4445 = ORIENTED_EDGE('',*,*,#4185,.T.);
#4446 = PLANE('',#4447);
#4447 = AXIS2_PLACEMENT_3D('',#4448,#4449,#4450);
#4448 = CARTESIAN_POINT('',(-2.80314177261,-1.149999967743,
    0.320646686239));
#4449 = DIRECTION('',(0.,-1.,0.));
#4450 = DIRECTION('',(1.,0.,0.));
#4451 = ADVANCED_FACE('',(#4452),#4470,.F.);
#4452 = FACE_BOUND('',#4453,.T.);
#4453 = EDGE_LOOP('',(#4454,#4455,#4463,#4469));
#4454 = ORIENTED_EDGE('',*,*,#2813,.T.);
#4455 = ORIENTED_EDGE('',*,*,#4456,.F.);
#4456 = EDGE_CURVE('',#4457,#2804,#4459,.T.);
#4457 = VERTEX_POINT('',#4458);
#4458 = CARTESIAN_POINT('',(1.207941449922,1.345430549537,0.200000089758
    ));
#4459 = LINE('',#4460,#4461);
#4460 = CARTESIAN_POINT('',(1.207941449922,1.345430549537,0.200000089758
    ));
#4461 = VECTOR('',#4462,1.);
#4462 = DIRECTION('',(-0.,-0.,-1.));
#4463 = ORIENTED_EDGE('',*,*,#4464,.F.);
#4464 = EDGE_CURVE('',#1197,#4457,#4465,.T.);
#4465 = LINE('',#4466,#4467);
#4466 = CARTESIAN_POINT('',(1.207941449922,2.23999993717,0.200000089758)
  );
#4467 = VECTOR('',#4468,1.);
#4468 = DIRECTION('',(0.,-1.,0.));
#4469 = ORIENTED_EDGE('',*,*,#1196,.T.);
#4470 = PLANE('',#4471);
#4471 = AXIS2_PLACEMENT_3D('',#4472,#4473,#4474);
#4472 = CARTESIAN_POINT('',(1.207941449922,2.23999993717,0.200000089758)
  );
#4473 = DIRECTION('',(1.,0.,0.));
#4474 = DIRECTION('',(0.,0.,-1.));
#4475 = ADVANCED_FACE('',(#4476),#4494,.F.);
#4476 = FACE_BOUND('',#4477,.T.);
#4477 = EDGE_LOOP('',(#4478,#4479,#4480,#4488));
#4478 = ORIENTED_EDGE('',*,*,#2829,.T.);
#4479 = ORIENTED_EDGE('',*,*,#1212,.F.);
#4480 = ORIENTED_EDGE('',*,*,#4481,.F.);
#4481 = EDGE_CURVE('',#4482,#1205,#4484,.T.);
#4482 = VERTEX_POINT('',#4483);
#4483 = CARTESIAN_POINT('',(-1.375711095744,1.345430549537,
    0.200000089758));
#4484 = LINE('',#4485,#4486);
#4485 = CARTESIAN_POINT('',(-1.375711095744,2.23999993717,0.200000089758
    ));
#4486 = VECTOR('',#4487,1.);
#4487 = DIRECTION('',(0.,1.,0.));
#4488 = ORIENTED_EDGE('',*,*,#4489,.T.);
#4489 = EDGE_CURVE('',#4482,#2806,#4490,.T.);
#4490 = LINE('',#4491,#4492);
#4491 = CARTESIAN_POINT('',(-1.375711095744,1.345430549537,
    0.200000089758));
#4492 = VECTOR('',#4493,1.);
#4493 = DIRECTION('',(-0.,-0.,-1.));
#4494 = PLANE('',#4495);
#4495 = AXIS2_PLACEMENT_3D('',#4496,#4497,#4498);
#4496 = CARTESIAN_POINT('',(-1.375711095744,2.23999993717,0.200000089758
    ));
#4497 = DIRECTION('',(-1.,0.,0.));
#4498 = DIRECTION('',(0.,0.,1.));
#4499 = ADVANCED_FACE('',(#4500),#4511,.F.);
#4500 = FACE_BOUND('',#4501,.T.);
#4501 = EDGE_LOOP('',(#4502,#4503,#4504,#4510));
#4502 = ORIENTED_EDGE('',*,*,#2803,.T.);
#4503 = ORIENTED_EDGE('',*,*,#4489,.F.);
#4504 = ORIENTED_EDGE('',*,*,#4505,.F.);
#4505 = EDGE_CURVE('',#4457,#4482,#4506,.T.);
#4506 = LINE('',#4507,#4508);
#4507 = CARTESIAN_POINT('',(1.207941449922,1.345430549537,0.200000089758
    ));
#4508 = VECTOR('',#4509,1.);
#4509 = DIRECTION('',(-1.,0.,0.));
#4510 = ORIENTED_EDGE('',*,*,#4456,.T.);
#4511 = PLANE('',#4512);
#4512 = AXIS2_PLACEMENT_3D('',#4513,#4514,#4515);
#4513 = CARTESIAN_POINT('',(1.207941449922,1.345430549537,0.200000089758
    ));
#4514 = DIRECTION('',(0.,-1.,0.));
#4515 = DIRECTION('',(0.,0.,-1.));
#4516 = ADVANCED_FACE('',(#4517),#4523,.T.);
#4517 = FACE_BOUND('',#4518,.T.);
#4518 = EDGE_LOOP('',(#4519,#4520,#4521,#4522));
#4519 = ORIENTED_EDGE('',*,*,#4464,.T.);
#4520 = ORIENTED_EDGE('',*,*,#4505,.T.);
#4521 = ORIENTED_EDGE('',*,*,#4481,.T.);
#4522 = ORIENTED_EDGE('',*,*,#1204,.T.);
#4523 = PLANE('',#4524);
#4524 = AXIS2_PLACEMENT_3D('',#4525,#4526,#4527);
#4525 = CARTESIAN_POINT('',(0.,0.,0.200000089758));
#4526 = DIRECTION('',(0.,0.,-1.));
#4527 = DIRECTION('',(-1.,0.,0.));
#4528 = ADVANCED_FACE('',(#4529),#4547,.F.);
#4529 = FACE_BOUND('',#4530,.T.);
#4530 = EDGE_LOOP('',(#4531,#4532,#4533,#4541));
#4531 = ORIENTED_EDGE('',*,*,#2253,.T.);
#4532 = ORIENTED_EDGE('',*,*,#2778,.F.);
#4533 = ORIENTED_EDGE('',*,*,#4534,.F.);
#4534 = EDGE_CURVE('',#4535,#2769,#4537,.T.);
#4535 = VERTEX_POINT('',#4536);
#4536 = CARTESIAN_POINT('',(1.207941449922,-1.26506513946,0.200000089758
    ));
#4537 = LINE('',#4538,#4539);
#4538 = CARTESIAN_POINT('',(1.207941449922,-2.23999993717,0.200000089758
    ));
#4539 = VECTOR('',#4540,1.);
#4540 = DIRECTION('',(-0.,-1.,-0.));
#4541 = ORIENTED_EDGE('',*,*,#4542,.T.);
#4542 = EDGE_CURVE('',#4535,#2254,#4543,.T.);
#4543 = LINE('',#4544,#4545);
#4544 = CARTESIAN_POINT('',(1.207941449922,-1.26506513946,0.200000089758
    ));
#4545 = VECTOR('',#4546,1.);
#4546 = DIRECTION('',(-0.,-0.,-1.));
#4547 = PLANE('',#4548);
#4548 = AXIS2_PLACEMENT_3D('',#4549,#4550,#4551);
#4549 = CARTESIAN_POINT('',(1.207941449922,-2.23999993717,0.200000089758
    ));
#4550 = DIRECTION('',(1.,0.,0.));
#4551 = DIRECTION('',(0.,0.,-1.));
#4552 = ADVANCED_FACE('',(#4553),#4571,.F.);
#4553 = FACE_BOUND('',#4554,.T.);
#4554 = EDGE_LOOP('',(#4555,#4556,#4557,#4565));
#4555 = ORIENTED_EDGE('',*,*,#2261,.T.);
#4556 = ORIENTED_EDGE('',*,*,#4542,.F.);
#4557 = ORIENTED_EDGE('',*,*,#4558,.F.);
#4558 = EDGE_CURVE('',#4559,#4535,#4561,.T.);
#4559 = VERTEX_POINT('',#4560);
#4560 = CARTESIAN_POINT('',(-1.375711095744,-1.26506513946,
    0.200000089758));
#4561 = LINE('',#4562,#4563);
#4562 = CARTESIAN_POINT('',(1.207941449922,-1.26506513946,0.200000089758
    ));
#4563 = VECTOR('',#4564,1.);
#4564 = DIRECTION('',(1.,0.,0.));
#4565 = ORIENTED_EDGE('',*,*,#4566,.T.);
#4566 = EDGE_CURVE('',#4559,#2262,#4567,.T.);
#4567 = LINE('',#4568,#4569);
#4568 = CARTESIAN_POINT('',(-1.375711095744,-1.26506513946,
    0.200000089758));
#4569 = VECTOR('',#4570,1.);
#4570 = DIRECTION('',(-0.,-0.,-1.));
#4571 = PLANE('',#4572);
#4572 = AXIS2_PLACEMENT_3D('',#4573,#4574,#4575);
#4573 = CARTESIAN_POINT('',(1.207941449922,-1.26506513946,0.200000089758
    ));
#4574 = DIRECTION('',(0.,1.,0.));
#4575 = DIRECTION('',(0.,0.,1.));
#4576 = ADVANCED_FACE('',(#4577),#4588,.F.);
#4577 = FACE_BOUND('',#4578,.T.);
#4578 = EDGE_LOOP('',(#4579,#4580,#4581,#4587));
#4579 = ORIENTED_EDGE('',*,*,#2269,.T.);
#4580 = ORIENTED_EDGE('',*,*,#4566,.F.);
#4581 = ORIENTED_EDGE('',*,*,#4582,.F.);
#4582 = EDGE_CURVE('',#2771,#4559,#4583,.T.);
#4583 = LINE('',#4584,#4585);
#4584 = CARTESIAN_POINT('',(-1.375711095744,-2.23999993717,
    0.200000089758));
#4585 = VECTOR('',#4586,1.);
#4586 = DIRECTION('',(0.,1.,0.));
#4587 = ORIENTED_EDGE('',*,*,#2789,.T.);
#4588 = PLANE('',#4589);
#4589 = AXIS2_PLACEMENT_3D('',#4590,#4591,#4592);
#4590 = CARTESIAN_POINT('',(-1.375711095744,-2.23999993717,
    0.200000089758));
#4591 = DIRECTION('',(-1.,0.,0.));
#4592 = DIRECTION('',(0.,0.,1.));
#4593 = ADVANCED_FACE('',(#4594),#4600,.F.);
#4594 = FACE_BOUND('',#4595,.T.);
#4595 = EDGE_LOOP('',(#4596,#4597,#4598,#4599));
#4596 = ORIENTED_EDGE('',*,*,#4534,.T.);
#4597 = ORIENTED_EDGE('',*,*,#2768,.T.);
#4598 = ORIENTED_EDGE('',*,*,#4582,.T.);
#4599 = ORIENTED_EDGE('',*,*,#4558,.T.);
#4600 = PLANE('',#4601);
#4601 = AXIS2_PLACEMENT_3D('',#4602,#4603,#4604);
#4602 = CARTESIAN_POINT('',(0.,0.,0.200000089758));
#4603 = DIRECTION('',(0.,0.,1.));
#4604 = DIRECTION('',(1.,0.,0.));
#4605 = ADVANCED_FACE('',(#4606),#4631,.F.);
#4606 = FACE_BOUND('',#4607,.T.);
#4607 = EDGE_LOOP('',(#4608,#4609,#4617,#4625));
#4608 = ORIENTED_EDGE('',*,*,#2949,.T.);
#4609 = ORIENTED_EDGE('',*,*,#4610,.F.);
#4610 = EDGE_CURVE('',#4611,#2940,#4613,.T.);
#4611 = VERTEX_POINT('',#4612);
#4612 = CARTESIAN_POINT('',(0.395936364141,-0.436201079138,
    0.447910218645));
#4613 = LINE('',#4614,#4615);
#4614 = CARTESIAN_POINT('',(0.395936364141,-0.436201079138,
    0.447910218645));
#4615 = VECTOR('',#4616,1.);
#4616 = DIRECTION('',(-0.,-0.,-1.));
#4617 = ORIENTED_EDGE('',*,*,#4618,.F.);
#4618 = EDGE_CURVE('',#4619,#4611,#4621,.T.);
#4619 = VERTEX_POINT('',#4620);
#4620 = CARTESIAN_POINT('',(0.395936364141,0.436201079138,0.447910218645
    ));
#4621 = LINE('',#4622,#4623);
#4622 = CARTESIAN_POINT('',(0.395936364141,-0.436201079138,
    0.447910218645));
#4623 = VECTOR('',#4624,1.);
#4624 = DIRECTION('',(-0.,-1.,-0.));
#4625 = ORIENTED_EDGE('',*,*,#4626,.T.);
#4626 = EDGE_CURVE('',#4619,#2950,#4627,.T.);
#4627 = LINE('',#4628,#4629);
#4628 = CARTESIAN_POINT('',(0.395936364141,0.436201079138,0.447910218645
    ));
#4629 = VECTOR('',#4630,1.);
#4630 = DIRECTION('',(-0.,-0.,-1.));
#4631 = PLANE('',#4632);
#4632 = AXIS2_PLACEMENT_3D('',#4633,#4634,#4635);
#4633 = CARTESIAN_POINT('',(0.395936364141,-0.436201079138,
    0.447910218645));
#4634 = DIRECTION('',(1.,0.,0.));
#4635 = DIRECTION('',(0.,0.,-1.));
#4636 = ADVANCED_FACE('',(#4637),#4655,.F.);
#4637 = FACE_BOUND('',#4638,.T.);
#4638 = EDGE_LOOP('',(#4639,#4640,#4641,#4649));
#4639 = ORIENTED_EDGE('',*,*,#2957,.T.);
#4640 = ORIENTED_EDGE('',*,*,#4626,.F.);
#4641 = ORIENTED_EDGE('',*,*,#4642,.F.);
#4642 = EDGE_CURVE('',#4643,#4619,#4645,.T.);
#4643 = VERTEX_POINT('',#4644);
#4644 = CARTESIAN_POINT('',(-0.395936364141,0.436201079138,
    0.447910218645));
#4645 = LINE('',#4646,#4647);
#4646 = CARTESIAN_POINT('',(-0.395936364141,0.436201079138,
    0.447910218645));
#4647 = VECTOR('',#4648,1.);
#4648 = DIRECTION('',(1.,0.,0.));
#4649 = ORIENTED_EDGE('',*,*,#4650,.T.);
#4650 = EDGE_CURVE('',#4643,#2958,#4651,.T.);
#4651 = LINE('',#4652,#4653);
#4652 = CARTESIAN_POINT('',(-0.395936364141,0.436201079138,
    0.447910218645));
#4653 = VECTOR('',#4654,1.);
#4654 = DIRECTION('',(-0.,-0.,-1.));
#4655 = PLANE('',#4656);
#4656 = AXIS2_PLACEMENT_3D('',#4657,#4658,#4659);
#4657 = CARTESIAN_POINT('',(-0.395936364141,0.436201079138,
    0.447910218645));
#4658 = DIRECTION('',(0.,1.,0.));
#4659 = DIRECTION('',(0.,0.,1.));
#4660 = ADVANCED_FACE('',(#4661),#4679,.F.);
#4661 = FACE_BOUND('',#4662,.T.);
#4662 = EDGE_LOOP('',(#4663,#4664,#4665,#4673));
#4663 = ORIENTED_EDGE('',*,*,#2965,.T.);
#4664 = ORIENTED_EDGE('',*,*,#4650,.F.);
#4665 = ORIENTED_EDGE('',*,*,#4666,.F.);
#4666 = EDGE_CURVE('',#4667,#4643,#4669,.T.);
#4667 = VERTEX_POINT('',#4668);
#4668 = CARTESIAN_POINT('',(-0.395936364141,-0.436201079138,
    0.447910218645));
#4669 = LINE('',#4670,#4671);
#4670 = CARTESIAN_POINT('',(-0.395936364141,-0.436201079138,
    0.447910218645));
#4671 = VECTOR('',#4672,1.);
#4672 = DIRECTION('',(0.,1.,0.));
#4673 = ORIENTED_EDGE('',*,*,#4674,.T.);
#4674 = EDGE_CURVE('',#4667,#2942,#4675,.T.);
#4675 = LINE('',#4676,#4677);
#4676 = CARTESIAN_POINT('',(-0.395936364141,-0.436201079138,
    0.447910218645));
#4677 = VECTOR('',#4678,1.);
#4678 = DIRECTION('',(-0.,-0.,-1.));
#4679 = PLANE('',#4680);
#4680 = AXIS2_PLACEMENT_3D('',#4681,#4682,#4683);
#4681 = CARTESIAN_POINT('',(-0.395936364141,-0.436201079138,
    0.447910218645));
#4682 = DIRECTION('',(-1.,0.,0.));
#4683 = DIRECTION('',(0.,0.,1.));
#4684 = ADVANCED_FACE('',(#4685),#4696,.F.);
#4685 = FACE_BOUND('',#4686,.T.);
#4686 = EDGE_LOOP('',(#4687,#4688,#4689,#4695));
#4687 = ORIENTED_EDGE('',*,*,#2939,.T.);
#4688 = ORIENTED_EDGE('',*,*,#4674,.F.);
#4689 = ORIENTED_EDGE('',*,*,#4690,.F.);
#4690 = EDGE_CURVE('',#4611,#4667,#4691,.T.);
#4691 = LINE('',#4692,#4693);
#4692 = CARTESIAN_POINT('',(-0.395936364141,-0.436201079138,
    0.447910218645));
#4693 = VECTOR('',#4694,1.);
#4694 = DIRECTION('',(-1.,-0.,-0.));
#4695 = ORIENTED_EDGE('',*,*,#4610,.T.);
#4696 = PLANE('',#4697);
#4697 = AXIS2_PLACEMENT_3D('',#4698,#4699,#4700);
#4698 = CARTESIAN_POINT('',(-0.395936364141,-0.436201079138,
    0.447910218645));
#4699 = DIRECTION('',(0.,-1.,0.));
#4700 = DIRECTION('',(0.,0.,-1.));
#4701 = ADVANCED_FACE('',(#4702),#4708,.T.);
#4702 = FACE_BOUND('',#4703,.T.);
#4703 = EDGE_LOOP('',(#4704,#4705,#4706,#4707));
#4704 = ORIENTED_EDGE('',*,*,#4618,.T.);
#4705 = ORIENTED_EDGE('',*,*,#4690,.T.);
#4706 = ORIENTED_EDGE('',*,*,#4666,.T.);
#4707 = ORIENTED_EDGE('',*,*,#4642,.T.);
#4708 = PLANE('',#4709);
#4709 = AXIS2_PLACEMENT_3D('',#4710,#4711,#4712);
#4710 = CARTESIAN_POINT('',(0.,0.,0.447910218645));
#4711 = DIRECTION('',(0.,0.,-1.));
#4712 = DIRECTION('',(-1.,0.,0.));
#4713 = ADVANCED_FACE('',(#4714),#4739,.F.);
#4714 = FACE_BOUND('',#4715,.T.);
#4715 = EDGE_LOOP('',(#4716,#4717,#4725,#4733));
#4716 = ORIENTED_EDGE('',*,*,#2915,.T.);
#4717 = ORIENTED_EDGE('',*,*,#4718,.F.);
#4718 = EDGE_CURVE('',#4719,#2906,#4721,.T.);
#4719 = VERTEX_POINT('',#4720);
#4720 = CARTESIAN_POINT('',(1.664274886559,-0.436201079138,
    0.447910218645));
#4721 = LINE('',#4722,#4723);
#4722 = CARTESIAN_POINT('',(1.664274886559,-0.436201079138,
    0.447910218645));
#4723 = VECTOR('',#4724,1.);
#4724 = DIRECTION('',(-0.,-0.,-1.));
#4725 = ORIENTED_EDGE('',*,*,#4726,.F.);
#4726 = EDGE_CURVE('',#4727,#4719,#4729,.T.);
#4727 = VERTEX_POINT('',#4728);
#4728 = CARTESIAN_POINT('',(1.664274886559,0.436201079138,0.447910218645
    ));
#4729 = LINE('',#4730,#4731);
#4730 = CARTESIAN_POINT('',(1.664274886559,0.436201079138,0.447910218645
    ));
#4731 = VECTOR('',#4732,1.);
#4732 = DIRECTION('',(0.,-1.,0.));
#4733 = ORIENTED_EDGE('',*,*,#4734,.T.);
#4734 = EDGE_CURVE('',#4727,#2916,#4735,.T.);
#4735 = LINE('',#4736,#4737);
#4736 = CARTESIAN_POINT('',(1.664274886559,0.436201079138,0.447910218645
    ));
#4737 = VECTOR('',#4738,1.);
#4738 = DIRECTION('',(-0.,-0.,-1.));
#4739 = PLANE('',#4740);
#4740 = AXIS2_PLACEMENT_3D('',#4741,#4742,#4743);
#4741 = CARTESIAN_POINT('',(1.664274886559,0.436201079138,0.447910218645
    ));
#4742 = DIRECTION('',(1.,0.,0.));
#4743 = DIRECTION('',(0.,0.,-1.));
#4744 = ADVANCED_FACE('',(#4745),#4763,.F.);
#4745 = FACE_BOUND('',#4746,.T.);
#4746 = EDGE_LOOP('',(#4747,#4748,#4749,#4757));
#4747 = ORIENTED_EDGE('',*,*,#2923,.T.);
#4748 = ORIENTED_EDGE('',*,*,#4734,.F.);
#4749 = ORIENTED_EDGE('',*,*,#4750,.F.);
#4750 = EDGE_CURVE('',#4751,#4727,#4753,.T.);
#4751 = VERTEX_POINT('',#4752);
#4752 = CARTESIAN_POINT('',(0.899245301608,0.436201079138,0.447910218645
    ));
#4753 = LINE('',#4754,#4755);
#4754 = CARTESIAN_POINT('',(1.664274886559,0.436201079138,0.447910218645
    ));
#4755 = VECTOR('',#4756,1.);
#4756 = DIRECTION('',(1.,0.,0.));
#4757 = ORIENTED_EDGE('',*,*,#4758,.T.);
#4758 = EDGE_CURVE('',#4751,#2924,#4759,.T.);
#4759 = LINE('',#4760,#4761);
#4760 = CARTESIAN_POINT('',(0.899245301608,0.436201079138,0.447910218645
    ));
#4761 = VECTOR('',#4762,1.);
#4762 = DIRECTION('',(-0.,-0.,-1.));
#4763 = PLANE('',#4764);
#4764 = AXIS2_PLACEMENT_3D('',#4765,#4766,#4767);
#4765 = CARTESIAN_POINT('',(1.664274886559,0.436201079138,0.447910218645
    ));
#4766 = DIRECTION('',(0.,1.,0.));
#4767 = DIRECTION('',(0.,0.,1.));
#4768 = ADVANCED_FACE('',(#4769),#4787,.F.);
#4769 = FACE_BOUND('',#4770,.T.);
#4770 = EDGE_LOOP('',(#4771,#4772,#4773,#4781));
#4771 = ORIENTED_EDGE('',*,*,#2931,.T.);
#4772 = ORIENTED_EDGE('',*,*,#4758,.F.);
#4773 = ORIENTED_EDGE('',*,*,#4774,.F.);
#4774 = EDGE_CURVE('',#4775,#4751,#4777,.T.);
#4775 = VERTEX_POINT('',#4776);
#4776 = CARTESIAN_POINT('',(0.899245301608,-0.436201079138,
    0.447910218645));
#4777 = LINE('',#4778,#4779);
#4778 = CARTESIAN_POINT('',(0.899245301608,0.436201079138,0.447910218645
    ));
#4779 = VECTOR('',#4780,1.);
#4780 = DIRECTION('',(0.,1.,0.));
#4781 = ORIENTED_EDGE('',*,*,#4782,.T.);
#4782 = EDGE_CURVE('',#4775,#2908,#4783,.T.);
#4783 = LINE('',#4784,#4785);
#4784 = CARTESIAN_POINT('',(0.899245301608,-0.436201079138,
    0.447910218645));
#4785 = VECTOR('',#4786,1.);
#4786 = DIRECTION('',(-0.,-0.,-1.));
#4787 = PLANE('',#4788);
#4788 = AXIS2_PLACEMENT_3D('',#4789,#4790,#4791);
#4789 = CARTESIAN_POINT('',(0.899245301608,0.436201079138,0.447910218645
    ));
#4790 = DIRECTION('',(-1.,0.,0.));
#4791 = DIRECTION('',(0.,0.,1.));
#4792 = ADVANCED_FACE('',(#4793),#4804,.F.);
#4793 = FACE_BOUND('',#4794,.T.);
#4794 = EDGE_LOOP('',(#4795,#4796,#4797,#4803));
#4795 = ORIENTED_EDGE('',*,*,#2905,.T.);
#4796 = ORIENTED_EDGE('',*,*,#4782,.F.);
#4797 = ORIENTED_EDGE('',*,*,#4798,.F.);
#4798 = EDGE_CURVE('',#4719,#4775,#4799,.T.);
#4799 = LINE('',#4800,#4801);
#4800 = CARTESIAN_POINT('',(1.664274886559,-0.436201079138,
    0.447910218645));
#4801 = VECTOR('',#4802,1.);
#4802 = DIRECTION('',(-1.,0.,0.));
#4803 = ORIENTED_EDGE('',*,*,#4718,.T.);
#4804 = PLANE('',#4805);
#4805 = AXIS2_PLACEMENT_3D('',#4806,#4807,#4808);
#4806 = CARTESIAN_POINT('',(1.664274886559,-0.436201079138,
    0.447910218645));
#4807 = DIRECTION('',(0.,-1.,0.));
#4808 = DIRECTION('',(0.,0.,-1.));
#4809 = ADVANCED_FACE('',(#4810),#4816,.T.);
#4810 = FACE_BOUND('',#4811,.T.);
#4811 = EDGE_LOOP('',(#4812,#4813,#4814,#4815));
#4812 = ORIENTED_EDGE('',*,*,#4726,.T.);
#4813 = ORIENTED_EDGE('',*,*,#4798,.T.);
#4814 = ORIENTED_EDGE('',*,*,#4774,.T.);
#4815 = ORIENTED_EDGE('',*,*,#4750,.T.);
#4816 = PLANE('',#4817);
#4817 = AXIS2_PLACEMENT_3D('',#4818,#4819,#4820);
#4818 = CARTESIAN_POINT('',(0.,0.,0.447910218645));
#4819 = DIRECTION('',(0.,0.,-1.));
#4820 = DIRECTION('',(-1.,0.,0.));
#4821 = ADVANCED_FACE('',(#4822),#4847,.F.);
#4822 = FACE_BOUND('',#4823,.T.);
#4823 = EDGE_LOOP('',(#4824,#4825,#4833,#4841));
#4824 = ORIENTED_EDGE('',*,*,#2881,.T.);
#4825 = ORIENTED_EDGE('',*,*,#4826,.F.);
#4826 = EDGE_CURVE('',#4827,#2872,#4829,.T.);
#4827 = VERTEX_POINT('',#4828);
#4828 = CARTESIAN_POINT('',(-0.919377659107,-0.436201079138,
    0.447910218645));
#4829 = LINE('',#4830,#4831);
#4830 = CARTESIAN_POINT('',(-0.919377659107,-0.436201079138,
    0.447910218645));
#4831 = VECTOR('',#4832,1.);
#4832 = DIRECTION('',(-0.,-0.,-1.));
#4833 = ORIENTED_EDGE('',*,*,#4834,.F.);
#4834 = EDGE_CURVE('',#4835,#4827,#4837,.T.);
#4835 = VERTEX_POINT('',#4836);
#4836 = CARTESIAN_POINT('',(-0.919377659107,0.436201079138,
    0.447910218645));
#4837 = LINE('',#4838,#4839);
#4838 = CARTESIAN_POINT('',(-0.919377659107,0.436201079138,
    0.447910218645));
#4839 = VECTOR('',#4840,1.);
#4840 = DIRECTION('',(0.,-1.,0.));
#4841 = ORIENTED_EDGE('',*,*,#4842,.T.);
#4842 = EDGE_CURVE('',#4835,#2882,#4843,.T.);
#4843 = LINE('',#4844,#4845);
#4844 = CARTESIAN_POINT('',(-0.919377659107,0.436201079138,
    0.447910218645));
#4845 = VECTOR('',#4846,1.);
#4846 = DIRECTION('',(-0.,-0.,-1.));
#4847 = PLANE('',#4848);
#4848 = AXIS2_PLACEMENT_3D('',#4849,#4850,#4851);
#4849 = CARTESIAN_POINT('',(-0.919377659107,0.436201079138,
    0.447910218645));
#4850 = DIRECTION('',(1.,0.,0.));
#4851 = DIRECTION('',(0.,0.,-1.));
#4852 = ADVANCED_FACE('',(#4853),#4871,.F.);
#4853 = FACE_BOUND('',#4854,.T.);
#4854 = EDGE_LOOP('',(#4855,#4856,#4857,#4865));
#4855 = ORIENTED_EDGE('',*,*,#2889,.T.);
#4856 = ORIENTED_EDGE('',*,*,#4842,.F.);
#4857 = ORIENTED_EDGE('',*,*,#4858,.F.);
#4858 = EDGE_CURVE('',#4859,#4835,#4861,.T.);
#4859 = VERTEX_POINT('',#4860);
#4860 = CARTESIAN_POINT('',(-1.697828815723,0.436201079138,
    0.447910218645));
#4861 = LINE('',#4862,#4863);
#4862 = CARTESIAN_POINT('',(-0.919377659107,0.436201079138,
    0.447910218645));
#4863 = VECTOR('',#4864,1.);
#4864 = DIRECTION('',(1.,0.,0.));
#4865 = ORIENTED_EDGE('',*,*,#4866,.T.);
#4866 = EDGE_CURVE('',#4859,#2890,#4867,.T.);
#4867 = LINE('',#4868,#4869);
#4868 = CARTESIAN_POINT('',(-1.697828815723,0.436201079138,
    0.447910218645));
#4869 = VECTOR('',#4870,1.);
#4870 = DIRECTION('',(-0.,-0.,-1.));
#4871 = PLANE('',#4872);
#4872 = AXIS2_PLACEMENT_3D('',#4873,#4874,#4875);
#4873 = CARTESIAN_POINT('',(-0.919377659107,0.436201079138,
    0.447910218645));
#4874 = DIRECTION('',(0.,1.,0.));
#4875 = DIRECTION('',(0.,0.,1.));
#4876 = ADVANCED_FACE('',(#4877),#4895,.F.);
#4877 = FACE_BOUND('',#4878,.T.);
#4878 = EDGE_LOOP('',(#4879,#4880,#4881,#4889));
#4879 = ORIENTED_EDGE('',*,*,#2897,.T.);
#4880 = ORIENTED_EDGE('',*,*,#4866,.F.);
#4881 = ORIENTED_EDGE('',*,*,#4882,.F.);
#4882 = EDGE_CURVE('',#4883,#4859,#4885,.T.);
#4883 = VERTEX_POINT('',#4884);
#4884 = CARTESIAN_POINT('',(-1.697828815723,-0.436201079138,
    0.447910218645));
#4885 = LINE('',#4886,#4887);
#4886 = CARTESIAN_POINT('',(-1.697828815723,0.436201079138,
    0.447910218645));
#4887 = VECTOR('',#4888,1.);
#4888 = DIRECTION('',(0.,1.,0.));
#4889 = ORIENTED_EDGE('',*,*,#4890,.T.);
#4890 = EDGE_CURVE('',#4883,#2874,#4891,.T.);
#4891 = LINE('',#4892,#4893);
#4892 = CARTESIAN_POINT('',(-1.697828815723,-0.436201079138,
    0.447910218645));
#4893 = VECTOR('',#4894,1.);
#4894 = DIRECTION('',(-0.,-0.,-1.));
#4895 = PLANE('',#4896);
#4896 = AXIS2_PLACEMENT_3D('',#4897,#4898,#4899);
#4897 = CARTESIAN_POINT('',(-1.697828815723,0.436201079138,
    0.447910218645));
#4898 = DIRECTION('',(-1.,0.,0.));
#4899 = DIRECTION('',(0.,0.,1.));
#4900 = ADVANCED_FACE('',(#4901),#4912,.F.);
#4901 = FACE_BOUND('',#4902,.T.);
#4902 = EDGE_LOOP('',(#4903,#4904,#4905,#4911));
#4903 = ORIENTED_EDGE('',*,*,#2871,.T.);
#4904 = ORIENTED_EDGE('',*,*,#4890,.F.);
#4905 = ORIENTED_EDGE('',*,*,#4906,.F.);
#4906 = EDGE_CURVE('',#4827,#4883,#4907,.T.);
#4907 = LINE('',#4908,#4909);
#4908 = CARTESIAN_POINT('',(-0.919377659107,-0.436201079138,
    0.447910218645));
#4909 = VECTOR('',#4910,1.);
#4910 = DIRECTION('',(-1.,0.,0.));
#4911 = ORIENTED_EDGE('',*,*,#4826,.T.);
#4912 = PLANE('',#4913);
#4913 = AXIS2_PLACEMENT_3D('',#4914,#4915,#4916);
#4914 = CARTESIAN_POINT('',(-0.919377659107,-0.436201079138,
    0.447910218645));
#4915 = DIRECTION('',(0.,-1.,0.));
#4916 = DIRECTION('',(0.,0.,-1.));
#4917 = ADVANCED_FACE('',(#4918),#4924,.T.);
#4918 = FACE_BOUND('',#4919,.T.);
#4919 = EDGE_LOOP('',(#4920,#4921,#4922,#4923));
#4920 = ORIENTED_EDGE('',*,*,#4834,.T.);
#4921 = ORIENTED_EDGE('',*,*,#4906,.T.);
#4922 = ORIENTED_EDGE('',*,*,#4882,.T.);
#4923 = ORIENTED_EDGE('',*,*,#4858,.T.);
#4924 = PLANE('',#4925);
#4925 = AXIS2_PLACEMENT_3D('',#4926,#4927,#4928);
#4926 = CARTESIAN_POINT('',(0.,0.,0.447910218645));
#4927 = DIRECTION('',(0.,0.,-1.));
#4928 = DIRECTION('',(-1.,0.,0.));
#4929 = ADVANCED_FACE('',(#4930),#4955,.F.);
#4930 = FACE_BOUND('',#4931,.T.);
#4931 = EDGE_LOOP('',(#4932,#4933,#4941,#4949));
#4932 = ORIENTED_EDGE('',*,*,#1252,.T.);
#4933 = ORIENTED_EDGE('',*,*,#4934,.F.);
#4934 = EDGE_CURVE('',#4935,#1255,#4937,.T.);
#4935 = VERTEX_POINT('',#4936);
#4936 = CARTESIAN_POINT('',(-0.108418431871,2.240999936884,
    1.594883211273));
#4937 = LINE('',#4938,#4939);
#4938 = CARTESIAN_POINT('',(-0.108418431871,2.240999936884,
    1.594883211273));
#4939 = VECTOR('',#4940,1.);
#4940 = DIRECTION('',(-0.,-1.,-0.));
#4941 = ORIENTED_EDGE('',*,*,#4942,.F.);
#4942 = EDGE_CURVE('',#4943,#4935,#4945,.T.);
#4943 = VERTEX_POINT('',#4944);
#4944 = CARTESIAN_POINT('',(-0.108418431871,2.240999936884,
    1.580971250743));
#4945 = LINE('',#4946,#4947);
#4946 = CARTESIAN_POINT('',(-0.108418431871,2.240999936884,
    1.594883211273));
#4947 = VECTOR('',#4948,1.);
#4948 = DIRECTION('',(0.,0.,1.));
#4949 = ORIENTED_EDGE('',*,*,#4950,.T.);
#4950 = EDGE_CURVE('',#4943,#1253,#4951,.T.);
#4951 = LINE('',#4952,#4953);
#4952 = CARTESIAN_POINT('',(-0.108418431871,2.240999936884,
    1.580971250743));
#4953 = VECTOR('',#4954,1.);
#4954 = DIRECTION('',(-0.,-1.,-0.));
#4955 = PLANE('',#4956);
#4956 = AXIS2_PLACEMENT_3D('',#4957,#4958,#4959);
#4957 = CARTESIAN_POINT('',(-0.108418431871,2.240999936884,
    1.594883211273));
#4958 = DIRECTION('',(1.,0.,0.));
#4959 = DIRECTION('',(0.,0.,-1.));
#4960 = ADVANCED_FACE('',(#4961),#4979,.F.);
#4961 = FACE_BOUND('',#4962,.T.);
#4962 = EDGE_LOOP('',(#4963,#4964,#4972,#4978));
#4963 = ORIENTED_EDGE('',*,*,#1294,.T.);
#4964 = ORIENTED_EDGE('',*,*,#4965,.F.);
#4965 = EDGE_CURVE('',#4966,#1287,#4968,.T.);
#4966 = VERTEX_POINT('',#4967);
#4967 = CARTESIAN_POINT('',(-5.982014822553E-02,2.240999936884,
    1.594883211273));
#4968 = LINE('',#4969,#4970);
#4969 = CARTESIAN_POINT('',(-5.982014822553E-02,2.240999936884,
    1.594883211273));
#4970 = VECTOR('',#4971,1.);
#4971 = DIRECTION('',(-0.,-1.,-0.));
#4972 = ORIENTED_EDGE('',*,*,#4973,.F.);
#4973 = EDGE_CURVE('',#4935,#4966,#4974,.T.);
#4974 = LINE('',#4975,#4976);
#4975 = CARTESIAN_POINT('',(-5.982014822553E-02,2.240999936884,
    1.594883211273));
#4976 = VECTOR('',#4977,1.);
#4977 = DIRECTION('',(1.,0.,-4.461894786142E-15));
#4978 = ORIENTED_EDGE('',*,*,#4934,.T.);
#4979 = PLANE('',#4980);
#4980 = AXIS2_PLACEMENT_3D('',#4981,#4982,#4983);
#4981 = CARTESIAN_POINT('',(-5.982014822553E-02,2.240999936884,
    1.594883211273));
#4982 = DIRECTION('',(-4.461894786142E-15,0.,-1.));
#4983 = DIRECTION('',(-1.,0.,4.461894786142E-15));
#4984 = ADVANCED_FACE('',(#4985),#5003,.F.);
#4985 = FACE_BOUND('',#4986,.T.);
#4986 = EDGE_LOOP('',(#4987,#4988,#4996,#5002));
#4987 = ORIENTED_EDGE('',*,*,#1286,.T.);
#4988 = ORIENTED_EDGE('',*,*,#4989,.F.);
#4989 = EDGE_CURVE('',#4990,#1279,#4992,.T.);
#4990 = VERTEX_POINT('',#4991);
#4991 = CARTESIAN_POINT('',(-5.982014822553E-02,2.240999936884,
    1.702997236379));
#4992 = LINE('',#4993,#4994);
#4993 = CARTESIAN_POINT('',(-5.982014822553E-02,2.240999936884,
    1.702997236379));
#4994 = VECTOR('',#4995,1.);
#4995 = DIRECTION('',(-0.,-1.,-0.));
#4996 = ORIENTED_EDGE('',*,*,#4997,.F.);
#4997 = EDGE_CURVE('',#4966,#4990,#4998,.T.);
#4998 = LINE('',#4999,#5000);
#4999 = CARTESIAN_POINT('',(-5.982014822553E-02,2.240999936884,
    1.702997236379));
#5000 = VECTOR('',#5001,1.);
#5001 = DIRECTION('',(4.011328376726E-15,0.,1.));
#5002 = ORIENTED_EDGE('',*,*,#4965,.T.);
#5003 = PLANE('',#5004);
#5004 = AXIS2_PLACEMENT_3D('',#5005,#5006,#5007);
#5005 = CARTESIAN_POINT('',(-5.982014822553E-02,2.240999936884,
    1.702997236379));
#5006 = DIRECTION('',(1.,0.,-4.011328376726E-15));
#5007 = DIRECTION('',(-4.011328376726E-15,0.,-1.));
#5008 = ADVANCED_FACE('',(#5009),#5027,.F.);
#5009 = FACE_BOUND('',#5010,.T.);
#5010 = EDGE_LOOP('',(#5011,#5012,#5020,#5026));
#5011 = ORIENTED_EDGE('',*,*,#1278,.T.);
#5012 = ORIENTED_EDGE('',*,*,#5013,.F.);
#5013 = EDGE_CURVE('',#5014,#1271,#5016,.T.);
#5014 = VERTEX_POINT('',#5015);
#5015 = CARTESIAN_POINT('',(-4.406781623523E-02,2.240999936884,
    1.702997236379));
#5016 = LINE('',#5017,#5018);
#5017 = CARTESIAN_POINT('',(-4.406781623523E-02,2.240999936884,
    1.702997236379));
#5018 = VECTOR('',#5019,1.);
#5019 = DIRECTION('',(-0.,-1.,-0.));
#5020 = ORIENTED_EDGE('',*,*,#5021,.F.);
#5021 = EDGE_CURVE('',#4990,#5014,#5022,.T.);
#5022 = LINE('',#5023,#5024);
#5023 = CARTESIAN_POINT('',(-4.406781623523E-02,2.240999936884,
    1.702997236379));
#5024 = VECTOR('',#5025,1.);
#5025 = DIRECTION('',(1.,0.,0.));
#5026 = ORIENTED_EDGE('',*,*,#4989,.T.);
#5027 = PLANE('',#5028);
#5028 = AXIS2_PLACEMENT_3D('',#5029,#5030,#5031);
#5029 = CARTESIAN_POINT('',(-4.406781623523E-02,2.240999936884,
    1.702997236379));
#5030 = DIRECTION('',(0.,0.,-1.));
#5031 = DIRECTION('',(-1.,0.,0.));
#5032 = ADVANCED_FACE('',(#5033),#5051,.F.);
#5033 = FACE_BOUND('',#5034,.T.);
#5034 = EDGE_LOOP('',(#5035,#5036,#5044,#5050));
#5035 = ORIENTED_EDGE('',*,*,#1270,.T.);
#5036 = ORIENTED_EDGE('',*,*,#5037,.F.);
#5037 = EDGE_CURVE('',#5038,#1263,#5040,.T.);
#5038 = VERTEX_POINT('',#5039);
#5039 = CARTESIAN_POINT('',(-4.406781623523E-02,2.240999936884,
    1.580971250743));
#5040 = LINE('',#5041,#5042);
#5041 = CARTESIAN_POINT('',(-4.406781623523E-02,2.240999936884,
    1.580971250743));
#5042 = VECTOR('',#5043,1.);
#5043 = DIRECTION('',(-0.,-1.,-0.));
#5044 = ORIENTED_EDGE('',*,*,#5045,.F.);
#5045 = EDGE_CURVE('',#5014,#5038,#5046,.T.);
#5046 = LINE('',#5047,#5048);
#5047 = CARTESIAN_POINT('',(-4.406781623523E-02,2.240999936884,
    1.580971250743));
#5048 = VECTOR('',#5049,1.);
#5049 = DIRECTION('',(-2.665503096958E-15,-0.,-1.));
#5050 = ORIENTED_EDGE('',*,*,#5013,.T.);
#5051 = PLANE('',#5052);
#5052 = AXIS2_PLACEMENT_3D('',#5053,#5054,#5055);
#5053 = CARTESIAN_POINT('',(-4.406781623523E-02,2.240999936884,
    1.580971250743));
#5054 = DIRECTION('',(-1.,0.,2.665503096958E-15));
#5055 = DIRECTION('',(2.665503096958E-15,0.,1.));
#5056 = ADVANCED_FACE('',(#5057),#5068,.F.);
#5057 = FACE_BOUND('',#5058,.T.);
#5058 = EDGE_LOOP('',(#5059,#5060,#5061,#5067));
#5059 = ORIENTED_EDGE('',*,*,#1262,.T.);
#5060 = ORIENTED_EDGE('',*,*,#4950,.F.);
#5061 = ORIENTED_EDGE('',*,*,#5062,.F.);
#5062 = EDGE_CURVE('',#5038,#4943,#5063,.T.);
#5063 = LINE('',#5064,#5065);
#5064 = CARTESIAN_POINT('',(-0.108418431871,2.240999936884,
    1.580971250743));
#5065 = VECTOR('',#5066,1.);
#5066 = DIRECTION('',(-1.,0.,6.739342779281E-15));
#5067 = ORIENTED_EDGE('',*,*,#5037,.T.);
#5068 = PLANE('',#5069);
#5069 = AXIS2_PLACEMENT_3D('',#5070,#5071,#5072);
#5070 = CARTESIAN_POINT('',(-0.108418431871,2.240999936884,
    1.580971250743));
#5071 = DIRECTION('',(6.739342779281E-15,0.,1.));
#5072 = DIRECTION('',(1.,0.,-6.739342779281E-15));
#5073 = ADVANCED_FACE('',(#5074),#5082,.F.);
#5074 = FACE_BOUND('',#5075,.T.);
#5075 = EDGE_LOOP('',(#5076,#5077,#5078,#5079,#5080,#5081));
#5076 = ORIENTED_EDGE('',*,*,#4942,.T.);
#5077 = ORIENTED_EDGE('',*,*,#4973,.T.);
#5078 = ORIENTED_EDGE('',*,*,#4997,.T.);
#5079 = ORIENTED_EDGE('',*,*,#5021,.T.);
#5080 = ORIENTED_EDGE('',*,*,#5045,.T.);
#5081 = ORIENTED_EDGE('',*,*,#5062,.T.);
#5082 = PLANE('',#5083);
#5083 = AXIS2_PLACEMENT_3D('',#5084,#5085,#5086);
#5084 = CARTESIAN_POINT('',(0.,2.240999936884,2.900000014025));
#5085 = DIRECTION('',(0.,-1.,0.));
#5086 = DIRECTION('',(0.,0.,-1.));
#5087 = ADVANCED_FACE('',(#5088),#5114,.F.);
#5088 = FACE_BOUND('',#5089,.F.);
#5089 = EDGE_LOOP('',(#5090,#5098,#5107,#5113));
#5090 = ORIENTED_EDGE('',*,*,#5091,.F.);
#5091 = EDGE_CURVE('',#5092,#1061,#5094,.T.);
#5092 = VERTEX_POINT('',#5093);
#5093 = CARTESIAN_POINT('',(-0.17099106152,2.240999936884,1.578912530126
    ));
#5094 = LINE('',#5095,#5096);
#5095 = CARTESIAN_POINT('',(-0.17099106152,2.240999936884,1.578912530126
    ));
#5096 = VECTOR('',#5097,1.);
#5097 = DIRECTION('',(-0.,-1.,-0.));
#5098 = ORIENTED_EDGE('',*,*,#5099,.T.);
#5099 = EDGE_CURVE('',#5092,#5100,#5102,.T.);
#5100 = VERTEX_POINT('',#5101);
#5101 = CARTESIAN_POINT('',(-0.204772795274,2.240999936884,
    1.586024474074));
#5102 = B_SPLINE_CURVE_WITH_KNOTS('',3,(#5103,#5104,#5105,#5106),
  .UNSPECIFIED.,.F.,.F.,(4,4),(0.,1.),.PIECEWISE_BEZIER_KNOTS.);
#5103 = CARTESIAN_POINT('',(-0.17099106152,2.240999936884,1.578912530126
    ));
#5104 = CARTESIAN_POINT('',(-0.184528709211,2.240999936884,
    1.578912530126));
#5105 = CARTESIAN_POINT('',(-0.195789287129,2.240999936884,
    1.581283178109));
#5106 = CARTESIAN_POINT('',(-0.204772795274,2.240999936884,
    1.586024474074));
#5107 = ORIENTED_EDGE('',*,*,#5108,.T.);
#5108 = EDGE_CURVE('',#5100,#1063,#5109,.T.);
#5109 = LINE('',#5110,#5111);
#5110 = CARTESIAN_POINT('',(-0.204772795274,2.240999936884,
    1.586024474074));
#5111 = VECTOR('',#5112,1.);
#5112 = DIRECTION('',(-0.,-1.,-0.));
#5113 = ORIENTED_EDGE('',*,*,#1060,.F.);
#5114 = B_SPLINE_SURFACE_WITH_KNOTS('',3,1,(
    (#5115,#5116)
    ,(#5117,#5118)
    ,(#5119,#5120)
    ,(#5121,#5122
    )),.UNSPECIFIED.,.F.,.F.,.F.,(4,4),(2,2),(0.,1.),(0.,1.),
  .PIECEWISE_BEZIER_KNOTS.);
#5115 = CARTESIAN_POINT('',(-0.17099106152,2.240999936884,1.578912530126
    ));
#5116 = CARTESIAN_POINT('',(-0.17099106152,2.239999936912,1.578912530126
    ));
#5117 = CARTESIAN_POINT('',(-0.184528709211,2.240999936884,
    1.578912530126));
#5118 = CARTESIAN_POINT('',(-0.184528709211,2.239999936912,
    1.578912530126));
#5119 = CARTESIAN_POINT('',(-0.195789287129,2.240999936884,
    1.581283178109));
#5120 = CARTESIAN_POINT('',(-0.195789287129,2.239999936912,
    1.581283178109));
#5121 = CARTESIAN_POINT('',(-0.204772795274,2.240999936884,
    1.586024474074));
#5122 = CARTESIAN_POINT('',(-0.204772795274,2.239999936912,
    1.586024474074));
#5123 = ADVANCED_FACE('',(#5124),#5142,.F.);
#5124 = FACE_BOUND('',#5125,.T.);
#5125 = EDGE_LOOP('',(#5126,#5127,#5135,#5141));
#5126 = ORIENTED_EDGE('',*,*,#1178,.T.);
#5127 = ORIENTED_EDGE('',*,*,#5128,.F.);
#5128 = EDGE_CURVE('',#5129,#1170,#5131,.T.);
#5129 = VERTEX_POINT('',#5130);
#5130 = CARTESIAN_POINT('',(-0.204772795274,2.240999936884,
    1.601121758596));
#5131 = LINE('',#5132,#5133);
#5132 = CARTESIAN_POINT('',(-0.204772795274,2.240999936884,
    1.601121758596));
#5133 = VECTOR('',#5134,1.);
#5134 = DIRECTION('',(-0.,-1.,-0.));
#5135 = ORIENTED_EDGE('',*,*,#5136,.F.);
#5136 = EDGE_CURVE('',#5100,#5129,#5137,.T.);
#5137 = LINE('',#5138,#5139);
#5138 = CARTESIAN_POINT('',(-0.204772795274,2.240999936884,
    1.601121758596));
#5139 = VECTOR('',#5140,1.);
#5140 = DIRECTION('',(7.181438095804E-15,0.,1.));
#5141 = ORIENTED_EDGE('',*,*,#5108,.T.);
#5142 = PLANE('',#5143);
#5143 = AXIS2_PLACEMENT_3D('',#5144,#5145,#5146);
#5144 = CARTESIAN_POINT('',(-0.204772795274,2.240999936884,
    1.601121758596));
#5145 = DIRECTION('',(1.,0.,-7.181438095804E-15));
#5146 = DIRECTION('',(-7.181438095804E-15,0.,-1.));
#5147 = ADVANCED_FACE('',(#5148),#5167,.F.);
#5148 = FACE_BOUND('',#5149,.F.);
#5149 = EDGE_LOOP('',(#5150,#5151,#5160,#5166));
#5150 = ORIENTED_EDGE('',*,*,#5128,.F.);
#5151 = ORIENTED_EDGE('',*,*,#5152,.T.);
#5152 = EDGE_CURVE('',#5129,#5153,#5155,.T.);
#5153 = VERTEX_POINT('',#5154);
#5154 = CARTESIAN_POINT('',(-0.173268131293,2.240999936884,
    1.592949261602));
#5155 = B_SPLINE_CURVE_WITH_KNOTS('',3,(#5156,#5157,#5158,#5159),
  .UNSPECIFIED.,.F.,.F.,(4,4),(12.,13.),.PIECEWISE_BEZIER_KNOTS.);
#5156 = CARTESIAN_POINT('',(-0.204772795274,2.240999936884,
    1.601121758596));
#5157 = CARTESIAN_POINT('',(-0.195851672602,2.240999936884,
    1.595694222425));
#5158 = CARTESIAN_POINT('',(-0.185339720363,2.240999936884,
    1.592949261602));
#5159 = CARTESIAN_POINT('',(-0.173268131293,2.240999936884,
    1.592949261602));
#5160 = ORIENTED_EDGE('',*,*,#5161,.T.);
#5161 = EDGE_CURVE('',#5153,#1161,#5162,.T.);
#5162 = LINE('',#5163,#5164);
#5163 = CARTESIAN_POINT('',(-0.173268131293,2.240999936884,
    1.592949261602));
#5164 = VECTOR('',#5165,1.);
#5165 = DIRECTION('',(-0.,-1.,-0.));
#5166 = ORIENTED_EDGE('',*,*,#1169,.F.);
#5167 = B_SPLINE_SURFACE_WITH_KNOTS('',3,1,(
    (#5168,#5169)
    ,(#5170,#5171)
    ,(#5172,#5173)
    ,(#5174,#5175
    )),.UNSPECIFIED.,.F.,.F.,.F.,(4,4),(2,2),(12.,13.),(0.,1.),
  .PIECEWISE_BEZIER_KNOTS.);
#5168 = CARTESIAN_POINT('',(-0.204772795274,2.240999936884,
    1.601121758596));
#5169 = CARTESIAN_POINT('',(-0.204772795274,2.23999993717,1.601121758596
    ));
#5170 = CARTESIAN_POINT('',(-0.195851672602,2.240999936884,
    1.595694222425));
#5171 = CARTESIAN_POINT('',(-0.195851672602,2.23999993717,1.595694222425
    ));
#5172 = CARTESIAN_POINT('',(-0.185339720363,2.240999936884,
    1.592949261602));
#5173 = CARTESIAN_POINT('',(-0.185339720363,2.23999993717,1.592949261602
    ));
#5174 = CARTESIAN_POINT('',(-0.173268131293,2.240999936884,
    1.592949261602));
#5175 = CARTESIAN_POINT('',(-0.173268131293,2.23999993717,1.592949261602
    ));
#5176 = ADVANCED_FACE('',(#5177),#5196,.F.);
#5177 = FACE_BOUND('',#5178,.F.);
#5178 = EDGE_LOOP('',(#5179,#5180,#5189,#5195));
#5179 = ORIENTED_EDGE('',*,*,#5161,.F.);
#5180 = ORIENTED_EDGE('',*,*,#5181,.T.);
#5181 = EDGE_CURVE('',#5153,#5182,#5184,.T.);
#5182 = VERTEX_POINT('',#5183);
#5183 = CARTESIAN_POINT('',(-0.141919430995,2.240999936884,
    1.605800669088));
#5184 = B_SPLINE_CURVE_WITH_KNOTS('',3,(#5185,#5186,#5187,#5188),
  .UNSPECIFIED.,.F.,.F.,(4,4),(11.,12.),.PIECEWISE_BEZIER_KNOTS.);
#5185 = CARTESIAN_POINT('',(-0.173268131293,2.240999936884,
    1.592949261602));
#5186 = CARTESIAN_POINT('',(-0.160354338335,2.240999936884,
    1.592949261602));
#5187 = CARTESIAN_POINT('',(-0.149904771568,2.240999936884,
    1.597253859255));
#5188 = CARTESIAN_POINT('',(-0.141919430995,2.240999936884,
    1.605800669088));
#5189 = ORIENTED_EDGE('',*,*,#5190,.T.);
#5190 = EDGE_CURVE('',#5182,#1152,#5191,.T.);
#5191 = LINE('',#5192,#5193);
#5192 = CARTESIAN_POINT('',(-0.141919430995,2.240999936884,
    1.605800669088));
#5193 = VECTOR('',#5194,1.);
#5194 = DIRECTION('',(-0.,-1.,-0.));
#5195 = ORIENTED_EDGE('',*,*,#1160,.F.);
#5196 = B_SPLINE_SURFACE_WITH_KNOTS('',3,1,(
    (#5197,#5198)
    ,(#5199,#5200)
    ,(#5201,#5202)
    ,(#5203,#5204
    )),.UNSPECIFIED.,.F.,.F.,.F.,(4,4),(2,2),(11.,12.),(0.,1.),
  .PIECEWISE_BEZIER_KNOTS.);
#5197 = CARTESIAN_POINT('',(-0.173268131293,2.240999936884,
    1.592949261602));
#5198 = CARTESIAN_POINT('',(-0.173268131293,2.23999993717,1.592949261602
    ));
#5199 = CARTESIAN_POINT('',(-0.160354338335,2.240999936884,
    1.592949261602));
#5200 = CARTESIAN_POINT('',(-0.160354338335,2.23999993717,1.592949261602
    ));
#5201 = CARTESIAN_POINT('',(-0.149904771568,2.240999936884,
    1.597253859255));
#5202 = CARTESIAN_POINT('',(-0.149904771568,2.23999993717,1.597253859255
    ));
#5203 = CARTESIAN_POINT('',(-0.141919430995,2.240999936884,
    1.605800669088));
#5204 = CARTESIAN_POINT('',(-0.141919430995,2.23999993717,1.605800669088
    ));
#5205 = ADVANCED_FACE('',(#5206),#5225,.F.);
#5206 = FACE_BOUND('',#5207,.F.);
#5207 = EDGE_LOOP('',(#5208,#5209,#5218,#5224));
#5208 = ORIENTED_EDGE('',*,*,#5190,.F.);
#5209 = ORIENTED_EDGE('',*,*,#5210,.T.);
#5210 = EDGE_CURVE('',#5182,#5211,#5213,.T.);
#5211 = VERTEX_POINT('',#5212);
#5212 = CARTESIAN_POINT('',(-0.129941420135,2.240999936884,1.64061176315
    ));
#5213 = B_SPLINE_CURVE_WITH_KNOTS('',3,(#5214,#5215,#5216,#5217),
  .UNSPECIFIED.,.F.,.F.,(4,4),(10.,11.),.PIECEWISE_BEZIER_KNOTS.);
#5214 = CARTESIAN_POINT('',(-0.141919430995,2.240999936884,
    1.605800669088));
#5215 = CARTESIAN_POINT('',(-0.133934090422,2.240999936884,
    1.614409864394));
#5216 = CARTESIAN_POINT('',(-0.129941420135,2.240999936884,
    1.626013562415));
#5217 = CARTESIAN_POINT('',(-0.129941420135,2.240999936884,1.64061176315
    ));
#5218 = ORIENTED_EDGE('',*,*,#5219,.T.);
#5219 = EDGE_CURVE('',#5211,#1143,#5220,.T.);
#5220 = LINE('',#5221,#5222);
#5221 = CARTESIAN_POINT('',(-0.129941420135,2.240999936884,1.64061176315
    ));
#5222 = VECTOR('',#5223,1.);
#5223 = DIRECTION('',(-0.,-1.,-0.));
#5224 = ORIENTED_EDGE('',*,*,#1151,.F.);
#5225 = B_SPLINE_SURFACE_WITH_KNOTS('',3,1,(
    (#5226,#5227)
    ,(#5228,#5229)
    ,(#5230,#5231)
    ,(#5232,#5233
    )),.UNSPECIFIED.,.F.,.F.,.F.,(4,4),(2,2),(10.,11.),(0.,1.),
  .PIECEWISE_BEZIER_KNOTS.);
#5226 = CARTESIAN_POINT('',(-0.141919430995,2.240999936884,
    1.605800669088));
#5227 = CARTESIAN_POINT('',(-0.141919430995,2.23999993717,1.605800669088
    ));
#5228 = CARTESIAN_POINT('',(-0.133934090422,2.240999936884,
    1.614409864394));
#5229 = CARTESIAN_POINT('',(-0.133934090422,2.23999993717,1.614409864394
    ));
#5230 = CARTESIAN_POINT('',(-0.129941420135,2.240999936884,
    1.626013562415));
#5231 = CARTESIAN_POINT('',(-0.129941420135,2.23999993717,1.626013562415
    ));
#5232 = CARTESIAN_POINT('',(-0.129941420135,2.240999936884,1.64061176315
    ));
#5233 = CARTESIAN_POINT('',(-0.129941420135,2.23999993717,1.64061176315)
  );
#5234 = ADVANCED_FACE('',(#5235),#5254,.F.);
#5235 = FACE_BOUND('',#5236,.F.);
#5236 = EDGE_LOOP('',(#5237,#5238,#5247,#5253));
#5237 = ORIENTED_EDGE('',*,*,#5219,.F.);
#5238 = ORIENTED_EDGE('',*,*,#5239,.T.);
#5239 = EDGE_CURVE('',#5211,#5240,#5242,.T.);
#5240 = VERTEX_POINT('',#5241);
#5241 = CARTESIAN_POINT('',(-0.142761634884,2.240999936884,
    1.677294421409));
#5242 = B_SPLINE_CURVE_WITH_KNOTS('',3,(#5243,#5244,#5245,#5246),
  .UNSPECIFIED.,.F.,.F.,(4,4),(9.,10.),.PIECEWISE_BEZIER_KNOTS.);
#5243 = CARTESIAN_POINT('',(-0.129941420135,2.240999936884,1.64061176315
    ));
#5244 = CARTESIAN_POINT('',(-0.129941420135,2.240999936884,
    1.655958589564));
#5245 = CARTESIAN_POINT('',(-0.134214825051,2.240999936884,
    1.668186142317));
#5246 = CARTESIAN_POINT('',(-0.142761634884,2.240999936884,
    1.677294421409));
#5247 = ORIENTED_EDGE('',*,*,#5248,.T.);
#5248 = EDGE_CURVE('',#5240,#1134,#5249,.T.);
#5249 = LINE('',#5250,#5251);
#5250 = CARTESIAN_POINT('',(-0.142761634884,2.240999936884,
    1.677294421409));
#5251 = VECTOR('',#5252,1.);
#5252 = DIRECTION('',(-0.,-1.,-0.));
#5253 = ORIENTED_EDGE('',*,*,#1142,.F.);
#5254 = B_SPLINE_SURFACE_WITH_KNOTS('',3,1,(
    (#5255,#5256)
    ,(#5257,#5258)
    ,(#5259,#5260)
    ,(#5261,#5262
    )),.UNSPECIFIED.,.F.,.F.,.F.,(4,4),(2,2),(9.,10.),(0.,1.),
  .PIECEWISE_BEZIER_KNOTS.);
#5255 = CARTESIAN_POINT('',(-0.129941420135,2.240999936884,1.64061176315
    ));
#5256 = CARTESIAN_POINT('',(-0.129941420135,2.23999993717,1.64061176315)
  );
#5257 = CARTESIAN_POINT('',(-0.129941420135,2.240999936884,
    1.655958589564));
#5258 = CARTESIAN_POINT('',(-0.129941420135,2.23999993717,1.655958589564
    ));
#5259 = CARTESIAN_POINT('',(-0.134214825051,2.240999936884,
    1.668186142317));
#5260 = CARTESIAN_POINT('',(-0.134214825051,2.23999993717,1.668186142317
    ));
#5261 = CARTESIAN_POINT('',(-0.142761634884,2.240999936884,
    1.677294421409));
#5262 = CARTESIAN_POINT('',(-0.142761634884,2.23999993717,1.677294421409
    ));
#5263 = ADVANCED_FACE('',(#5264),#5283,.F.);
#5264 = FACE_BOUND('',#5265,.F.);
#5265 = EDGE_LOOP('',(#5266,#5267,#5276,#5282));
#5266 = ORIENTED_EDGE('',*,*,#5248,.F.);
#5267 = ORIENTED_EDGE('',*,*,#5268,.T.);
#5268 = EDGE_CURVE('',#5240,#5269,#5271,.T.);
#5269 = VERTEX_POINT('',#5270);
#5270 = CARTESIAN_POINT('',(-0.176013092115,2.240999936884,
    1.690832069099));
#5271 = B_SPLINE_CURVE_WITH_KNOTS('',3,(#5272,#5273,#5274,#5275),
  .UNSPECIFIED.,.F.,.F.,(4,4),(8.,9.),.PIECEWISE_BEZIER_KNOTS.);
#5272 = CARTESIAN_POINT('',(-0.142761634884,2.240999936884,
    1.677294421409));
#5273 = CARTESIAN_POINT('',(-0.151339637453,2.240999936884,
    1.686340315027));
#5274 = CARTESIAN_POINT('',(-0.162413058951,2.240999936884,
    1.690832069099));
#5275 = CARTESIAN_POINT('',(-0.176013092115,2.240999936884,
    1.690832069099));
#5276 = ORIENTED_EDGE('',*,*,#5277,.T.);
#5277 = EDGE_CURVE('',#5269,#1125,#5278,.T.);
#5278 = LINE('',#5279,#5280);
#5279 = CARTESIAN_POINT('',(-0.176013092115,2.240999936884,
    1.690832069099));
#5280 = VECTOR('',#5281,1.);
#5281 = DIRECTION('',(-0.,-1.,-0.));
#5282 = ORIENTED_EDGE('',*,*,#1133,.F.);
#5283 = B_SPLINE_SURFACE_WITH_KNOTS('',3,1,(
    (#5284,#5285)
    ,(#5286,#5287)
    ,(#5288,#5289)
    ,(#5290,#5291
    )),.UNSPECIFIED.,.F.,.F.,.F.,(4,4),(2,2),(8.,9.),(0.,1.),
  .PIECEWISE_BEZIER_KNOTS.);
#5284 = CARTESIAN_POINT('',(-0.142761634884,2.240999936884,
    1.677294421409));
#5285 = CARTESIAN_POINT('',(-0.142761634884,2.23999993717,1.677294421409
    ));
#5286 = CARTESIAN_POINT('',(-0.151339637453,2.240999936884,
    1.686340315027));
#5287 = CARTESIAN_POINT('',(-0.151339637453,2.23999993717,1.686340315027
    ));
#5288 = CARTESIAN_POINT('',(-0.162413058951,2.240999936884,
    1.690832069099));
#5289 = CARTESIAN_POINT('',(-0.162413058951,2.23999993717,1.690832069099
    ));
#5290 = CARTESIAN_POINT('',(-0.176013092115,2.240999936884,
    1.690832069099));
#5291 = CARTESIAN_POINT('',(-0.176013092115,2.23999993717,1.690832069099
    ));
#5292 = ADVANCED_FACE('',(#5293),#5312,.F.);
#5293 = FACE_BOUND('',#5294,.F.);
#5294 = EDGE_LOOP('',(#5295,#5296,#5305,#5311));
#5295 = ORIENTED_EDGE('',*,*,#5277,.F.);
#5296 = ORIENTED_EDGE('',*,*,#5297,.T.);
#5297 = EDGE_CURVE('',#5269,#5298,#5300,.T.);
#5298 = VERTEX_POINT('',#5299);
#5299 = CARTESIAN_POINT('',(-0.204772795274,2.240999936884,
    1.683595354205));
#5300 = B_SPLINE_CURVE_WITH_KNOTS('',3,(#5301,#5302,#5303,#5304),
  .UNSPECIFIED.,.F.,.F.,(4,4),(7.,8.),.PIECEWISE_BEZIER_KNOTS.);
#5301 = CARTESIAN_POINT('',(-0.176013092115,2.240999936884,
    1.690832069099));
#5302 = CARTESIAN_POINT('',(-0.186462658881,2.240999936884,
    1.690832069099));
#5303 = CARTESIAN_POINT('',(-0.196038829022,2.240999936884,
    1.688461421116));
#5304 = CARTESIAN_POINT('',(-0.204772795274,2.240999936884,
    1.683595354205));
#5305 = ORIENTED_EDGE('',*,*,#5306,.T.);
#5306 = EDGE_CURVE('',#5298,#1117,#5307,.T.);
#5307 = LINE('',#5308,#5309);
#5308 = CARTESIAN_POINT('',(-0.204772795274,2.240999936884,
    1.683595354205));
#5309 = VECTOR('',#5310,1.);
#5310 = DIRECTION('',(-0.,-1.,-0.));
#5311 = ORIENTED_EDGE('',*,*,#1124,.F.);
#5312 = B_SPLINE_SURFACE_WITH_KNOTS('',3,1,(
    (#5313,#5314)
    ,(#5315,#5316)
    ,(#5317,#5318)
    ,(#5319,#5320
    )),.UNSPECIFIED.,.F.,.F.,.F.,(4,4),(2,2),(7.,8.),(0.,1.),
  .PIECEWISE_BEZIER_KNOTS.);
#5313 = CARTESIAN_POINT('',(-0.176013092115,2.240999936884,
    1.690832069099));
#5314 = CARTESIAN_POINT('',(-0.176013092115,2.23999993717,1.690832069099
    ));
#5315 = CARTESIAN_POINT('',(-0.186462658881,2.240999936884,
    1.690832069099));
#5316 = CARTESIAN_POINT('',(-0.186462658881,2.23999993717,1.690832069099
    ));
#5317 = CARTESIAN_POINT('',(-0.196038829022,2.240999936884,
    1.688461421116));
#5318 = CARTESIAN_POINT('',(-0.196038829022,2.23999993717,1.688461421116
    ));
#5319 = CARTESIAN_POINT('',(-0.204772795274,2.240999936884,
    1.683595354205));
#5320 = CARTESIAN_POINT('',(-0.204772795274,2.23999993717,1.683595354205
    ));
#5321 = ADVANCED_FACE('',(#5322),#5340,.F.);
#5322 = FACE_BOUND('',#5323,.T.);
#5323 = EDGE_LOOP('',(#5324,#5325,#5333,#5339));
#5324 = ORIENTED_EDGE('',*,*,#1116,.T.);
#5325 = ORIENTED_EDGE('',*,*,#5326,.F.);
#5326 = EDGE_CURVE('',#5327,#1108,#5329,.T.);
#5327 = VERTEX_POINT('',#5328);
#5328 = CARTESIAN_POINT('',(-0.204772795274,2.240999936884,
    1.700065119137));
#5329 = LINE('',#5330,#5331);
#5330 = CARTESIAN_POINT('',(-0.204772795274,2.240999936884,
    1.700065119137));
#5331 = VECTOR('',#5332,1.);
#5332 = DIRECTION('',(-0.,-1.,-0.));
#5333 = ORIENTED_EDGE('',*,*,#5334,.F.);
#5334 = EDGE_CURVE('',#5298,#5327,#5335,.T.);
#5335 = LINE('',#5336,#5337);
#5336 = CARTESIAN_POINT('',(-0.204772795274,2.240999936884,
    1.700065119137));
#5337 = VECTOR('',#5338,1.);
#5338 = DIRECTION('',(0.,0.,1.));
#5339 = ORIENTED_EDGE('',*,*,#5306,.T.);
#5340 = PLANE('',#5341);
#5341 = AXIS2_PLACEMENT_3D('',#5342,#5343,#5344);
#5342 = CARTESIAN_POINT('',(-0.204772795274,2.240999936884,
    1.700065119137));
#5343 = DIRECTION('',(1.,0.,0.));
#5344 = DIRECTION('',(0.,0.,-1.));
#5345 = ADVANCED_FACE('',(#5346),#5365,.F.);
#5346 = FACE_BOUND('',#5347,.F.);
#5347 = EDGE_LOOP('',(#5348,#5349,#5358,#5364));
#5348 = ORIENTED_EDGE('',*,*,#5326,.F.);
#5349 = ORIENTED_EDGE('',*,*,#5350,.T.);
#5350 = EDGE_CURVE('',#5327,#5351,#5353,.T.);
#5351 = VERTEX_POINT('',#5352);
#5352 = CARTESIAN_POINT('',(-0.175857128432,2.240999936884,
    1.705055956996));
#5353 = B_SPLINE_CURVE_WITH_KNOTS('',3,(#5354,#5355,#5356,#5357),
  .UNSPECIFIED.,.F.,.F.,(4,4),(5.,6.),.PIECEWISE_BEZIER_KNOTS.);
#5354 = CARTESIAN_POINT('',(-0.204772795274,2.240999936884,
    1.700065119137));
#5355 = CARTESIAN_POINT('',(-0.19716176754,2.240999936884,1.703371549219
    ));
#5356 = CARTESIAN_POINT('',(-0.187523211926,2.240999936884,
    1.705055956996));
#5357 = CARTESIAN_POINT('',(-0.175857128432,2.240999936884,
    1.705055956996));
#5358 = ORIENTED_EDGE('',*,*,#5359,.T.);
#5359 = EDGE_CURVE('',#5351,#1099,#5360,.T.);
#5360 = LINE('',#5361,#5362);
#5361 = CARTESIAN_POINT('',(-0.175857128432,2.240999936884,
    1.705055956996));
#5362 = VECTOR('',#5363,1.);
#5363 = DIRECTION('',(-0.,-1.,-0.));
#5364 = ORIENTED_EDGE('',*,*,#1107,.F.);
#5365 = B_SPLINE_SURFACE_WITH_KNOTS('',3,1,(
    (#5366,#5367)
    ,(#5368,#5369)
    ,(#5370,#5371)
    ,(#5372,#5373
    )),.UNSPECIFIED.,.F.,.F.,.F.,(4,4),(2,2),(5.,6.),(0.,1.),
  .PIECEWISE_BEZIER_KNOTS.);
#5366 = CARTESIAN_POINT('',(-0.204772795274,2.240999936884,
    1.700065119137));
#5367 = CARTESIAN_POINT('',(-0.204772795274,2.23999993717,1.700065119137
    ));
#5368 = CARTESIAN_POINT('',(-0.19716176754,2.240999936884,1.703371549219
    ));
#5369 = CARTESIAN_POINT('',(-0.19716176754,2.23999993717,1.703371549219)
  );
#5370 = CARTESIAN_POINT('',(-0.187523211926,2.240999936884,
    1.705055956996));
#5371 = CARTESIAN_POINT('',(-0.187523211926,2.23999993717,1.705055956996
    ));
#5372 = CARTESIAN_POINT('',(-0.175857128432,2.240999936884,
    1.705055956996));
#5373 = CARTESIAN_POINT('',(-0.175857128432,2.23999993717,1.705055956996
    ));
#5374 = ADVANCED_FACE('',(#5375),#5394,.F.);
#5375 = FACE_BOUND('',#5376,.F.);
#5376 = EDGE_LOOP('',(#5377,#5378,#5387,#5393));
#5377 = ORIENTED_EDGE('',*,*,#5359,.F.);
#5378 = ORIENTED_EDGE('',*,*,#5379,.T.);
#5379 = EDGE_CURVE('',#5351,#5380,#5382,.T.);
#5380 = VERTEX_POINT('',#5381);
#5381 = CARTESIAN_POINT('',(-0.131033165917,2.240999936884,
    1.687088940705));
#5382 = B_SPLINE_CURVE_WITH_KNOTS('',3,(#5383,#5384,#5385,#5386),
  .UNSPECIFIED.,.F.,.F.,(4,4),(4.,5.),.PIECEWISE_BEZIER_KNOTS.);
#5383 = CARTESIAN_POINT('',(-0.175857128432,2.240999936884,
    1.705055956996));
#5384 = CARTESIAN_POINT('',(-0.157734148459,2.240999936884,
    1.705055956996));
#5385 = CARTESIAN_POINT('',(-0.142792827621,2.240999936884,
    1.699066951566));
#5386 = CARTESIAN_POINT('',(-0.131033165917,2.240999936884,
    1.687088940705));
#5387 = ORIENTED_EDGE('',*,*,#5388,.T.);
#5388 = EDGE_CURVE('',#5380,#1090,#5389,.T.);
#5389 = LINE('',#5390,#5391);
#5390 = CARTESIAN_POINT('',(-0.131033165917,2.240999936884,
    1.687088940705));
#5391 = VECTOR('',#5392,1.);
#5392 = DIRECTION('',(-0.,-1.,-0.));
#5393 = ORIENTED_EDGE('',*,*,#1098,.F.);
#5394 = B_SPLINE_SURFACE_WITH_KNOTS('',3,1,(
    (#5395,#5396)
    ,(#5397,#5398)
    ,(#5399,#5400)
    ,(#5401,#5402
    )),.UNSPECIFIED.,.F.,.F.,.F.,(4,4),(2,2),(4.,5.),(0.,1.),
  .PIECEWISE_BEZIER_KNOTS.);
#5395 = CARTESIAN_POINT('',(-0.175857128432,2.240999936884,
    1.705055956996));
#5396 = CARTESIAN_POINT('',(-0.175857128432,2.23999993717,1.705055956996
    ));
#5397 = CARTESIAN_POINT('',(-0.157734148459,2.240999936884,
    1.705055956996));
#5398 = CARTESIAN_POINT('',(-0.157734148459,2.23999993717,1.705055956996
    ));
#5399 = CARTESIAN_POINT('',(-0.142792827621,2.240999936884,
    1.699066951566));
#5400 = CARTESIAN_POINT('',(-0.142792827621,2.23999993717,1.699066951566
    ));
#5401 = CARTESIAN_POINT('',(-0.131033165917,2.240999936884,
    1.687088940705));
#5402 = CARTESIAN_POINT('',(-0.131033165917,2.23999993717,1.687088940705
    ));
#5403 = ADVANCED_FACE('',(#5404),#5423,.F.);
#5404 = FACE_BOUND('',#5405,.F.);
#5405 = EDGE_LOOP('',(#5406,#5407,#5416,#5422));
#5406 = ORIENTED_EDGE('',*,*,#5388,.F.);
#5407 = ORIENTED_EDGE('',*,*,#5408,.T.);
#5408 = EDGE_CURVE('',#5380,#5409,#5411,.T.);
#5409 = VERTEX_POINT('',#5410);
#5410 = CARTESIAN_POINT('',(-0.113409269729,2.240999936884,
    1.639675981051));
#5411 = B_SPLINE_CURVE_WITH_KNOTS('',3,(#5412,#5413,#5414,#5415),
  .UNSPECIFIED.,.F.,.F.,(4,4),(3.,4.),.PIECEWISE_BEZIER_KNOTS.);
#5412 = CARTESIAN_POINT('',(-0.131033165917,2.240999936884,
    1.687088940705));
#5413 = CARTESIAN_POINT('',(-0.119273504213,2.240999936884,
    1.675110929846));
#5414 = CARTESIAN_POINT('',(-0.113409269729,2.240999936884,
    1.659327405118));
#5415 = CARTESIAN_POINT('',(-0.113409269729,2.240999936884,
    1.639675981051));
#5416 = ORIENTED_EDGE('',*,*,#5417,.T.);
#5417 = EDGE_CURVE('',#5409,#1081,#5418,.T.);
#5418 = LINE('',#5419,#5420);
#5419 = CARTESIAN_POINT('',(-0.113409269729,2.240999936884,
    1.639675981051));
#5420 = VECTOR('',#5421,1.);
#5421 = DIRECTION('',(-0.,-1.,-0.));
#5422 = ORIENTED_EDGE('',*,*,#1089,.F.);
#5423 = B_SPLINE_SURFACE_WITH_KNOTS('',3,1,(
    (#5424,#5425)
    ,(#5426,#5427)
    ,(#5428,#5429)
    ,(#5430,#5431
    )),.UNSPECIFIED.,.F.,.F.,.F.,(4,4),(2,2),(3.,4.),(0.,1.),
  .PIECEWISE_BEZIER_KNOTS.);
#5424 = CARTESIAN_POINT('',(-0.131033165917,2.240999936884,
    1.687088940705));
#5425 = CARTESIAN_POINT('',(-0.131033165917,2.23999993717,1.687088940705
    ));
#5426 = CARTESIAN_POINT('',(-0.119273504213,2.240999936884,
    1.675110929846));
#5427 = CARTESIAN_POINT('',(-0.119273504213,2.23999993717,1.675110929846
    ));
#5428 = CARTESIAN_POINT('',(-0.113409269729,2.240999936884,
    1.659327405118));
#5429 = CARTESIAN_POINT('',(-0.113409269729,2.23999993717,1.659327405118
    ));
#5430 = CARTESIAN_POINT('',(-0.113409269729,2.240999936884,
    1.639675981051));
#5431 = CARTESIAN_POINT('',(-0.113409269729,2.23999993717,1.639675981051
    ));
#5432 = ADVANCED_FACE('',(#5433),#5452,.F.);
#5433 = FACE_BOUND('',#5434,.F.);
#5434 = EDGE_LOOP('',(#5435,#5436,#5445,#5451));
#5435 = ORIENTED_EDGE('',*,*,#5417,.F.);
#5436 = ORIENTED_EDGE('',*,*,#5437,.T.);
#5437 = EDGE_CURVE('',#5409,#5438,#5440,.T.);
#5438 = VERTEX_POINT('',#5439);
#5439 = CARTESIAN_POINT('',(-0.12906802351,2.240999936884,1.595569451478
    ));
#5440 = B_SPLINE_CURVE_WITH_KNOTS('',3,(#5441,#5442,#5443,#5444),
  .UNSPECIFIED.,.F.,.F.,(4,4),(2.,3.),.PIECEWISE_BEZIER_KNOTS.);
#5441 = CARTESIAN_POINT('',(-0.113409269729,2.240999936884,
    1.639675981051));
#5442 = CARTESIAN_POINT('',(-0.113409269729,2.240999936884,
    1.621397037395));
#5443 = CARTESIAN_POINT('',(-0.118618456744,2.240999936884,
    1.606674065713));
#5444 = CARTESIAN_POINT('',(-0.12906802351,2.240999936884,1.595569451478
    ));
#5445 = ORIENTED_EDGE('',*,*,#5446,.T.);
#5446 = EDGE_CURVE('',#5438,#1072,#5447,.T.);
#5447 = LINE('',#5448,#5449);
#5448 = CARTESIAN_POINT('',(-0.12906802351,2.240999936884,1.595569451478
    ));
#5449 = VECTOR('',#5450,1.);
#5450 = DIRECTION('',(-0.,-1.,-0.));
#5451 = ORIENTED_EDGE('',*,*,#1080,.F.);
#5452 = B_SPLINE_SURFACE_WITH_KNOTS('',3,1,(
    (#5453,#5454)
    ,(#5455,#5456)
    ,(#5457,#5458)
    ,(#5459,#5460
    )),.UNSPECIFIED.,.F.,.F.,.F.,(4,4),(2,2),(2.,3.),(0.,1.),
  .PIECEWISE_BEZIER_KNOTS.);
#5453 = CARTESIAN_POINT('',(-0.113409269729,2.240999936884,
    1.639675981051));
#5454 = CARTESIAN_POINT('',(-0.113409269729,2.23999993717,1.639675981051
    ));
#5455 = CARTESIAN_POINT('',(-0.113409269729,2.240999936884,
    1.621397037395));
#5456 = CARTESIAN_POINT('',(-0.113409269729,2.23999993717,1.621397037395
    ));
#5457 = CARTESIAN_POINT('',(-0.118618456744,2.240999936884,
    1.606674065713));
#5458 = CARTESIAN_POINT('',(-0.118618456744,2.23999993717,1.606674065713
    ));
#5459 = CARTESIAN_POINT('',(-0.12906802351,2.240999936884,1.595569451478
    ));
#5460 = CARTESIAN_POINT('',(-0.12906802351,2.23999993717,1.595569451478)
  );
#5461 = ADVANCED_FACE('',(#5462),#5474,.F.);
#5462 = FACE_BOUND('',#5463,.F.);
#5463 = EDGE_LOOP('',(#5464,#5465,#5472,#5473));
#5464 = ORIENTED_EDGE('',*,*,#5446,.F.);
#5465 = ORIENTED_EDGE('',*,*,#5466,.T.);
#5466 = EDGE_CURVE('',#5438,#5092,#5467,.T.);
#5467 = B_SPLINE_CURVE_WITH_KNOTS('',3,(#5468,#5469,#5470,#5471),
  .UNSPECIFIED.,.F.,.F.,(4,4),(1.,2.),.PIECEWISE_BEZIER_KNOTS.);
#5468 = CARTESIAN_POINT('',(-0.12906802351,2.240999936884,1.595569451478
    ));
#5469 = CARTESIAN_POINT('',(-0.139517590276,2.240999936884,
    1.584464837244));
#5470 = CARTESIAN_POINT('',(-0.153491936279,2.240999936884,
    1.578912530126));
#5471 = CARTESIAN_POINT('',(-0.17099106152,2.240999936884,1.578912530126
    ));
#5472 = ORIENTED_EDGE('',*,*,#5091,.T.);
#5473 = ORIENTED_EDGE('',*,*,#1071,.F.);
#5474 = B_SPLINE_SURFACE_WITH_KNOTS('',3,1,(
    (#5475,#5476)
    ,(#5477,#5478)
    ,(#5479,#5480)
    ,(#5481,#5482
    )),.UNSPECIFIED.,.F.,.F.,.F.,(4,4),(2,2),(1.,2.),(0.,1.),
  .PIECEWISE_BEZIER_KNOTS.);
#5475 = CARTESIAN_POINT('',(-0.12906802351,2.240999936884,1.595569451478
    ));
#5476 = CARTESIAN_POINT('',(-0.12906802351,2.239999936912,1.595569451478
    ));
#5477 = CARTESIAN_POINT('',(-0.139517590276,2.240999936884,
    1.584464837244));
#5478 = CARTESIAN_POINT('',(-0.139517590276,2.239999936912,
    1.584464837244));
#5479 = CARTESIAN_POINT('',(-0.153491936279,2.240999936884,
    1.578912530126));
#5480 = CARTESIAN_POINT('',(-0.153491936279,2.239999936912,
    1.578912530126));
#5481 = CARTESIAN_POINT('',(-0.17099106152,2.240999936884,1.578912530126
    ));
#5482 = CARTESIAN_POINT('',(-0.17099106152,2.239999936912,1.578912530126
    ));
#5483 = ADVANCED_FACE('',(#5484),#5500,.T.);
#5484 = FACE_BOUND('',#5485,.T.);
#5485 = EDGE_LOOP('',(#5486,#5487,#5488,#5489,#5490,#5491,#5492,#5493,
    #5494,#5495,#5496,#5497,#5498,#5499));
#5486 = ORIENTED_EDGE('',*,*,#5099,.T.);
#5487 = ORIENTED_EDGE('',*,*,#5136,.T.);
#5488 = ORIENTED_EDGE('',*,*,#5152,.T.);
#5489 = ORIENTED_EDGE('',*,*,#5181,.T.);
#5490 = ORIENTED_EDGE('',*,*,#5210,.T.);
#5491 = ORIENTED_EDGE('',*,*,#5239,.T.);
#5492 = ORIENTED_EDGE('',*,*,#5268,.T.);
#5493 = ORIENTED_EDGE('',*,*,#5297,.T.);
#5494 = ORIENTED_EDGE('',*,*,#5334,.T.);
#5495 = ORIENTED_EDGE('',*,*,#5350,.T.);
#5496 = ORIENTED_EDGE('',*,*,#5379,.T.);
#5497 = ORIENTED_EDGE('',*,*,#5408,.T.);
#5498 = ORIENTED_EDGE('',*,*,#5437,.T.);
#5499 = ORIENTED_EDGE('',*,*,#5466,.T.);
#5500 = PLANE('',#5501);
#5501 = AXIS2_PLACEMENT_3D('',#5502,#5503,#5504);
#5502 = CARTESIAN_POINT('',(-0.189589730726,2.240999936884,
    1.580690516113));
#5503 = DIRECTION('',(0.,1.,0.));
#5504 = DIRECTION('',(0.,0.,1.));
#5505 = ADVANCED_FACE('',(#5506),#5531,.F.);
#5506 = FACE_BOUND('',#5507,.T.);
#5507 = EDGE_LOOP('',(#5508,#5509,#5517,#5525));
#5508 = ORIENTED_EDGE('',*,*,#1302,.T.);
#5509 = ORIENTED_EDGE('',*,*,#5510,.F.);
#5510 = EDGE_CURVE('',#5511,#1305,#5513,.T.);
#5511 = VERTEX_POINT('',#5512);
#5512 = CARTESIAN_POINT('',(-0.29482622588,2.240999936884,1.594883211273
    ));
#5513 = LINE('',#5514,#5515);
#5514 = CARTESIAN_POINT('',(-0.29482622588,2.240999936884,1.594883211273
    ));
#5515 = VECTOR('',#5516,1.);
#5516 = DIRECTION('',(-0.,-1.,-0.));
#5517 = ORIENTED_EDGE('',*,*,#5518,.F.);
#5518 = EDGE_CURVE('',#5519,#5511,#5521,.T.);
#5519 = VERTEX_POINT('',#5520);
#5520 = CARTESIAN_POINT('',(-0.29482622588,2.240999936884,1.580971250743
    ));
#5521 = LINE('',#5522,#5523);
#5522 = CARTESIAN_POINT('',(-0.29482622588,2.240999936884,1.594883211273
    ));
#5523 = VECTOR('',#5524,1.);
#5524 = DIRECTION('',(0.,0.,1.));
#5525 = ORIENTED_EDGE('',*,*,#5526,.T.);
#5526 = EDGE_CURVE('',#5519,#1303,#5527,.T.);
#5527 = LINE('',#5528,#5529);
#5528 = CARTESIAN_POINT('',(-0.29482622588,2.240999936884,1.580971250743
    ));
#5529 = VECTOR('',#5530,1.);
#5530 = DIRECTION('',(-0.,-1.,-0.));
#5531 = PLANE('',#5532);
#5532 = AXIS2_PLACEMENT_3D('',#5533,#5534,#5535);
#5533 = CARTESIAN_POINT('',(-0.29482622588,2.240999936884,1.594883211273
    ));
#5534 = DIRECTION('',(1.,0.,0.));
#5535 = DIRECTION('',(0.,0.,-1.));
#5536 = ADVANCED_FACE('',(#5537),#5555,.F.);
#5537 = FACE_BOUND('',#5538,.T.);
#5538 = EDGE_LOOP('',(#5539,#5540,#5548,#5554));
#5539 = ORIENTED_EDGE('',*,*,#1392,.T.);
#5540 = ORIENTED_EDGE('',*,*,#5541,.F.);
#5541 = EDGE_CURVE('',#5542,#1385,#5544,.T.);
#5542 = VERTEX_POINT('',#5543);
#5543 = CARTESIAN_POINT('',(-0.244949040033,2.240999936884,
    1.594883211273));
#5544 = LINE('',#5545,#5546);
#5545 = CARTESIAN_POINT('',(-0.244949040033,2.240999936884,
    1.594883211273));
#5546 = VECTOR('',#5547,1.);
#5547 = DIRECTION('',(-0.,-1.,-0.));
#5548 = ORIENTED_EDGE('',*,*,#5549,.F.);
#5549 = EDGE_CURVE('',#5511,#5542,#5550,.T.);
#5550 = LINE('',#5551,#5552);
#5551 = CARTESIAN_POINT('',(-0.244949040033,2.240999936884,
    1.594883211273));
#5552 = VECTOR('',#5553,1.);
#5553 = DIRECTION('',(1.,0.,-4.347487227578E-15));
#5554 = ORIENTED_EDGE('',*,*,#5510,.T.);
#5555 = PLANE('',#5556);
#5556 = AXIS2_PLACEMENT_3D('',#5557,#5558,#5559);
#5557 = CARTESIAN_POINT('',(-0.244949040033,2.240999936884,
    1.594883211273));
#5558 = DIRECTION('',(-4.347487227578E-15,0.,-1.));
#5559 = DIRECTION('',(-1.,0.,4.347487227578E-15));
#5560 = ADVANCED_FACE('',(#5561),#5579,.F.);
#5561 = FACE_BOUND('',#5562,.T.);
#5562 = EDGE_LOOP('',(#5563,#5564,#5572,#5578));
#5563 = ORIENTED_EDGE('',*,*,#1384,.T.);
#5564 = ORIENTED_EDGE('',*,*,#5565,.F.);
#5565 = EDGE_CURVE('',#5566,#1377,#5568,.T.);
#5566 = VERTEX_POINT('',#5567);
#5567 = CARTESIAN_POINT('',(-0.244949040033,2.240999936884,
    1.635932852657));
#5568 = LINE('',#5569,#5570);
#5569 = CARTESIAN_POINT('',(-0.244949040033,2.240999936884,
    1.635932852657));
#5570 = VECTOR('',#5571,1.);
#5571 = DIRECTION('',(-0.,-1.,-0.));
#5572 = ORIENTED_EDGE('',*,*,#5573,.F.);
#5573 = EDGE_CURVE('',#5542,#5566,#5574,.T.);
#5574 = LINE('',#5575,#5576);
#5575 = CARTESIAN_POINT('',(-0.244949040033,2.240999936884,
    1.635932852657));
#5576 = VECTOR('',#5577,1.);
#5577 = DIRECTION('',(5.282395195207E-15,0.,1.));
#5578 = ORIENTED_EDGE('',*,*,#5541,.T.);
#5579 = PLANE('',#5580);
#5580 = AXIS2_PLACEMENT_3D('',#5581,#5582,#5583);
#5581 = CARTESIAN_POINT('',(-0.244949040033,2.240999936884,
    1.635932852657));
#5582 = DIRECTION('',(1.,0.,-5.282395195207E-15));
#5583 = DIRECTION('',(-5.282395195207E-15,0.,-1.));
#5584 = ADVANCED_FACE('',(#5585),#5603,.F.);
#5585 = FACE_BOUND('',#5586,.T.);
#5586 = EDGE_LOOP('',(#5587,#5588,#5596,#5602));
#5587 = ORIENTED_EDGE('',*,*,#1376,.T.);
#5588 = ORIENTED_EDGE('',*,*,#5589,.F.);
#5589 = EDGE_CURVE('',#5590,#1369,#5592,.T.);
#5590 = VERTEX_POINT('',#5591);
#5591 = CARTESIAN_POINT('',(-0.288587678557,2.240999936884,
    1.635932852657));
#5592 = LINE('',#5593,#5594);
#5593 = CARTESIAN_POINT('',(-0.288587678557,2.240999936884,
    1.635932852657));
#5594 = VECTOR('',#5595,1.);
#5595 = DIRECTION('',(-0.,-1.,-0.));
#5596 = ORIENTED_EDGE('',*,*,#5597,.F.);
#5597 = EDGE_CURVE('',#5566,#5590,#5598,.T.);
#5598 = LINE('',#5599,#5600);
#5599 = CARTESIAN_POINT('',(-0.288587678557,2.240999936884,
    1.635932852657));
#5600 = VECTOR('',#5601,1.);
#5601 = DIRECTION('',(-1.,0.,4.969000769762E-15));
#5602 = ORIENTED_EDGE('',*,*,#5565,.T.);
#5603 = PLANE('',#5604);
#5604 = AXIS2_PLACEMENT_3D('',#5605,#5606,#5607);
#5605 = CARTESIAN_POINT('',(-0.288587678557,2.240999936884,
    1.635932852657));
#5606 = DIRECTION('',(4.969000769762E-15,0.,1.));
#5607 = DIRECTION('',(1.,0.,-4.969000769762E-15));
#5608 = ADVANCED_FACE('',(#5609),#5627,.F.);
#5609 = FACE_BOUND('',#5610,.T.);
#5610 = EDGE_LOOP('',(#5611,#5612,#5620,#5626));
#5611 = ORIENTED_EDGE('',*,*,#1368,.T.);
#5612 = ORIENTED_EDGE('',*,*,#5613,.F.);
#5613 = EDGE_CURVE('',#5614,#1361,#5616,.T.);
#5614 = VERTEX_POINT('',#5615);
#5615 = CARTESIAN_POINT('',(-0.288587678557,2.240999936884,
    1.649907198661));
#5616 = LINE('',#5617,#5618);
#5617 = CARTESIAN_POINT('',(-0.288587678557,2.240999936884,
    1.649907198661));
#5618 = VECTOR('',#5619,1.);
#5619 = DIRECTION('',(-0.,-1.,-0.));
#5620 = ORIENTED_EDGE('',*,*,#5621,.F.);
#5621 = EDGE_CURVE('',#5590,#5614,#5622,.T.);
#5622 = LINE('',#5623,#5624);
#5623 = CARTESIAN_POINT('',(-0.288587678557,2.240999936884,
    1.649907198661));
#5624 = VECTOR('',#5625,1.);
#5625 = DIRECTION('',(0.,0.,1.));
#5626 = ORIENTED_EDGE('',*,*,#5589,.T.);
#5627 = PLANE('',#5628);
#5628 = AXIS2_PLACEMENT_3D('',#5629,#5630,#5631);
#5629 = CARTESIAN_POINT('',(-0.288587678557,2.240999936884,
    1.649907198661));
#5630 = DIRECTION('',(1.,0.,0.));
#5631 = DIRECTION('',(0.,0.,-1.));
#5632 = ADVANCED_FACE('',(#5633),#5651,.F.);
#5633 = FACE_BOUND('',#5634,.T.);
#5634 = EDGE_LOOP('',(#5635,#5636,#5644,#5650));
#5635 = ORIENTED_EDGE('',*,*,#1360,.T.);
#5636 = ORIENTED_EDGE('',*,*,#5637,.F.);
#5637 = EDGE_CURVE('',#5638,#1353,#5640,.T.);
#5638 = VERTEX_POINT('',#5639);
#5639 = CARTESIAN_POINT('',(-0.244949040033,2.240999936884,
    1.649907198661));
#5640 = LINE('',#5641,#5642);
#5641 = CARTESIAN_POINT('',(-0.244949040033,2.240999936884,
    1.649907198661));
#5642 = VECTOR('',#5643,1.);
#5643 = DIRECTION('',(-0.,-1.,-0.));
#5644 = ORIENTED_EDGE('',*,*,#5645,.F.);
#5645 = EDGE_CURVE('',#5614,#5638,#5646,.T.);
#5646 = LINE('',#5647,#5648);
#5647 = CARTESIAN_POINT('',(-0.244949040033,2.240999936884,
    1.649907198661));
#5648 = VECTOR('',#5649,1.);
#5649 = DIRECTION('',(1.,0.,0.));
#5650 = ORIENTED_EDGE('',*,*,#5613,.T.);
#5651 = PLANE('',#5652);
#5652 = AXIS2_PLACEMENT_3D('',#5653,#5654,#5655);
#5653 = CARTESIAN_POINT('',(-0.244949040033,2.240999936884,
    1.649907198661));
#5654 = DIRECTION('',(0.,0.,-1.));
#5655 = DIRECTION('',(-1.,0.,0.));
#5656 = ADVANCED_FACE('',(#5657),#5675,.F.);
#5657 = FACE_BOUND('',#5658,.T.);
#5658 = EDGE_LOOP('',(#5659,#5660,#5668,#5674));
#5659 = ORIENTED_EDGE('',*,*,#1352,.T.);
#5660 = ORIENTED_EDGE('',*,*,#5661,.F.);
#5661 = EDGE_CURVE('',#5662,#1345,#5664,.T.);
#5662 = VERTEX_POINT('',#5663);
#5663 = CARTESIAN_POINT('',(-0.244949040033,2.240999936884,
    1.688960504903));
#5664 = LINE('',#5665,#5666);
#5665 = CARTESIAN_POINT('',(-0.244949040033,2.240999936884,
    1.688960504903));
#5666 = VECTOR('',#5667,1.);
#5667 = DIRECTION('',(-0.,-1.,-0.));
#5668 = ORIENTED_EDGE('',*,*,#5669,.F.);
#5669 = EDGE_CURVE('',#5638,#5662,#5670,.T.);
#5670 = LINE('',#5671,#5672);
#5671 = CARTESIAN_POINT('',(-0.244949040033,2.240999936884,
    1.688960504903));
#5672 = VECTOR('',#5673,1.);
#5673 = DIRECTION('',(2.776210893285E-15,0.,1.));
#5674 = ORIENTED_EDGE('',*,*,#5637,.T.);
#5675 = PLANE('',#5676);
#5676 = AXIS2_PLACEMENT_3D('',#5677,#5678,#5679);
#5677 = CARTESIAN_POINT('',(-0.244949040033,2.240999936884,
    1.688960504903));
#5678 = DIRECTION('',(1.,0.,-2.776210893285E-15));
#5679 = DIRECTION('',(-2.776210893285E-15,0.,-1.));
#5680 = ADVANCED_FACE('',(#5681),#5699,.F.);
#5681 = FACE_BOUND('',#5682,.T.);
#5682 = EDGE_LOOP('',(#5683,#5684,#5692,#5698));
#5683 = ORIENTED_EDGE('',*,*,#1344,.T.);
#5684 = ORIENTED_EDGE('',*,*,#5685,.F.);
#5685 = EDGE_CURVE('',#5686,#1337,#5688,.T.);
#5686 = VERTEX_POINT('',#5687);
#5687 = CARTESIAN_POINT('',(-0.292050072321,2.240999936884,
    1.688960504903));
#5688 = LINE('',#5689,#5690);
#5689 = CARTESIAN_POINT('',(-0.292050072321,2.240999936884,
    1.688960504903));
#5690 = VECTOR('',#5691,1.);
#5691 = DIRECTION('',(-0.,-1.,-0.));
#5692 = ORIENTED_EDGE('',*,*,#5693,.F.);
#5693 = EDGE_CURVE('',#5662,#5686,#5694,.T.);
#5694 = LINE('',#5695,#5696);
#5695 = CARTESIAN_POINT('',(-0.292050072321,2.240999936884,
    1.688960504903));
#5696 = VECTOR('',#5697,1.);
#5697 = DIRECTION('',(-1.,0.,4.603729852227E-15));
#5698 = ORIENTED_EDGE('',*,*,#5661,.T.);
#5699 = PLANE('',#5700);
#5700 = AXIS2_PLACEMENT_3D('',#5701,#5702,#5703);
#5701 = CARTESIAN_POINT('',(-0.292050072321,2.240999936884,
    1.688960504903));
#5702 = DIRECTION('',(4.603729852227E-15,0.,1.));
#5703 = DIRECTION('',(1.,0.,-4.603729852227E-15));
#5704 = ADVANCED_FACE('',(#5705),#5723,.F.);
#5705 = FACE_BOUND('',#5706,.T.);
#5706 = EDGE_LOOP('',(#5707,#5708,#5716,#5722));
#5707 = ORIENTED_EDGE('',*,*,#1336,.T.);
#5708 = ORIENTED_EDGE('',*,*,#5709,.F.);
#5709 = EDGE_CURVE('',#5710,#1329,#5712,.T.);
#5710 = VERTEX_POINT('',#5711);
#5711 = CARTESIAN_POINT('',(-0.292050072321,2.240999936884,
    1.702997236379));
#5712 = LINE('',#5713,#5714);
#5713 = CARTESIAN_POINT('',(-0.292050072321,2.240999936884,
    1.702997236379));
#5714 = VECTOR('',#5715,1.);
#5715 = DIRECTION('',(-0.,-1.,-0.));
#5716 = ORIENTED_EDGE('',*,*,#5717,.F.);
#5717 = EDGE_CURVE('',#5686,#5710,#5718,.T.);
#5718 = LINE('',#5719,#5720);
#5719 = CARTESIAN_POINT('',(-0.292050072321,2.240999936884,
    1.702997236379));
#5720 = VECTOR('',#5721,1.);
#5721 = DIRECTION('',(0.,0.,1.));
#5722 = ORIENTED_EDGE('',*,*,#5685,.T.);
#5723 = PLANE('',#5724);
#5724 = AXIS2_PLACEMENT_3D('',#5725,#5726,#5727);
#5725 = CARTESIAN_POINT('',(-0.292050072321,2.240999936884,
    1.702997236379));
#5726 = DIRECTION('',(1.,0.,0.));
#5727 = DIRECTION('',(0.,0.,-1.));
#5728 = ADVANCED_FACE('',(#5729),#5747,.F.);
#5729 = FACE_BOUND('',#5730,.T.);
#5730 = EDGE_LOOP('',(#5731,#5732,#5740,#5746));
#5731 = ORIENTED_EDGE('',*,*,#1328,.T.);
#5732 = ORIENTED_EDGE('',*,*,#5733,.F.);
#5733 = EDGE_CURVE('',#5734,#1321,#5736,.T.);
#5734 = VERTEX_POINT('',#5735);
#5735 = CARTESIAN_POINT('',(-0.229196708043,2.240999936884,
    1.702997236379));
#5736 = LINE('',#5737,#5738);
#5737 = CARTESIAN_POINT('',(-0.229196708043,2.240999936884,
    1.702997236379));
#5738 = VECTOR('',#5739,1.);
#5739 = DIRECTION('',(-0.,-1.,-0.));
#5740 = ORIENTED_EDGE('',*,*,#5741,.F.);
#5741 = EDGE_CURVE('',#5710,#5734,#5742,.T.);
#5742 = LINE('',#5743,#5744);
#5743 = CARTESIAN_POINT('',(-0.229196708043,2.240999936884,
    1.702997236379));
#5744 = VECTOR('',#5745,1.);
#5745 = DIRECTION('',(1.,0.,-3.449941477354E-15));
#5746 = ORIENTED_EDGE('',*,*,#5709,.T.);
#5747 = PLANE('',#5748);
#5748 = AXIS2_PLACEMENT_3D('',#5749,#5750,#5751);
#5749 = CARTESIAN_POINT('',(-0.229196708043,2.240999936884,
    1.702997236379));
#5750 = DIRECTION('',(-3.449941477354E-15,0.,-1.));
#5751 = DIRECTION('',(-1.,0.,3.449941477354E-15));
#5752 = ADVANCED_FACE('',(#5753),#5771,.F.);
#5753 = FACE_BOUND('',#5754,.T.);
#5754 = EDGE_LOOP('',(#5755,#5756,#5764,#5770));
#5755 = ORIENTED_EDGE('',*,*,#1320,.T.);
#5756 = ORIENTED_EDGE('',*,*,#5757,.F.);
#5757 = EDGE_CURVE('',#5758,#1313,#5760,.T.);
#5758 = VERTEX_POINT('',#5759);
#5759 = CARTESIAN_POINT('',(-0.229196708043,2.240999936884,
    1.580971250743));
#5760 = LINE('',#5761,#5762);
#5761 = CARTESIAN_POINT('',(-0.229196708043,2.240999936884,
    1.580971250743));
#5762 = VECTOR('',#5763,1.);
#5763 = DIRECTION('',(-0.,-1.,-0.));
#5764 = ORIENTED_EDGE('',*,*,#5765,.F.);
#5765 = EDGE_CURVE('',#5734,#5758,#5766,.T.);
#5766 = LINE('',#5767,#5768);
#5767 = CARTESIAN_POINT('',(-0.229196708043,2.240999936884,
    1.580971250743));
#5768 = VECTOR('',#5769,1.);
#5769 = DIRECTION('',(-2.665503096958E-15,-0.,-1.));
#5770 = ORIENTED_EDGE('',*,*,#5733,.T.);
#5771 = PLANE('',#5772);
#5772 = AXIS2_PLACEMENT_3D('',#5773,#5774,#5775);
#5773 = CARTESIAN_POINT('',(-0.229196708043,2.240999936884,
    1.580971250743));
#5774 = DIRECTION('',(-1.,0.,2.665503096958E-15));
#5775 = DIRECTION('',(2.665503096958E-15,0.,1.));
#5776 = ADVANCED_FACE('',(#5777),#5788,.F.);
#5777 = FACE_BOUND('',#5778,.T.);
#5778 = EDGE_LOOP('',(#5779,#5780,#5781,#5787));
#5779 = ORIENTED_EDGE('',*,*,#1312,.T.);
#5780 = ORIENTED_EDGE('',*,*,#5526,.F.);
#5781 = ORIENTED_EDGE('',*,*,#5782,.F.);
#5782 = EDGE_CURVE('',#5758,#5519,#5783,.T.);
#5783 = LINE('',#5784,#5785);
#5784 = CARTESIAN_POINT('',(-0.29482622588,2.240999936884,1.580971250743
    ));
#5785 = VECTOR('',#5786,1.);
#5786 = DIRECTION('',(-1.,-0.,-0.));
#5787 = ORIENTED_EDGE('',*,*,#5757,.T.);
#5788 = PLANE('',#5789);
#5789 = AXIS2_PLACEMENT_3D('',#5790,#5791,#5792);
#5790 = CARTESIAN_POINT('',(-0.29482622588,2.240999936884,1.580971250743
    ));
#5791 = DIRECTION('',(0.,0.,1.));
#5792 = DIRECTION('',(1.,0.,0.));
#5793 = ADVANCED_FACE('',(#5794),#5808,.F.);
#5794 = FACE_BOUND('',#5795,.T.);
#5795 = EDGE_LOOP('',(#5796,#5797,#5798,#5799,#5800,#5801,#5802,#5803,
    #5804,#5805,#5806,#5807));
#5796 = ORIENTED_EDGE('',*,*,#5518,.T.);
#5797 = ORIENTED_EDGE('',*,*,#5549,.T.);
#5798 = ORIENTED_EDGE('',*,*,#5573,.T.);
#5799 = ORIENTED_EDGE('',*,*,#5597,.T.);
#5800 = ORIENTED_EDGE('',*,*,#5621,.T.);
#5801 = ORIENTED_EDGE('',*,*,#5645,.T.);
#5802 = ORIENTED_EDGE('',*,*,#5669,.T.);
#5803 = ORIENTED_EDGE('',*,*,#5693,.T.);
#5804 = ORIENTED_EDGE('',*,*,#5717,.T.);
#5805 = ORIENTED_EDGE('',*,*,#5741,.T.);
#5806 = ORIENTED_EDGE('',*,*,#5765,.T.);
#5807 = ORIENTED_EDGE('',*,*,#5782,.T.);
#5808 = PLANE('',#5809);
#5809 = AXIS2_PLACEMENT_3D('',#5810,#5811,#5812);
#5810 = CARTESIAN_POINT('',(0.,2.240999936884,2.900000014025));
#5811 = DIRECTION('',(0.,-1.,0.));
#5812 = DIRECTION('',(0.,0.,-1.));
#5813 = ADVANCED_FACE('',(#5814,#5876),#5938,.T.);
#5814 = FACE_BOUND('',#5815,.T.);
#5815 = EDGE_LOOP('',(#5816,#5826,#5835,#5844,#5853,#5862,#5870));
#5816 = ORIENTED_EDGE('',*,*,#5817,.T.);
#5817 = EDGE_CURVE('',#5818,#5820,#5822,.T.);
#5818 = VERTEX_POINT('',#5819);
#5819 = CARTESIAN_POINT('',(-0.317877658238,2.240999936884,
    1.580971250743));
#5820 = VERTEX_POINT('',#5821);
#5821 = CARTESIAN_POINT('',(-0.351441042836,2.240999936884,
    1.580971250743));
#5822 = LINE('',#5823,#5824);
#5823 = CARTESIAN_POINT('',(-0.351441042836,2.240999936884,
    1.580971250743));
#5824 = VECTOR('',#5825,1.);
#5825 = DIRECTION('',(-1.,-0.,-0.));
#5826 = ORIENTED_EDGE('',*,*,#5827,.T.);
#5827 = EDGE_CURVE('',#5820,#5828,#5830,.T.);
#5828 = VERTEX_POINT('',#5829);
#5829 = CARTESIAN_POINT('',(-0.398822809753,2.240999936884,
    1.598064870407));
#5830 = B_SPLINE_CURVE_WITH_KNOTS('',3,(#5831,#5832,#5833,#5834),
  .UNSPECIFIED.,.F.,.F.,(4,4),(5.,6.),.PIECEWISE_BEZIER_KNOTS.);
#5831 = CARTESIAN_POINT('',(-0.351441042836,2.240999936884,
    1.580971250743));
#5832 = CARTESIAN_POINT('',(-0.3707493468,2.240999936884,1.580971250743)
  );
#5833 = CARTESIAN_POINT('',(-0.386564064263,2.240999936884,
    1.586648328807));
#5834 = CARTESIAN_POINT('',(-0.398822809753,2.240999936884,
    1.598064870407));
#5835 = ORIENTED_EDGE('',*,*,#5836,.T.);
#5836 = EDGE_CURVE('',#5828,#5837,#5839,.T.);
#5837 = VERTEX_POINT('',#5838);
#5838 = CARTESIAN_POINT('',(-0.417226524356,2.240999936884,
    1.643543880392));
#5839 = B_SPLINE_CURVE_WITH_KNOTS('',3,(#5840,#5841,#5842,#5843),
  .UNSPECIFIED.,.F.,.F.,(4,4),(4.,5.),.PIECEWISE_BEZIER_KNOTS.);
#5840 = CARTESIAN_POINT('',(-0.398822809753,2.240999936884,
    1.598064870407));
#5841 = CARTESIAN_POINT('',(-0.411081555243,2.240999936884,
    1.609481412008));
#5842 = CARTESIAN_POINT('',(-0.417226524356,2.240999936884,
    1.624641082003));
#5843 = CARTESIAN_POINT('',(-0.417226524356,2.240999936884,
    1.643543880392));
#5844 = ORIENTED_EDGE('',*,*,#5845,.T.);
#5845 = EDGE_CURVE('',#5837,#5846,#5848,.T.);
#5846 = VERTEX_POINT('',#5847);
#5847 = CARTESIAN_POINT('',(-0.398822809753,2.240999936884,
    1.686839398813));
#5848 = B_SPLINE_CURVE_WITH_KNOTS('',3,(#5849,#5850,#5851,#5852),
  .UNSPECIFIED.,.F.,.F.,(4,4),(3.,4.),.PIECEWISE_BEZIER_KNOTS.);
#5849 = CARTESIAN_POINT('',(-0.417226524356,2.240999936884,
    1.643543880392));
#5850 = CARTESIAN_POINT('',(-0.417226524356,2.240999936884,
    1.661635667628));
#5851 = CARTESIAN_POINT('',(-0.411081555243,2.240999936884,
    1.676046711944));
#5852 = CARTESIAN_POINT('',(-0.398822809753,2.240999936884,
    1.686839398813));
#5853 = ORIENTED_EDGE('',*,*,#5854,.T.);
#5854 = EDGE_CURVE('',#5846,#5855,#5857,.T.);
#5855 = VERTEX_POINT('',#5856);
#5856 = CARTESIAN_POINT('',(-0.3526887523,2.240999936884,1.702997236379)
  );
#5857 = B_SPLINE_CURVE_WITH_KNOTS('',3,(#5858,#5859,#5860,#5861),
  .UNSPECIFIED.,.F.,.F.,(4,4),(2.,3.),.PIECEWISE_BEZIER_KNOTS.);
#5858 = CARTESIAN_POINT('',(-0.398822809753,2.240999936884,
    1.686839398813));
#5859 = CARTESIAN_POINT('',(-0.386564064263,2.240999936884,
    1.697632085681));
#5860 = CARTESIAN_POINT('',(-0.371186045113,2.240999936884,
    1.702997236379));
#5861 = CARTESIAN_POINT('',(-0.3526887523,2.240999936884,1.702997236379)
  );
#5862 = ORIENTED_EDGE('',*,*,#5863,.T.);
#5863 = EDGE_CURVE('',#5855,#5864,#5866,.T.);
#5864 = VERTEX_POINT('',#5865);
#5865 = CARTESIAN_POINT('',(-0.317877658238,2.240999936884,
    1.702997236379));
#5866 = LINE('',#5867,#5868);
#5867 = CARTESIAN_POINT('',(-0.317877658238,2.240999936884,
    1.702997236379));
#5868 = VECTOR('',#5869,1.);
#5869 = DIRECTION('',(1.,0.,0.));
#5870 = ORIENTED_EDGE('',*,*,#5871,.T.);
#5871 = EDGE_CURVE('',#5864,#5818,#5872,.T.);
#5872 = LINE('',#5873,#5874);
#5873 = CARTESIAN_POINT('',(-0.317877658238,2.240999936884,
    1.580971250743));
#5874 = VECTOR('',#5875,1.);
#5875 = DIRECTION('',(-3.554004129278E-15,-0.,-1.));
#5876 = FACE_BOUND('',#5877,.T.);
#5877 = EDGE_LOOP('',(#5878,#5888,#5896,#5905,#5914,#5923,#5932));
#5878 = ORIENTED_EDGE('',*,*,#5879,.F.);
#5879 = EDGE_CURVE('',#5880,#5882,#5884,.T.);
#5880 = VERTEX_POINT('',#5881);
#5881 = CARTESIAN_POINT('',(-0.333629990229,2.240999936884,
    1.688960504903));
#5882 = VERTEX_POINT('',#5883);
#5883 = CARTESIAN_POINT('',(-0.333629990229,2.240999936884,
    1.594883211273));
#5884 = LINE('',#5885,#5886);
#5885 = CARTESIAN_POINT('',(-0.333629990229,2.240999936884,
    1.688960504903));
#5886 = VECTOR('',#5887,1.);
#5887 = DIRECTION('',(-4.60983559473E-15,0.,-1.));
#5888 = ORIENTED_EDGE('',*,*,#5889,.F.);
#5889 = EDGE_CURVE('',#5890,#5880,#5892,.T.);
#5890 = VERTEX_POINT('',#5891);
#5891 = CARTESIAN_POINT('',(-0.352064897567,2.240999936884,
    1.688960504903));
#5892 = LINE('',#5893,#5894);
#5893 = CARTESIAN_POINT('',(-0.352064897567,2.240999936884,
    1.688960504903));
#5894 = VECTOR('',#5895,1.);
#5895 = DIRECTION('',(1.,0.,0.));
#5896 = ORIENTED_EDGE('',*,*,#5897,.F.);
#5897 = EDGE_CURVE('',#5898,#5890,#5900,.T.);
#5898 = VERTEX_POINT('',#5899);
#5899 = CARTESIAN_POINT('',(-0.387281497206,2.240999936884,
    1.677481577828));
#5900 = B_SPLINE_CURVE_WITH_KNOTS('',3,(#5901,#5902,#5903,#5904),
  .UNSPECIFIED.,.F.,.F.,(4,4),(5.,6.),.PIECEWISE_BEZIER_KNOTS.);
#5901 = CARTESIAN_POINT('',(-0.387281497206,2.240999936884,
    1.677481577828));
#5902 = CARTESIAN_POINT('',(-0.378360374533,2.240999936884,
    1.685154991036));
#5903 = CARTESIAN_POINT('',(-0.36660071283,2.240999936884,1.688960504903
    ));
#5904 = CARTESIAN_POINT('',(-0.352064897567,2.240999936884,
    1.688960504903));
#5905 = ORIENTED_EDGE('',*,*,#5906,.F.);
#5906 = EDGE_CURVE('',#5907,#5898,#5909,.T.);
#5907 = VERTEX_POINT('',#5908);
#5908 = CARTESIAN_POINT('',(-0.400663181214,2.240999936884,
    1.643107182079));
#5909 = B_SPLINE_CURVE_WITH_KNOTS('',3,(#5910,#5911,#5912,#5913),
  .UNSPECIFIED.,.F.,.F.,(4,4),(4.,5.),.PIECEWISE_BEZIER_KNOTS.);
#5910 = CARTESIAN_POINT('',(-0.400663181214,2.240999936884,
    1.643107182079));
#5911 = CARTESIAN_POINT('',(-0.400663181214,2.240999936884,
    1.658329237547));
#5912 = CARTESIAN_POINT('',(-0.396202619877,2.240999936884,
    1.669808164621));
#5913 = CARTESIAN_POINT('',(-0.387281497206,2.240999936884,
    1.677481577828));
#5914 = ORIENTED_EDGE('',*,*,#5915,.F.);
#5915 = EDGE_CURVE('',#5916,#5907,#5918,.T.);
#5916 = VERTEX_POINT('',#5917);
#5917 = CARTESIAN_POINT('',(-0.387624617309,2.240999936884,
    1.607609847811));
#5918 = B_SPLINE_CURVE_WITH_KNOTS('',3,(#5919,#5920,#5921,#5922),
  .UNSPECIFIED.,.F.,.F.,(4,4),(3.,4.),.PIECEWISE_BEZIER_KNOTS.);
#5919 = CARTESIAN_POINT('',(-0.387624617309,2.240999936884,
    1.607609847811));
#5920 = CARTESIAN_POINT('',(-0.396327390824,2.240999936884,
    1.616031886698));
#5921 = CARTESIAN_POINT('',(-0.400663181214,2.240999936884,
    1.627885126611));
#5922 = CARTESIAN_POINT('',(-0.400663181214,2.240999936884,
    1.643107182079));
#5923 = ORIENTED_EDGE('',*,*,#5924,.F.);
#5924 = EDGE_CURVE('',#5925,#5916,#5927,.T.);
#5925 = VERTEX_POINT('',#5926);
#5926 = CARTESIAN_POINT('',(-0.351347464626,2.240999936884,
    1.594883211273));
#5927 = B_SPLINE_CURVE_WITH_KNOTS('',3,(#5928,#5929,#5930,#5931),
  .UNSPECIFIED.,.F.,.F.,(4,4),(2.,3.),.PIECEWISE_BEZIER_KNOTS.);
#5928 = CARTESIAN_POINT('',(-0.351347464626,2.240999936884,
    1.594883211273));
#5929 = CARTESIAN_POINT('',(-0.366850254723,2.240999936884,
    1.594883211273));
#5930 = CARTESIAN_POINT('',(-0.37895303653,2.240999936884,1.599125423453
    ));
#5931 = CARTESIAN_POINT('',(-0.387624617309,2.240999936884,
    1.607609847811));
#5932 = ORIENTED_EDGE('',*,*,#5933,.F.);
#5933 = EDGE_CURVE('',#5882,#5925,#5934,.T.);
#5934 = LINE('',#5935,#5936);
#5935 = CARTESIAN_POINT('',(-0.333629990229,2.240999936884,
    1.594883211273));
#5936 = VECTOR('',#5937,1.);
#5937 = DIRECTION('',(-1.,0.,1.223878886787E-14));
#5938 = PLANE('',#5939);
#5939 = AXIS2_PLACEMENT_3D('',#5940,#5941,#5942);
#5940 = CARTESIAN_POINT('',(-0.378095236273,2.240999936884,
    1.698965575172));
#5941 = DIRECTION('',(0.,1.,0.));
#5942 = DIRECTION('',(0.,0.,1.));
#5943 = ADVANCED_FACE('',(#5944),#5960,.F.);
#5944 = FACE_BOUND('',#5945,.T.);
#5945 = EDGE_LOOP('',(#5946,#5947,#5953,#5954));
#5946 = ORIENTED_EDGE('',*,*,#1400,.T.);
#5947 = ORIENTED_EDGE('',*,*,#5948,.F.);
#5948 = EDGE_CURVE('',#5820,#1403,#5949,.T.);
#5949 = LINE('',#5950,#5951);
#5950 = CARTESIAN_POINT('',(-0.351441042836,2.240999936884,
    1.580971250743));
#5951 = VECTOR('',#5952,1.);
#5952 = DIRECTION('',(-0.,-1.,-0.));
#5953 = ORIENTED_EDGE('',*,*,#5817,.F.);
#5954 = ORIENTED_EDGE('',*,*,#5955,.T.);
#5955 = EDGE_CURVE('',#5818,#1401,#5956,.T.);
#5956 = LINE('',#5957,#5958);
#5957 = CARTESIAN_POINT('',(-0.317877658238,2.240999936884,
    1.580971250743));
#5958 = VECTOR('',#5959,1.);
#5959 = DIRECTION('',(-0.,-1.,-0.));
#5960 = PLANE('',#5961);
#5961 = AXIS2_PLACEMENT_3D('',#5962,#5963,#5964);
#5962 = CARTESIAN_POINT('',(-0.351441042836,2.240999936884,
    1.580971250743));
#5963 = DIRECTION('',(0.,0.,1.));
#5964 = DIRECTION('',(1.,0.,0.));
#5965 = ADVANCED_FACE('',(#5966),#5977,.F.);
#5966 = FACE_BOUND('',#5967,.F.);
#5967 = EDGE_LOOP('',(#5968,#5969,#5970,#5976));
#5968 = ORIENTED_EDGE('',*,*,#5948,.F.);
#5969 = ORIENTED_EDGE('',*,*,#5827,.T.);
#5970 = ORIENTED_EDGE('',*,*,#5971,.T.);
#5971 = EDGE_CURVE('',#5828,#1445,#5972,.T.);
#5972 = LINE('',#5973,#5974);
#5973 = CARTESIAN_POINT('',(-0.398822809753,2.240999936884,
    1.598064870407));
#5974 = VECTOR('',#5975,1.);
#5975 = DIRECTION('',(-0.,-1.,-0.));
#5976 = ORIENTED_EDGE('',*,*,#1453,.F.);
#5977 = B_SPLINE_SURFACE_WITH_KNOTS('',3,1,(
    (#5978,#5979)
    ,(#5980,#5981)
    ,(#5982,#5983)
    ,(#5984,#5985
    )),.UNSPECIFIED.,.F.,.F.,.F.,(4,4),(2,2),(5.,6.),(0.,1.),
  .PIECEWISE_BEZIER_KNOTS.);
#5978 = CARTESIAN_POINT('',(-0.351441042836,2.240999936884,
    1.580971250743));
#5979 = CARTESIAN_POINT('',(-0.351441042836,2.23999993717,1.580971250743
    ));
#5980 = CARTESIAN_POINT('',(-0.3707493468,2.240999936884,1.580971250743)
  );
#5981 = CARTESIAN_POINT('',(-0.3707493468,2.23999993717,1.580971250743)
  );
#5982 = CARTESIAN_POINT('',(-0.386564064263,2.240999936884,
    1.586648328807));
#5983 = CARTESIAN_POINT('',(-0.386564064263,2.23999993717,1.586648328807
    ));
#5984 = CARTESIAN_POINT('',(-0.398822809753,2.240999936884,
    1.598064870407));
#5985 = CARTESIAN_POINT('',(-0.398822809753,2.23999993717,1.598064870407
    ));
#5986 = ADVANCED_FACE('',(#5987),#5998,.F.);
#5987 = FACE_BOUND('',#5988,.F.);
#5988 = EDGE_LOOP('',(#5989,#5990,#5991,#5997));
#5989 = ORIENTED_EDGE('',*,*,#5971,.F.);
#5990 = ORIENTED_EDGE('',*,*,#5836,.T.);
#5991 = ORIENTED_EDGE('',*,*,#5992,.T.);
#5992 = EDGE_CURVE('',#5837,#1436,#5993,.T.);
#5993 = LINE('',#5994,#5995);
#5994 = CARTESIAN_POINT('',(-0.417226524356,2.240999936884,
    1.643543880392));
#5995 = VECTOR('',#5996,1.);
#5996 = DIRECTION('',(-0.,-1.,-0.));
#5997 = ORIENTED_EDGE('',*,*,#1444,.F.);
#5998 = B_SPLINE_SURFACE_WITH_KNOTS('',3,1,(
    (#5999,#6000)
    ,(#6001,#6002)
    ,(#6003,#6004)
    ,(#6005,#6006
    )),.UNSPECIFIED.,.F.,.F.,.F.,(4,4),(2,2),(4.,5.),(0.,1.),
  .PIECEWISE_BEZIER_KNOTS.);
#5999 = CARTESIAN_POINT('',(-0.398822809753,2.240999936884,
    1.598064870407));
#6000 = CARTESIAN_POINT('',(-0.398822809753,2.23999993717,1.598064870407
    ));
#6001 = CARTESIAN_POINT('',(-0.411081555243,2.240999936884,
    1.609481412008));
#6002 = CARTESIAN_POINT('',(-0.411081555243,2.23999993717,1.609481412008
    ));
#6003 = CARTESIAN_POINT('',(-0.417226524356,2.240999936884,
    1.624641082003));
#6004 = CARTESIAN_POINT('',(-0.417226524356,2.23999993717,1.624641082003
    ));
#6005 = CARTESIAN_POINT('',(-0.417226524356,2.240999936884,
    1.643543880392));
#6006 = CARTESIAN_POINT('',(-0.417226524356,2.23999993717,1.643543880392
    ));
#6007 = ADVANCED_FACE('',(#6008),#6019,.F.);
#6008 = FACE_BOUND('',#6009,.F.);
#6009 = EDGE_LOOP('',(#6010,#6011,#6012,#6018));
#6010 = ORIENTED_EDGE('',*,*,#5992,.F.);
#6011 = ORIENTED_EDGE('',*,*,#5845,.T.);
#6012 = ORIENTED_EDGE('',*,*,#6013,.T.);
#6013 = EDGE_CURVE('',#5846,#1427,#6014,.T.);
#6014 = LINE('',#6015,#6016);
#6015 = CARTESIAN_POINT('',(-0.398822809753,2.240999936884,
    1.686839398813));
#6016 = VECTOR('',#6017,1.);
#6017 = DIRECTION('',(-0.,-1.,-0.));
#6018 = ORIENTED_EDGE('',*,*,#1435,.F.);
#6019 = B_SPLINE_SURFACE_WITH_KNOTS('',3,1,(
    (#6020,#6021)
    ,(#6022,#6023)
    ,(#6024,#6025)
    ,(#6026,#6027
    )),.UNSPECIFIED.,.F.,.F.,.F.,(4,4),(2,2),(3.,4.),(0.,1.),
  .PIECEWISE_BEZIER_KNOTS.);
#6020 = CARTESIAN_POINT('',(-0.417226524356,2.240999936884,
    1.643543880392));
#6021 = CARTESIAN_POINT('',(-0.417226524356,2.23999993717,1.643543880392
    ));
#6022 = CARTESIAN_POINT('',(-0.417226524356,2.240999936884,
    1.661635667628));
#6023 = CARTESIAN_POINT('',(-0.417226524356,2.23999993717,1.661635667628
    ));
#6024 = CARTESIAN_POINT('',(-0.411081555243,2.240999936884,
    1.676046711944));
#6025 = CARTESIAN_POINT('',(-0.411081555243,2.23999993717,1.676046711944
    ));
#6026 = CARTESIAN_POINT('',(-0.398822809753,2.240999936884,
    1.686839398813));
#6027 = CARTESIAN_POINT('',(-0.398822809753,2.23999993717,1.686839398813
    ));
#6028 = ADVANCED_FACE('',(#6029),#6040,.F.);
#6029 = FACE_BOUND('',#6030,.F.);
#6030 = EDGE_LOOP('',(#6031,#6032,#6033,#6039));
#6031 = ORIENTED_EDGE('',*,*,#6013,.F.);
#6032 = ORIENTED_EDGE('',*,*,#5854,.T.);
#6033 = ORIENTED_EDGE('',*,*,#6034,.T.);
#6034 = EDGE_CURVE('',#5855,#1419,#6035,.T.);
#6035 = LINE('',#6036,#6037);
#6036 = CARTESIAN_POINT('',(-0.3526887523,2.240999936884,1.702997236379)
  );
#6037 = VECTOR('',#6038,1.);
#6038 = DIRECTION('',(-0.,-1.,-0.));
#6039 = ORIENTED_EDGE('',*,*,#1426,.F.);
#6040 = B_SPLINE_SURFACE_WITH_KNOTS('',3,1,(
    (#6041,#6042)
    ,(#6043,#6044)
    ,(#6045,#6046)
    ,(#6047,#6048
    )),.UNSPECIFIED.,.F.,.F.,.F.,(4,4),(2,2),(2.,3.),(0.,1.),
  .PIECEWISE_BEZIER_KNOTS.);
#6041 = CARTESIAN_POINT('',(-0.398822809753,2.240999936884,
    1.686839398813));
#6042 = CARTESIAN_POINT('',(-0.398822809753,2.23999993717,1.686839398813
    ));
#6043 = CARTESIAN_POINT('',(-0.386564064263,2.240999936884,
    1.697632085681));
#6044 = CARTESIAN_POINT('',(-0.386564064263,2.23999993717,1.697632085681
    ));
#6045 = CARTESIAN_POINT('',(-0.371186045113,2.240999936884,
    1.702997236379));
#6046 = CARTESIAN_POINT('',(-0.371186045113,2.23999993717,1.702997236379
    ));
#6047 = CARTESIAN_POINT('',(-0.3526887523,2.240999936884,1.702997236379)
  );
#6048 = CARTESIAN_POINT('',(-0.3526887523,2.23999993717,1.702997236379)
  );
#6049 = ADVANCED_FACE('',(#6050),#6061,.F.);
#6050 = FACE_BOUND('',#6051,.T.);
#6051 = EDGE_LOOP('',(#6052,#6053,#6059,#6060));
#6052 = ORIENTED_EDGE('',*,*,#1418,.T.);
#6053 = ORIENTED_EDGE('',*,*,#6054,.F.);
#6054 = EDGE_CURVE('',#5864,#1411,#6055,.T.);
#6055 = LINE('',#6056,#6057);
#6056 = CARTESIAN_POINT('',(-0.317877658238,2.240999936884,
    1.702997236379));
#6057 = VECTOR('',#6058,1.);
#6058 = DIRECTION('',(-0.,-1.,-0.));
#6059 = ORIENTED_EDGE('',*,*,#5863,.F.);
#6060 = ORIENTED_EDGE('',*,*,#6034,.T.);
#6061 = PLANE('',#6062);
#6062 = AXIS2_PLACEMENT_3D('',#6063,#6064,#6065);
#6063 = CARTESIAN_POINT('',(-0.317877658238,2.240999936884,
    1.702997236379));
#6064 = DIRECTION('',(0.,0.,-1.));
#6065 = DIRECTION('',(-1.,0.,0.));
#6066 = ADVANCED_FACE('',(#6067),#6073,.F.);
#6067 = FACE_BOUND('',#6068,.T.);
#6068 = EDGE_LOOP('',(#6069,#6070,#6071,#6072));
#6069 = ORIENTED_EDGE('',*,*,#1410,.T.);
#6070 = ORIENTED_EDGE('',*,*,#5955,.F.);
#6071 = ORIENTED_EDGE('',*,*,#5871,.F.);
#6072 = ORIENTED_EDGE('',*,*,#6054,.T.);
#6073 = PLANE('',#6074);
#6074 = AXIS2_PLACEMENT_3D('',#6075,#6076,#6077);
#6075 = CARTESIAN_POINT('',(-0.317877658238,2.240999936884,
    1.580971250743));
#6076 = DIRECTION('',(-1.,0.,3.554004129278E-15));
#6077 = DIRECTION('',(3.554004129278E-15,0.,1.));
#6078 = ADVANCED_FACE('',(#6079),#6104,.T.);
#6079 = FACE_BOUND('',#6080,.T.);
#6080 = EDGE_LOOP('',(#6081,#6091,#6097,#6098));
#6081 = ORIENTED_EDGE('',*,*,#6082,.F.);
#6082 = EDGE_CURVE('',#6083,#6085,#6087,.T.);
#6083 = VERTEX_POINT('',#6084);
#6084 = CARTESIAN_POINT('',(-0.352064897567,2.23999993717,1.688960504903
    ));
#6085 = VERTEX_POINT('',#6086);
#6086 = CARTESIAN_POINT('',(-0.333629990229,2.239999936912,
    1.688960504903));
#6087 = LINE('',#6088,#6089);
#6088 = CARTESIAN_POINT('',(-0.352064897567,2.239999936912,
    1.688960504903));
#6089 = VECTOR('',#6090,1.);
#6090 = DIRECTION('',(1.,0.,0.));
#6091 = ORIENTED_EDGE('',*,*,#6092,.F.);
#6092 = EDGE_CURVE('',#5890,#6083,#6093,.T.);
#6093 = LINE('',#6094,#6095);
#6094 = CARTESIAN_POINT('',(-0.352064897567,2.240999936884,
    1.688960504903));
#6095 = VECTOR('',#6096,1.);
#6096 = DIRECTION('',(-0.,-1.,-0.));
#6097 = ORIENTED_EDGE('',*,*,#5889,.T.);
#6098 = ORIENTED_EDGE('',*,*,#6099,.T.);
#6099 = EDGE_CURVE('',#5880,#6085,#6100,.T.);
#6100 = LINE('',#6101,#6102);
#6101 = CARTESIAN_POINT('',(-0.333629990229,2.240999936884,
    1.688960504903));
#6102 = VECTOR('',#6103,1.);
#6103 = DIRECTION('',(-0.,-1.,-0.));
#6104 = PLANE('',#6105);
#6105 = AXIS2_PLACEMENT_3D('',#6106,#6107,#6108);
#6106 = CARTESIAN_POINT('',(-0.352064897567,2.240999936884,
    1.688960504903));
#6107 = DIRECTION('',(0.,0.,-1.));
#6108 = DIRECTION('',(-1.,0.,0.));
#6109 = ADVANCED_FACE('',(#6110),#6128,.T.);
#6110 = FACE_BOUND('',#6111,.T.);
#6111 = EDGE_LOOP('',(#6112,#6120,#6121,#6122));
#6112 = ORIENTED_EDGE('',*,*,#6113,.F.);
#6113 = EDGE_CURVE('',#6085,#6114,#6116,.T.);
#6114 = VERTEX_POINT('',#6115);
#6115 = CARTESIAN_POINT('',(-0.333629990229,2.239999936912,
    1.594883211273));
#6116 = LINE('',#6117,#6118);
#6117 = CARTESIAN_POINT('',(-0.333629990229,2.239999936912,
    1.688960504903));
#6118 = VECTOR('',#6119,1.);
#6119 = DIRECTION('',(-4.60983559473E-15,0.,-1.));
#6120 = ORIENTED_EDGE('',*,*,#6099,.F.);
#6121 = ORIENTED_EDGE('',*,*,#5879,.T.);
#6122 = ORIENTED_EDGE('',*,*,#6123,.T.);
#6123 = EDGE_CURVE('',#5882,#6114,#6124,.T.);
#6124 = LINE('',#6125,#6126);
#6125 = CARTESIAN_POINT('',(-0.333629990229,2.240999936884,
    1.594883211273));
#6126 = VECTOR('',#6127,1.);
#6127 = DIRECTION('',(-0.,-1.,-0.));
#6128 = PLANE('',#6129);
#6129 = AXIS2_PLACEMENT_3D('',#6130,#6131,#6132);
#6130 = CARTESIAN_POINT('',(-0.333629990229,2.240999936884,
    1.688960504903));
#6131 = DIRECTION('',(-1.,0.,4.60983559473E-15));
#6132 = DIRECTION('',(4.60983559473E-15,0.,1.));
#6133 = ADVANCED_FACE('',(#6134),#6152,.T.);
#6134 = FACE_BOUND('',#6135,.T.);
#6135 = EDGE_LOOP('',(#6136,#6144,#6145,#6146));
#6136 = ORIENTED_EDGE('',*,*,#6137,.F.);
#6137 = EDGE_CURVE('',#6114,#6138,#6140,.T.);
#6138 = VERTEX_POINT('',#6139);
#6139 = CARTESIAN_POINT('',(-0.351347464626,2.239999936912,
    1.594883211273));
#6140 = LINE('',#6141,#6142);
#6141 = CARTESIAN_POINT('',(-0.333629990229,2.239999936912,
    1.594883211273));
#6142 = VECTOR('',#6143,1.);
#6143 = DIRECTION('',(-1.,0.,1.223878886787E-14));
#6144 = ORIENTED_EDGE('',*,*,#6123,.F.);
#6145 = ORIENTED_EDGE('',*,*,#5933,.T.);
#6146 = ORIENTED_EDGE('',*,*,#6147,.T.);
#6147 = EDGE_CURVE('',#5925,#6138,#6148,.T.);
#6148 = LINE('',#6149,#6150);
#6149 = CARTESIAN_POINT('',(-0.351347464626,2.240999936884,
    1.594883211273));
#6150 = VECTOR('',#6151,1.);
#6151 = DIRECTION('',(-0.,-1.,-0.));
#6152 = PLANE('',#6153);
#6153 = AXIS2_PLACEMENT_3D('',#6154,#6155,#6156);
#6154 = CARTESIAN_POINT('',(-0.333629990229,2.240999936884,
    1.594883211273));
#6155 = DIRECTION('',(1.223878886787E-14,0.,1.));
#6156 = DIRECTION('',(1.,0.,-1.223878886787E-14));
#6157 = ADVANCED_FACE('',(#6158),#6177,.T.);
#6158 = FACE_BOUND('',#6159,.T.);
#6159 = EDGE_LOOP('',(#6160,#6169,#6170,#6171));
#6160 = ORIENTED_EDGE('',*,*,#6161,.F.);
#6161 = EDGE_CURVE('',#6138,#6162,#6164,.T.);
#6162 = VERTEX_POINT('',#6163);
#6163 = CARTESIAN_POINT('',(-0.387624617309,2.239999936912,
    1.607609847811));
#6164 = B_SPLINE_CURVE_WITH_KNOTS('',3,(#6165,#6166,#6167,#6168),
  .UNSPECIFIED.,.F.,.F.,(4,4),(2.,3.),.PIECEWISE_BEZIER_KNOTS.);
#6165 = CARTESIAN_POINT('',(-0.351347464626,2.239999936912,
    1.594883211273));
#6166 = CARTESIAN_POINT('',(-0.366850254723,2.239999936912,
    1.594883211273));
#6167 = CARTESIAN_POINT('',(-0.37895303653,2.239999936912,1.599125423453
    ));
#6168 = CARTESIAN_POINT('',(-0.387624617309,2.239999936912,
    1.607609847811));
#6169 = ORIENTED_EDGE('',*,*,#6147,.F.);
#6170 = ORIENTED_EDGE('',*,*,#5924,.T.);
#6171 = ORIENTED_EDGE('',*,*,#6172,.T.);
#6172 = EDGE_CURVE('',#5916,#6162,#6173,.T.);
#6173 = LINE('',#6174,#6175);
#6174 = CARTESIAN_POINT('',(-0.387624617309,2.240999936884,
    1.607609847811));
#6175 = VECTOR('',#6176,1.);
#6176 = DIRECTION('',(-0.,-1.,-0.));
#6177 = B_SPLINE_SURFACE_WITH_KNOTS('',3,1,(
    (#6178,#6179)
    ,(#6180,#6181)
    ,(#6182,#6183)
    ,(#6184,#6185
    )),.UNSPECIFIED.,.F.,.F.,.F.,(4,4),(2,2),(2.,3.),(0.,1.),
  .PIECEWISE_BEZIER_KNOTS.);
#6178 = CARTESIAN_POINT('',(-0.351347464626,2.240999936884,
    1.594883211273));
#6179 = CARTESIAN_POINT('',(-0.351347464626,2.239999936912,
    1.594883211273));
#6180 = CARTESIAN_POINT('',(-0.366850254723,2.240999936884,
    1.594883211273));
#6181 = CARTESIAN_POINT('',(-0.366850254723,2.239999936912,
    1.594883211273));
#6182 = CARTESIAN_POINT('',(-0.37895303653,2.240999936884,1.599125423453
    ));
#6183 = CARTESIAN_POINT('',(-0.37895303653,2.239999936912,1.599125423453
    ));
#6184 = CARTESIAN_POINT('',(-0.387624617309,2.240999936884,
    1.607609847811));
#6185 = CARTESIAN_POINT('',(-0.387624617309,2.239999936912,
    1.607609847811));
#6186 = ADVANCED_FACE('',(#6187),#6206,.T.);
#6187 = FACE_BOUND('',#6188,.T.);
#6188 = EDGE_LOOP('',(#6189,#6198,#6199,#6200));
#6189 = ORIENTED_EDGE('',*,*,#6190,.F.);
#6190 = EDGE_CURVE('',#6162,#6191,#6193,.T.);
#6191 = VERTEX_POINT('',#6192);
#6192 = CARTESIAN_POINT('',(-0.400663181214,2.239999936912,
    1.643107182079));
#6193 = B_SPLINE_CURVE_WITH_KNOTS('',3,(#6194,#6195,#6196,#6197),
  .UNSPECIFIED.,.F.,.F.,(4,4),(3.,4.),.PIECEWISE_BEZIER_KNOTS.);
#6194 = CARTESIAN_POINT('',(-0.387624617309,2.239999936912,
    1.607609847811));
#6195 = CARTESIAN_POINT('',(-0.396327390824,2.239999936912,
    1.616031886698));
#6196 = CARTESIAN_POINT('',(-0.400663181214,2.239999936912,
    1.627885126611));
#6197 = CARTESIAN_POINT('',(-0.400663181214,2.239999936912,
    1.643107182079));
#6198 = ORIENTED_EDGE('',*,*,#6172,.F.);
#6199 = ORIENTED_EDGE('',*,*,#5915,.T.);
#6200 = ORIENTED_EDGE('',*,*,#6201,.T.);
#6201 = EDGE_CURVE('',#5907,#6191,#6202,.T.);
#6202 = LINE('',#6203,#6204);
#6203 = CARTESIAN_POINT('',(-0.400663181214,2.240999936884,
    1.643107182079));
#6204 = VECTOR('',#6205,1.);
#6205 = DIRECTION('',(-0.,-1.,-0.));
#6206 = B_SPLINE_SURFACE_WITH_KNOTS('',3,1,(
    (#6207,#6208)
    ,(#6209,#6210)
    ,(#6211,#6212)
    ,(#6213,#6214
    )),.UNSPECIFIED.,.F.,.F.,.F.,(4,4),(2,2),(3.,4.),(0.,1.),
  .PIECEWISE_BEZIER_KNOTS.);
#6207 = CARTESIAN_POINT('',(-0.387624617309,2.240999936884,
    1.607609847811));
#6208 = CARTESIAN_POINT('',(-0.387624617309,2.239999936912,
    1.607609847811));
#6209 = CARTESIAN_POINT('',(-0.396327390824,2.240999936884,
    1.616031886698));
#6210 = CARTESIAN_POINT('',(-0.396327390824,2.239999936912,
    1.616031886698));
#6211 = CARTESIAN_POINT('',(-0.400663181214,2.240999936884,
    1.627885126611));
#6212 = CARTESIAN_POINT('',(-0.400663181214,2.239999936912,
    1.627885126611));
#6213 = CARTESIAN_POINT('',(-0.400663181214,2.240999936884,
    1.643107182079));
#6214 = CARTESIAN_POINT('',(-0.400663181214,2.239999936912,
    1.643107182079));
#6215 = ADVANCED_FACE('',(#6216),#6235,.T.);
#6216 = FACE_BOUND('',#6217,.T.);
#6217 = EDGE_LOOP('',(#6218,#6227,#6228,#6229));
#6218 = ORIENTED_EDGE('',*,*,#6219,.F.);
#6219 = EDGE_CURVE('',#6191,#6220,#6222,.T.);
#6220 = VERTEX_POINT('',#6221);
#6221 = CARTESIAN_POINT('',(-0.387281497206,2.239999936912,
    1.677481577828));
#6222 = B_SPLINE_CURVE_WITH_KNOTS('',3,(#6223,#6224,#6225,#6226),
  .UNSPECIFIED.,.F.,.F.,(4,4),(4.,5.),.PIECEWISE_BEZIER_KNOTS.);
#6223 = CARTESIAN_POINT('',(-0.400663181214,2.239999936912,
    1.643107182079));
#6224 = CARTESIAN_POINT('',(-0.400663181214,2.239999936912,
    1.658329237547));
#6225 = CARTESIAN_POINT('',(-0.396202619877,2.239999936912,
    1.669808164621));
#6226 = CARTESIAN_POINT('',(-0.387281497206,2.239999936912,
    1.677481577828));
#6227 = ORIENTED_EDGE('',*,*,#6201,.F.);
#6228 = ORIENTED_EDGE('',*,*,#5906,.T.);
#6229 = ORIENTED_EDGE('',*,*,#6230,.T.);
#6230 = EDGE_CURVE('',#5898,#6220,#6231,.T.);
#6231 = LINE('',#6232,#6233);
#6232 = CARTESIAN_POINT('',(-0.387281497206,2.240999936884,
    1.677481577828));
#6233 = VECTOR('',#6234,1.);
#6234 = DIRECTION('',(-0.,-1.,-0.));
#6235 = B_SPLINE_SURFACE_WITH_KNOTS('',3,1,(
    (#6236,#6237)
    ,(#6238,#6239)
    ,(#6240,#6241)
    ,(#6242,#6243
    )),.UNSPECIFIED.,.F.,.F.,.F.,(4,4),(2,2),(4.,5.),(0.,1.),
  .PIECEWISE_BEZIER_KNOTS.);
#6236 = CARTESIAN_POINT('',(-0.400663181214,2.240999936884,
    1.643107182079));
#6237 = CARTESIAN_POINT('',(-0.400663181214,2.239999936912,
    1.643107182079));
#6238 = CARTESIAN_POINT('',(-0.400663181214,2.240999936884,
    1.658329237547));
#6239 = CARTESIAN_POINT('',(-0.400663181214,2.239999936912,
    1.658329237547));
#6240 = CARTESIAN_POINT('',(-0.396202619877,2.240999936884,
    1.669808164621));
#6241 = CARTESIAN_POINT('',(-0.396202619877,2.239999936912,
    1.669808164621));
#6242 = CARTESIAN_POINT('',(-0.387281497206,2.240999936884,
    1.677481577828));
#6243 = CARTESIAN_POINT('',(-0.387281497206,2.239999936912,
    1.677481577828));
#6244 = ADVANCED_FACE('',(#6245),#6257,.T.);
#6245 = FACE_BOUND('',#6246,.T.);
#6246 = EDGE_LOOP('',(#6247,#6254,#6255,#6256));
#6247 = ORIENTED_EDGE('',*,*,#6248,.F.);
#6248 = EDGE_CURVE('',#6220,#6083,#6249,.T.);
#6249 = B_SPLINE_CURVE_WITH_KNOTS('',3,(#6250,#6251,#6252,#6253),
  .UNSPECIFIED.,.F.,.F.,(4,4),(5.,6.),.PIECEWISE_BEZIER_KNOTS.);
#6250 = CARTESIAN_POINT('',(-0.387281497206,2.239999936912,
    1.677481577828));
#6251 = CARTESIAN_POINT('',(-0.378360374533,2.239999936912,
    1.685154991036));
#6252 = CARTESIAN_POINT('',(-0.36660071283,2.239999936912,1.688960504903
    ));
#6253 = CARTESIAN_POINT('',(-0.352064897567,2.23999993717,1.688960504903
    ));
#6254 = ORIENTED_EDGE('',*,*,#6230,.F.);
#6255 = ORIENTED_EDGE('',*,*,#5897,.T.);
#6256 = ORIENTED_EDGE('',*,*,#6092,.T.);
#6257 = B_SPLINE_SURFACE_WITH_KNOTS('',3,1,(
    (#6258,#6259)
    ,(#6260,#6261)
    ,(#6262,#6263)
    ,(#6264,#6265
    )),.UNSPECIFIED.,.F.,.F.,.F.,(4,4),(2,2),(5.,6.),(0.,1.),
  .PIECEWISE_BEZIER_KNOTS.);
#6258 = CARTESIAN_POINT('',(-0.387281497206,2.240999936884,
    1.677481577828));
#6259 = CARTESIAN_POINT('',(-0.387281497206,2.239999936912,
    1.677481577828));
#6260 = CARTESIAN_POINT('',(-0.378360374533,2.240999936884,
    1.685154991036));
#6261 = CARTESIAN_POINT('',(-0.378360374533,2.239999936912,
    1.685154991036));
#6262 = CARTESIAN_POINT('',(-0.36660071283,2.240999936884,1.688960504903
    ));
#6263 = CARTESIAN_POINT('',(-0.36660071283,2.239999936912,1.688960504903
    ));
#6264 = CARTESIAN_POINT('',(-0.352064897567,2.240999936884,
    1.688960504903));
#6265 = CARTESIAN_POINT('',(-0.352064897567,2.239999936912,
    1.688960504903));
#6266 = ADVANCED_FACE('',(#6267),#6276,.F.);
#6267 = FACE_BOUND('',#6268,.T.);
#6268 = EDGE_LOOP('',(#6269,#6270,#6271,#6272,#6273,#6274,#6275));
#6269 = ORIENTED_EDGE('',*,*,#6248,.T.);
#6270 = ORIENTED_EDGE('',*,*,#6082,.T.);
#6271 = ORIENTED_EDGE('',*,*,#6113,.T.);
#6272 = ORIENTED_EDGE('',*,*,#6137,.T.);
#6273 = ORIENTED_EDGE('',*,*,#6161,.T.);
#6274 = ORIENTED_EDGE('',*,*,#6190,.T.);
#6275 = ORIENTED_EDGE('',*,*,#6219,.T.);
#6276 = PLANE('',#6277);
#6277 = AXIS2_PLACEMENT_3D('',#6278,#6279,#6280);
#6278 = CARTESIAN_POINT('',(2.23999993717,2.23999993717,
    9.536742906491E-08));
#6279 = DIRECTION('',(0.,-1.,0.));
#6280 = DIRECTION('',(0.,0.,-1.));
#6281 = ADVANCED_FACE('',(#6282,#6348),#6400,.F.);
#6282 = FACE_BOUND('',#6283,.T.);
#6283 = EDGE_LOOP('',(#6284,#6294,#6302,#6310,#6318,#6326,#6334,#6342));
#6284 = ORIENTED_EDGE('',*,*,#6285,.T.);
#6285 = EDGE_CURVE('',#6286,#6288,#6290,.T.);
#6286 = VERTEX_POINT('',#6287);
#6287 = CARTESIAN_POINT('',(-0.533793781085,2.240999936884,
    1.580971250743));
#6288 = VERTEX_POINT('',#6289);
#6289 = CARTESIAN_POINT('',(-0.487316603529,2.240999936884,
    1.702997236379));
#6290 = LINE('',#6291,#6292);
#6291 = CARTESIAN_POINT('',(-0.487316603529,2.240999936884,
    1.702997236379));
#6292 = VECTOR('',#6293,1.);
#6293 = DIRECTION('',(0.35593572437,0.,0.934510438742));
#6294 = ORIENTED_EDGE('',*,*,#6295,.T.);
#6295 = EDGE_CURVE('',#6288,#6296,#6298,.T.);
#6296 = VERTEX_POINT('',#6297);
#6297 = CARTESIAN_POINT('',(-0.470472525757,2.240999936884,
    1.702997236379));
#6298 = LINE('',#6299,#6300);
#6299 = CARTESIAN_POINT('',(-0.470472525757,2.240999936884,
    1.702997236379));
#6300 = VECTOR('',#6301,1.);
#6301 = DIRECTION('',(1.,0.,0.));
#6302 = ORIENTED_EDGE('',*,*,#6303,.T.);
#6303 = EDGE_CURVE('',#6296,#6304,#6306,.T.);
#6304 = VERTEX_POINT('',#6305);
#6305 = CARTESIAN_POINT('',(-0.423995348202,2.240999936884,
    1.580971250743));
#6306 = LINE('',#6307,#6308);
#6307 = CARTESIAN_POINT('',(-0.423995348202,2.240999936884,
    1.580971250743));
#6308 = VECTOR('',#6309,1.);
#6309 = DIRECTION('',(0.355935724364,0.,-0.934510438744));
#6310 = ORIENTED_EDGE('',*,*,#6311,.T.);
#6311 = EDGE_CURVE('',#6304,#6312,#6314,.T.);
#6312 = VERTEX_POINT('',#6313);
#6313 = CARTESIAN_POINT('',(-0.441400895232,2.240999936884,
    1.580971250743));
#6314 = LINE('',#6315,#6316);
#6315 = CARTESIAN_POINT('',(-0.441400895232,2.240999936884,
    1.580971250743));
#6316 = VECTOR('',#6317,1.);
#6317 = DIRECTION('',(-1.,-0.,-0.));
#6318 = ORIENTED_EDGE('',*,*,#6319,.T.);
#6319 = EDGE_CURVE('',#6312,#6320,#6322,.T.);
#6320 = VERTEX_POINT('',#6321);
#6321 = CARTESIAN_POINT('',(-0.453129364199,2.240999936884,
    1.614347478921));
#6322 = LINE('',#6323,#6324);
#6323 = CARTESIAN_POINT('',(-0.453129364199,2.240999936884,
    1.614347478921));
#6324 = VECTOR('',#6325,1.);
#6325 = DIRECTION('',(-0.33152841835,0.,0.943445233082));
#6326 = ORIENTED_EDGE('',*,*,#6327,.T.);
#6327 = EDGE_CURVE('',#6320,#6328,#6330,.T.);
#6328 = VERTEX_POINT('',#6329);
#6329 = CARTESIAN_POINT('',(-0.503942332144,2.240999936884,
    1.614347478921));
#6330 = LINE('',#6331,#6332);
#6331 = CARTESIAN_POINT('',(-0.503942332144,2.240999936884,
    1.614347478921));
#6332 = VECTOR('',#6333,1.);
#6333 = DIRECTION('',(-1.,0.,4.267423006026E-15));
#6334 = ORIENTED_EDGE('',*,*,#6335,.T.);
#6335 = EDGE_CURVE('',#6328,#6336,#6338,.T.);
#6336 = VERTEX_POINT('',#6337);
#6337 = CARTESIAN_POINT('',(-0.516388234053,2.240999936884,
    1.580971250743));
#6338 = LINE('',#6339,#6340);
#6339 = CARTESIAN_POINT('',(-0.516388234053,2.240999936884,
    1.580971250743));
#6340 = VECTOR('',#6341,1.);
#6341 = DIRECTION('',(-0.349395479469,-0.,-0.936975345954));
#6342 = ORIENTED_EDGE('',*,*,#6343,.T.);
#6343 = EDGE_CURVE('',#6336,#6286,#6344,.T.);
#6344 = LINE('',#6345,#6346);
#6345 = CARTESIAN_POINT('',(-0.533793781085,2.240999936884,
    1.580971250743));
#6346 = VECTOR('',#6347,1.);
#6347 = DIRECTION('',(-1.,-0.,-0.));
#6348 = FACE_BOUND('',#6349,.T.);
#6349 = EDGE_LOOP('',(#6350,#6360,#6368,#6377,#6385,#6394));
#6350 = ORIENTED_EDGE('',*,*,#6351,.F.);
#6351 = EDGE_CURVE('',#6352,#6354,#6356,.T.);
#6352 = VERTEX_POINT('',#6353);
#6353 = CARTESIAN_POINT('',(-0.458120202057,2.240999936884,
    1.628134668504));
#6354 = VERTEX_POINT('',#6355);
#6355 = CARTESIAN_POINT('',(-0.499076265232,2.240999936884,
    1.628134668504));
#6356 = LINE('',#6357,#6358);
#6357 = CARTESIAN_POINT('',(-0.458120202057,2.240999936884,
    1.628134668504));
#6358 = VECTOR('',#6359,1.);
#6359 = DIRECTION('',(-1.,0.,5.294464643469E-15));
#6360 = ORIENTED_EDGE('',*,*,#6361,.F.);
#6361 = EDGE_CURVE('',#6362,#6352,#6364,.T.);
#6362 = VERTEX_POINT('',#6363);
#6363 = CARTESIAN_POINT('',(-0.476367952977,2.240999936884,
    1.678854058239));
#6364 = LINE('',#6365,#6366);
#6365 = CARTESIAN_POINT('',(-0.476367952977,2.240999936884,
    1.678854058239));
#6366 = VECTOR('',#6367,1.);
#6367 = DIRECTION('',(0.338535034314,0.,-0.940953787676));
#6368 = ORIENTED_EDGE('',*,*,#6369,.F.);
#6369 = EDGE_CURVE('',#6370,#6362,#6372,.T.);
#6370 = VERTEX_POINT('',#6371);
#6371 = CARTESIAN_POINT('',(-0.47836428812,2.240999936884,1.687400868072
    ));
#6372 = B_SPLINE_CURVE_WITH_KNOTS('',3,(#6373,#6374,#6375,#6376),
  .UNSPECIFIED.,.F.,.F.,(4,4),(3.,4.),.PIECEWISE_BEZIER_KNOTS.);
#6373 = CARTESIAN_POINT('',(-0.47836428812,2.240999936884,1.687400868072
    ));
#6374 = CARTESIAN_POINT('',(-0.477771626125,2.240999936884,
    1.683720125151));
#6375 = CARTESIAN_POINT('',(-0.477116578656,2.240999936884,
    1.680850393383));
#6376 = CARTESIAN_POINT('',(-0.476367952977,2.240999936884,
    1.678854058239));
#6377 = ORIENTED_EDGE('',*,*,#6378,.F.);
#6378 = EDGE_CURVE('',#6379,#6370,#6381,.T.);
#6379 = VERTEX_POINT('',#6380);
#6380 = CARTESIAN_POINT('',(-0.478738600959,2.240999936884,
    1.687400868072));
#6381 = LINE('',#6382,#6383);
#6382 = CARTESIAN_POINT('',(-0.478738600959,2.240999936884,
    1.687400868072));
#6383 = VECTOR('',#6384,1.);
#6384 = DIRECTION('',(1.,0.,0.));
#6385 = ORIENTED_EDGE('',*,*,#6386,.F.);
#6386 = EDGE_CURVE('',#6387,#6379,#6389,.T.);
#6387 = VERTEX_POINT('',#6388);
#6388 = CARTESIAN_POINT('',(-0.480641357893,2.240999936884,
    1.678854058239));
#6389 = B_SPLINE_CURVE_WITH_KNOTS('',3,(#6390,#6391,#6392,#6393),
  .UNSPECIFIED.,.F.,.F.,(4,4),(1.,2.),.PIECEWISE_BEZIER_KNOTS.);
#6390 = CARTESIAN_POINT('',(-0.480641357893,2.240999936884,
    1.678854058239));
#6391 = CARTESIAN_POINT('',(-0.480048695897,2.240999936884,
    1.680538466016));
#6392 = CARTESIAN_POINT('',(-0.479424841165,2.240999936884,
    1.683345812312));
#6393 = CARTESIAN_POINT('',(-0.478738600959,2.240999936884,
    1.687400868072));
#6394 = ORIENTED_EDGE('',*,*,#6395,.F.);
#6395 = EDGE_CURVE('',#6354,#6387,#6396,.T.);
#6396 = LINE('',#6397,#6398);
#6397 = CARTESIAN_POINT('',(-0.499076265232,2.240999936884,
    1.628134668504));
#6398 = VECTOR('',#6399,1.);
#6399 = DIRECTION('',(0.341603830682,0.,0.939844041777));
#6400 = PLANE('',#6401);
#6401 = AXIS2_PLACEMENT_3D('',#6402,#6403,#6404);
#6402 = CARTESIAN_POINT('',(0.,2.240999936884,2.900000014025));
#6403 = DIRECTION('',(0.,-1.,0.));
#6404 = DIRECTION('',(0.,0.,-1.));
#6405 = ADVANCED_FACE('',(#6406),#6422,.F.);
#6406 = FACE_BOUND('',#6407,.T.);
#6407 = EDGE_LOOP('',(#6408,#6409,#6415,#6416));
#6408 = ORIENTED_EDGE('',*,*,#1462,.T.);
#6409 = ORIENTED_EDGE('',*,*,#6410,.F.);
#6410 = EDGE_CURVE('',#6288,#1465,#6411,.T.);
#6411 = LINE('',#6412,#6413);
#6412 = CARTESIAN_POINT('',(-0.487316603529,2.240999936884,
    1.702997236379));
#6413 = VECTOR('',#6414,1.);
#6414 = DIRECTION('',(-0.,-1.,-0.));
#6415 = ORIENTED_EDGE('',*,*,#6285,.F.);
#6416 = ORIENTED_EDGE('',*,*,#6417,.T.);
#6417 = EDGE_CURVE('',#6286,#1463,#6418,.T.);
#6418 = LINE('',#6419,#6420);
#6419 = CARTESIAN_POINT('',(-0.533793781085,2.240999936884,
    1.580971250743));
#6420 = VECTOR('',#6421,1.);
#6421 = DIRECTION('',(-0.,-1.,-0.));
#6422 = PLANE('',#6423);
#6423 = AXIS2_PLACEMENT_3D('',#6424,#6425,#6426);
#6424 = CARTESIAN_POINT('',(-0.487316603529,2.240999936884,
    1.702997236379));
#6425 = DIRECTION('',(0.934510438742,0.,-0.35593572437));
#6426 = DIRECTION('',(-0.35593572437,0.,-0.934510438742));
#6427 = ADVANCED_FACE('',(#6428),#6439,.F.);
#6428 = FACE_BOUND('',#6429,.T.);
#6429 = EDGE_LOOP('',(#6430,#6431,#6437,#6438));
#6430 = ORIENTED_EDGE('',*,*,#1520,.T.);
#6431 = ORIENTED_EDGE('',*,*,#6432,.F.);
#6432 = EDGE_CURVE('',#6296,#1513,#6433,.T.);
#6433 = LINE('',#6434,#6435);
#6434 = CARTESIAN_POINT('',(-0.470472525757,2.240999936884,
    1.702997236379));
#6435 = VECTOR('',#6436,1.);
#6436 = DIRECTION('',(-0.,-1.,-0.));
#6437 = ORIENTED_EDGE('',*,*,#6295,.F.);
#6438 = ORIENTED_EDGE('',*,*,#6410,.T.);
#6439 = PLANE('',#6440);
#6440 = AXIS2_PLACEMENT_3D('',#6441,#6442,#6443);
#6441 = CARTESIAN_POINT('',(-0.470472525757,2.240999936884,
    1.702997236379));
#6442 = DIRECTION('',(0.,0.,-1.));
#6443 = DIRECTION('',(-1.,0.,0.));
#6444 = ADVANCED_FACE('',(#6445),#6456,.F.);
#6445 = FACE_BOUND('',#6446,.T.);
#6446 = EDGE_LOOP('',(#6447,#6448,#6454,#6455));
#6447 = ORIENTED_EDGE('',*,*,#1512,.T.);
#6448 = ORIENTED_EDGE('',*,*,#6449,.F.);
#6449 = EDGE_CURVE('',#6304,#1505,#6450,.T.);
#6450 = LINE('',#6451,#6452);
#6451 = CARTESIAN_POINT('',(-0.423995348202,2.240999936884,
    1.580971250743));
#6452 = VECTOR('',#6453,1.);
#6453 = DIRECTION('',(-0.,-1.,-0.));
#6454 = ORIENTED_EDGE('',*,*,#6303,.F.);
#6455 = ORIENTED_EDGE('',*,*,#6432,.T.);
#6456 = PLANE('',#6457);
#6457 = AXIS2_PLACEMENT_3D('',#6458,#6459,#6460);
#6458 = CARTESIAN_POINT('',(-0.423995348202,2.240999936884,
    1.580971250743));
#6459 = DIRECTION('',(-0.934510438744,0.,-0.355935724364));
#6460 = DIRECTION('',(-0.355935724364,0.,0.934510438744));
#6461 = ADVANCED_FACE('',(#6462),#6473,.F.);
#6462 = FACE_BOUND('',#6463,.T.);
#6463 = EDGE_LOOP('',(#6464,#6465,#6471,#6472));
#6464 = ORIENTED_EDGE('',*,*,#1504,.T.);
#6465 = ORIENTED_EDGE('',*,*,#6466,.F.);
#6466 = EDGE_CURVE('',#6312,#1497,#6467,.T.);
#6467 = LINE('',#6468,#6469);
#6468 = CARTESIAN_POINT('',(-0.441400895232,2.240999936884,
    1.580971250743));
#6469 = VECTOR('',#6470,1.);
#6470 = DIRECTION('',(-0.,-1.,-0.));
#6471 = ORIENTED_EDGE('',*,*,#6311,.F.);
#6472 = ORIENTED_EDGE('',*,*,#6449,.T.);
#6473 = PLANE('',#6474);
#6474 = AXIS2_PLACEMENT_3D('',#6475,#6476,#6477);
#6475 = CARTESIAN_POINT('',(-0.441400895232,2.240999936884,
    1.580971250743));
#6476 = DIRECTION('',(0.,0.,1.));
#6477 = DIRECTION('',(1.,0.,0.));
#6478 = ADVANCED_FACE('',(#6479),#6490,.F.);
#6479 = FACE_BOUND('',#6480,.T.);
#6480 = EDGE_LOOP('',(#6481,#6482,#6488,#6489));
#6481 = ORIENTED_EDGE('',*,*,#1496,.T.);
#6482 = ORIENTED_EDGE('',*,*,#6483,.F.);
#6483 = EDGE_CURVE('',#6320,#1489,#6484,.T.);
#6484 = LINE('',#6485,#6486);
#6485 = CARTESIAN_POINT('',(-0.453129364199,2.240999936884,
    1.614347478921));
#6486 = VECTOR('',#6487,1.);
#6487 = DIRECTION('',(-0.,-1.,-0.));
#6488 = ORIENTED_EDGE('',*,*,#6319,.F.);
#6489 = ORIENTED_EDGE('',*,*,#6466,.T.);
#6490 = PLANE('',#6491);
#6491 = AXIS2_PLACEMENT_3D('',#6492,#6493,#6494);
#6492 = CARTESIAN_POINT('',(-0.453129364199,2.240999936884,
    1.614347478921));
#6493 = DIRECTION('',(0.943445233082,0.,0.33152841835));
#6494 = DIRECTION('',(0.33152841835,0.,-0.943445233082));
#6495 = ADVANCED_FACE('',(#6496),#6507,.F.);
#6496 = FACE_BOUND('',#6497,.T.);
#6497 = EDGE_LOOP('',(#6498,#6499,#6505,#6506));
#6498 = ORIENTED_EDGE('',*,*,#1488,.T.);
#6499 = ORIENTED_EDGE('',*,*,#6500,.F.);
#6500 = EDGE_CURVE('',#6328,#1481,#6501,.T.);
#6501 = LINE('',#6502,#6503);
#6502 = CARTESIAN_POINT('',(-0.503942332144,2.240999936884,
    1.614347478921));
#6503 = VECTOR('',#6504,1.);
#6504 = DIRECTION('',(-0.,-1.,-0.));
#6505 = ORIENTED_EDGE('',*,*,#6327,.F.);
#6506 = ORIENTED_EDGE('',*,*,#6483,.T.);
#6507 = PLANE('',#6508);
#6508 = AXIS2_PLACEMENT_3D('',#6509,#6510,#6511);
#6509 = CARTESIAN_POINT('',(-0.503942332144,2.240999936884,
    1.614347478921));
#6510 = DIRECTION('',(4.267423006026E-15,0.,1.));
#6511 = DIRECTION('',(1.,0.,-4.267423006026E-15));
#6512 = ADVANCED_FACE('',(#6513),#6524,.F.);
#6513 = FACE_BOUND('',#6514,.T.);
#6514 = EDGE_LOOP('',(#6515,#6516,#6522,#6523));
#6515 = ORIENTED_EDGE('',*,*,#1480,.T.);
#6516 = ORIENTED_EDGE('',*,*,#6517,.F.);
#6517 = EDGE_CURVE('',#6336,#1473,#6518,.T.);
#6518 = LINE('',#6519,#6520);
#6519 = CARTESIAN_POINT('',(-0.516388234053,2.240999936884,
    1.580971250743));
#6520 = VECTOR('',#6521,1.);
#6521 = DIRECTION('',(-0.,-1.,-0.));
#6522 = ORIENTED_EDGE('',*,*,#6335,.F.);
#6523 = ORIENTED_EDGE('',*,*,#6500,.T.);
#6524 = PLANE('',#6525);
#6525 = AXIS2_PLACEMENT_3D('',#6526,#6527,#6528);
#6526 = CARTESIAN_POINT('',(-0.516388234053,2.240999936884,
    1.580971250743));
#6527 = DIRECTION('',(-0.936975345954,0.,0.349395479469));
#6528 = DIRECTION('',(0.349395479469,0.,0.936975345954));
#6529 = ADVANCED_FACE('',(#6530),#6536,.F.);
#6530 = FACE_BOUND('',#6531,.T.);
#6531 = EDGE_LOOP('',(#6532,#6533,#6534,#6535));
#6532 = ORIENTED_EDGE('',*,*,#1472,.T.);
#6533 = ORIENTED_EDGE('',*,*,#6417,.F.);
#6534 = ORIENTED_EDGE('',*,*,#6343,.F.);
#6535 = ORIENTED_EDGE('',*,*,#6517,.T.);
#6536 = PLANE('',#6537);
#6537 = AXIS2_PLACEMENT_3D('',#6538,#6539,#6540);
#6538 = CARTESIAN_POINT('',(-0.533793781085,2.240999936884,
    1.580971250743));
#6539 = DIRECTION('',(0.,0.,1.));
#6540 = DIRECTION('',(1.,0.,0.));
#6541 = ADVANCED_FACE('',(#6542),#6567,.T.);
#6542 = FACE_BOUND('',#6543,.T.);
#6543 = EDGE_LOOP('',(#6544,#6554,#6560,#6561));
#6544 = ORIENTED_EDGE('',*,*,#6545,.F.);
#6545 = EDGE_CURVE('',#6546,#6548,#6550,.T.);
#6546 = VERTEX_POINT('',#6547);
#6547 = CARTESIAN_POINT('',(-0.458120202057,2.23999993717,1.628134668504
    ));
#6548 = VERTEX_POINT('',#6549);
#6549 = CARTESIAN_POINT('',(-0.499076265232,2.239999936912,
    1.628134668504));
#6550 = LINE('',#6551,#6552);
#6551 = CARTESIAN_POINT('',(-0.458120202057,2.239999936912,
    1.628134668504));
#6552 = VECTOR('',#6553,1.);
#6553 = DIRECTION('',(-1.,0.,5.294464643469E-15));
#6554 = ORIENTED_EDGE('',*,*,#6555,.F.);
#6555 = EDGE_CURVE('',#6352,#6546,#6556,.T.);
#6556 = LINE('',#6557,#6558);
#6557 = CARTESIAN_POINT('',(-0.458120202057,2.240999936884,
    1.628134668504));
#6558 = VECTOR('',#6559,1.);
#6559 = DIRECTION('',(-0.,-1.,-0.));
#6560 = ORIENTED_EDGE('',*,*,#6351,.T.);
#6561 = ORIENTED_EDGE('',*,*,#6562,.T.);
#6562 = EDGE_CURVE('',#6354,#6548,#6563,.T.);
#6563 = LINE('',#6564,#6565);
#6564 = CARTESIAN_POINT('',(-0.499076265232,2.240999936884,
    1.628134668504));
#6565 = VECTOR('',#6566,1.);
#6566 = DIRECTION('',(-0.,-1.,-0.));
#6567 = PLANE('',#6568);
#6568 = AXIS2_PLACEMENT_3D('',#6569,#6570,#6571);
#6569 = CARTESIAN_POINT('',(-0.458120202057,2.240999936884,
    1.628134668504));
#6570 = DIRECTION('',(5.294464643469E-15,0.,1.));
#6571 = DIRECTION('',(1.,0.,-5.294464643469E-15));
#6572 = ADVANCED_FACE('',(#6573),#6591,.T.);
#6573 = FACE_BOUND('',#6574,.T.);
#6574 = EDGE_LOOP('',(#6575,#6583,#6584,#6585));
#6575 = ORIENTED_EDGE('',*,*,#6576,.F.);
#6576 = EDGE_CURVE('',#6548,#6577,#6579,.T.);
#6577 = VERTEX_POINT('',#6578);
#6578 = CARTESIAN_POINT('',(-0.480641357893,2.239999936912,
    1.678854058239));
#6579 = LINE('',#6580,#6581);
#6580 = CARTESIAN_POINT('',(-0.499076265232,2.239999936912,
    1.628134668504));
#6581 = VECTOR('',#6582,1.);
#6582 = DIRECTION('',(0.341603830682,0.,0.939844041777));
#6583 = ORIENTED_EDGE('',*,*,#6562,.F.);
#6584 = ORIENTED_EDGE('',*,*,#6395,.T.);
#6585 = ORIENTED_EDGE('',*,*,#6586,.T.);
#6586 = EDGE_CURVE('',#6387,#6577,#6587,.T.);
#6587 = LINE('',#6588,#6589);
#6588 = CARTESIAN_POINT('',(-0.480641357893,2.240999936884,
    1.678854058239));
#6589 = VECTOR('',#6590,1.);
#6590 = DIRECTION('',(-0.,-1.,-0.));
#6591 = PLANE('',#6592);
#6592 = AXIS2_PLACEMENT_3D('',#6593,#6594,#6595);
#6593 = CARTESIAN_POINT('',(-0.499076265232,2.240999936884,
    1.628134668504));
#6594 = DIRECTION('',(0.939844041777,0.,-0.341603830682));
#6595 = DIRECTION('',(-0.341603830682,0.,-0.939844041777));
#6596 = ADVANCED_FACE('',(#6597),#6616,.T.);
#6597 = FACE_BOUND('',#6598,.T.);
#6598 = EDGE_LOOP('',(#6599,#6608,#6609,#6610));
#6599 = ORIENTED_EDGE('',*,*,#6600,.F.);
#6600 = EDGE_CURVE('',#6577,#6601,#6603,.T.);
#6601 = VERTEX_POINT('',#6602);
#6602 = CARTESIAN_POINT('',(-0.478738600959,2.239999936912,
    1.687400868072));
#6603 = B_SPLINE_CURVE_WITH_KNOTS('',3,(#6604,#6605,#6606,#6607),
  .UNSPECIFIED.,.F.,.F.,(4,4),(1.,2.),.PIECEWISE_BEZIER_KNOTS.);
#6604 = CARTESIAN_POINT('',(-0.480641357893,2.239999936912,
    1.678854058239));
#6605 = CARTESIAN_POINT('',(-0.480048695897,2.239999936912,
    1.680538466016));
#6606 = CARTESIAN_POINT('',(-0.479424841165,2.239999936912,
    1.683345812312));
#6607 = CARTESIAN_POINT('',(-0.478738600959,2.239999936912,
    1.687400868072));
#6608 = ORIENTED_EDGE('',*,*,#6586,.F.);
#6609 = ORIENTED_EDGE('',*,*,#6386,.T.);
#6610 = ORIENTED_EDGE('',*,*,#6611,.T.);
#6611 = EDGE_CURVE('',#6379,#6601,#6612,.T.);
#6612 = LINE('',#6613,#6614);
#6613 = CARTESIAN_POINT('',(-0.478738600959,2.240999936884,
    1.687400868072));
#6614 = VECTOR('',#6615,1.);
#6615 = DIRECTION('',(-0.,-1.,-0.));
#6616 = B_SPLINE_SURFACE_WITH_KNOTS('',3,1,(
    (#6617,#6618)
    ,(#6619,#6620)
    ,(#6621,#6622)
    ,(#6623,#6624
    )),.UNSPECIFIED.,.F.,.F.,.F.,(4,4),(2,2),(1.,2.),(0.,1.),
  .PIECEWISE_BEZIER_KNOTS.);
#6617 = CARTESIAN_POINT('',(-0.480641357893,2.240999936884,
    1.678854058239));
#6618 = CARTESIAN_POINT('',(-0.480641357893,2.239999936912,
    1.678854058239));
#6619 = CARTESIAN_POINT('',(-0.480048695897,2.240999936884,
    1.680538466016));
#6620 = CARTESIAN_POINT('',(-0.480048695897,2.239999936912,
    1.680538466016));
#6621 = CARTESIAN_POINT('',(-0.479424841165,2.240999936884,
    1.683345812312));
#6622 = CARTESIAN_POINT('',(-0.479424841165,2.239999936912,
    1.683345812312));
#6623 = CARTESIAN_POINT('',(-0.478738600959,2.240999936884,
    1.687400868072));
#6624 = CARTESIAN_POINT('',(-0.478738600959,2.239999936912,
    1.687400868072));
#6625 = ADVANCED_FACE('',(#6626),#6644,.T.);
#6626 = FACE_BOUND('',#6627,.T.);
#6627 = EDGE_LOOP('',(#6628,#6636,#6637,#6638));
#6628 = ORIENTED_EDGE('',*,*,#6629,.F.);
#6629 = EDGE_CURVE('',#6601,#6630,#6632,.T.);
#6630 = VERTEX_POINT('',#6631);
#6631 = CARTESIAN_POINT('',(-0.47836428812,2.239999936912,1.687400868072
    ));
#6632 = LINE('',#6633,#6634);
#6633 = CARTESIAN_POINT('',(-0.478738600959,2.239999936912,
    1.687400868072));
#6634 = VECTOR('',#6635,1.);
#6635 = DIRECTION('',(1.,0.,0.));
#6636 = ORIENTED_EDGE('',*,*,#6611,.F.);
#6637 = ORIENTED_EDGE('',*,*,#6378,.T.);
#6638 = ORIENTED_EDGE('',*,*,#6639,.T.);
#6639 = EDGE_CURVE('',#6370,#6630,#6640,.T.);
#6640 = LINE('',#6641,#6642);
#6641 = CARTESIAN_POINT('',(-0.47836428812,2.240999936884,1.687400868072
    ));
#6642 = VECTOR('',#6643,1.);
#6643 = DIRECTION('',(-0.,-1.,-0.));
#6644 = PLANE('',#6645);
#6645 = AXIS2_PLACEMENT_3D('',#6646,#6647,#6648);
#6646 = CARTESIAN_POINT('',(-0.478738600959,2.240999936884,
    1.687400868072));
#6647 = DIRECTION('',(0.,0.,-1.));
#6648 = DIRECTION('',(-1.,0.,0.));
#6649 = ADVANCED_FACE('',(#6650),#6669,.T.);
#6650 = FACE_BOUND('',#6651,.T.);
#6651 = EDGE_LOOP('',(#6652,#6661,#6662,#6663));
#6652 = ORIENTED_EDGE('',*,*,#6653,.F.);
#6653 = EDGE_CURVE('',#6630,#6654,#6656,.T.);
#6654 = VERTEX_POINT('',#6655);
#6655 = CARTESIAN_POINT('',(-0.476367952977,2.239999936912,
    1.678854058239));
#6656 = B_SPLINE_CURVE_WITH_KNOTS('',3,(#6657,#6658,#6659,#6660),
  .UNSPECIFIED.,.F.,.F.,(4,4),(3.,4.),.PIECEWISE_BEZIER_KNOTS.);
#6657 = CARTESIAN_POINT('',(-0.47836428812,2.239999936912,1.687400868072
    ));
#6658 = CARTESIAN_POINT('',(-0.477771626125,2.239999936912,
    1.683720125151));
#6659 = CARTESIAN_POINT('',(-0.477116578656,2.239999936912,
    1.680850393383));
#6660 = CARTESIAN_POINT('',(-0.476367952977,2.239999936912,
    1.678854058239));
#6661 = ORIENTED_EDGE('',*,*,#6639,.F.);
#6662 = ORIENTED_EDGE('',*,*,#6369,.T.);
#6663 = ORIENTED_EDGE('',*,*,#6664,.T.);
#6664 = EDGE_CURVE('',#6362,#6654,#6665,.T.);
#6665 = LINE('',#6666,#6667);
#6666 = CARTESIAN_POINT('',(-0.476367952977,2.240999936884,
    1.678854058239));
#6667 = VECTOR('',#6668,1.);
#6668 = DIRECTION('',(-0.,-1.,-0.));
#6669 = B_SPLINE_SURFACE_WITH_KNOTS('',3,1,(
    (#6670,#6671)
    ,(#6672,#6673)
    ,(#6674,#6675)
    ,(#6676,#6677
    )),.UNSPECIFIED.,.F.,.F.,.F.,(4,4),(2,2),(3.,4.),(0.,1.),
  .PIECEWISE_BEZIER_KNOTS.);
#6670 = CARTESIAN_POINT('',(-0.47836428812,2.240999936884,1.687400868072
    ));
#6671 = CARTESIAN_POINT('',(-0.47836428812,2.239999936912,1.687400868072
    ));
#6672 = CARTESIAN_POINT('',(-0.477771626125,2.240999936884,
    1.683720125151));
#6673 = CARTESIAN_POINT('',(-0.477771626125,2.239999936912,
    1.683720125151));
#6674 = CARTESIAN_POINT('',(-0.477116578656,2.240999936884,
    1.680850393383));
#6675 = CARTESIAN_POINT('',(-0.477116578656,2.239999936912,
    1.680850393383));
#6676 = CARTESIAN_POINT('',(-0.476367952977,2.240999936884,
    1.678854058239));
#6677 = CARTESIAN_POINT('',(-0.476367952977,2.239999936912,
    1.678854058239));
#6678 = ADVANCED_FACE('',(#6679),#6690,.T.);
#6679 = FACE_BOUND('',#6680,.T.);
#6680 = EDGE_LOOP('',(#6681,#6687,#6688,#6689));
#6681 = ORIENTED_EDGE('',*,*,#6682,.F.);
#6682 = EDGE_CURVE('',#6654,#6546,#6683,.T.);
#6683 = LINE('',#6684,#6685);
#6684 = CARTESIAN_POINT('',(-0.476367952977,2.239999936912,
    1.678854058239));
#6685 = VECTOR('',#6686,1.);
#6686 = DIRECTION('',(0.338535034314,0.,-0.940953787676));
#6687 = ORIENTED_EDGE('',*,*,#6664,.F.);
#6688 = ORIENTED_EDGE('',*,*,#6361,.T.);
#6689 = ORIENTED_EDGE('',*,*,#6555,.T.);
#6690 = PLANE('',#6691);
#6691 = AXIS2_PLACEMENT_3D('',#6692,#6693,#6694);
#6692 = CARTESIAN_POINT('',(-0.476367952977,2.240999936884,
    1.678854058239));
#6693 = DIRECTION('',(-0.940953787676,0.,-0.338535034314));
#6694 = DIRECTION('',(-0.338535034314,0.,0.940953787676));
#6695 = ADVANCED_FACE('',(#6696),#6704,.F.);
#6696 = FACE_BOUND('',#6697,.T.);
#6697 = EDGE_LOOP('',(#6698,#6699,#6700,#6701,#6702,#6703));
#6698 = ORIENTED_EDGE('',*,*,#6682,.T.);
#6699 = ORIENTED_EDGE('',*,*,#6545,.T.);
#6700 = ORIENTED_EDGE('',*,*,#6576,.T.);
#6701 = ORIENTED_EDGE('',*,*,#6600,.T.);
#6702 = ORIENTED_EDGE('',*,*,#6629,.T.);
#6703 = ORIENTED_EDGE('',*,*,#6653,.T.);
#6704 = PLANE('',#6705);
#6705 = AXIS2_PLACEMENT_3D('',#6706,#6707,#6708);
#6706 = CARTESIAN_POINT('',(2.23999993717,2.23999993717,
    9.536742906491E-08));
#6707 = DIRECTION('',(0.,-1.,0.));
#6708 = DIRECTION('',(0.,0.,-1.));
#6709 = ADVANCED_FACE('',(#6710),#6735,.F.);
#6710 = FACE_BOUND('',#6711,.T.);
#6711 = EDGE_LOOP('',(#6712,#6713,#6721,#6729));
#6712 = ORIENTED_EDGE('',*,*,#962,.T.);
#6713 = ORIENTED_EDGE('',*,*,#6714,.F.);
#6714 = EDGE_CURVE('',#6715,#965,#6717,.T.);
#6715 = VERTEX_POINT('',#6716);
#6716 = CARTESIAN_POINT('',(-0.109697334072,2.240999936884,
    1.401301087843));
#6717 = LINE('',#6718,#6719);
#6718 = CARTESIAN_POINT('',(-0.109697334072,2.240999936884,
    1.401301087843));
#6719 = VECTOR('',#6720,1.);
#6720 = DIRECTION('',(-0.,-1.,-0.));
#6721 = ORIENTED_EDGE('',*,*,#6722,.F.);
#6722 = EDGE_CURVE('',#6723,#6715,#6725,.T.);
#6723 = VERTEX_POINT('',#6724);
#6724 = CARTESIAN_POINT('',(-0.109697334072,2.240999936884,
    1.387389127313));
#6725 = LINE('',#6726,#6727);
#6726 = CARTESIAN_POINT('',(-0.109697334072,2.240999936884,
    1.401301087843));
#6727 = VECTOR('',#6728,1.);
#6728 = DIRECTION('',(0.,0.,1.));
#6729 = ORIENTED_EDGE('',*,*,#6730,.T.);
#6730 = EDGE_CURVE('',#6723,#963,#6731,.T.);
#6731 = LINE('',#6732,#6733);
#6732 = CARTESIAN_POINT('',(-0.109697334072,2.240999936884,
    1.387389127313));
#6733 = VECTOR('',#6734,1.);
#6734 = DIRECTION('',(-0.,-1.,-0.));
#6735 = PLANE('',#6736);
#6736 = AXIS2_PLACEMENT_3D('',#6737,#6738,#6739);
#6737 = CARTESIAN_POINT('',(-0.109697334072,2.240999936884,
    1.401301087843));
#6738 = DIRECTION('',(1.,0.,0.));
#6739 = DIRECTION('',(0.,0.,-1.));
#6740 = ADVANCED_FACE('',(#6741),#6759,.F.);
#6741 = FACE_BOUND('',#6742,.T.);
#6742 = EDGE_LOOP('',(#6743,#6744,#6752,#6758));
#6743 = ORIENTED_EDGE('',*,*,#1052,.T.);
#6744 = ORIENTED_EDGE('',*,*,#6745,.F.);
#6745 = EDGE_CURVE('',#6746,#1045,#6748,.T.);
#6746 = VERTEX_POINT('',#6747);
#6747 = CARTESIAN_POINT('',(-5.982014822553E-02,2.240999936884,
    1.401301087843));
#6748 = LINE('',#6749,#6750);
#6749 = CARTESIAN_POINT('',(-5.982014822553E-02,2.240999936884,
    1.401301087843));
#6750 = VECTOR('',#6751,1.);
#6751 = DIRECTION('',(-0.,-1.,-0.));
#6752 = ORIENTED_EDGE('',*,*,#6753,.F.);
#6753 = EDGE_CURVE('',#6715,#6746,#6754,.T.);
#6754 = LINE('',#6755,#6756);
#6755 = CARTESIAN_POINT('',(-5.982014822553E-02,2.240999936884,
    1.401301087843));
#6756 = VECTOR('',#6757,1.);
#6757 = DIRECTION('',(1.,0.,-4.347487227542E-15));
#6758 = ORIENTED_EDGE('',*,*,#6714,.T.);
#6759 = PLANE('',#6760);
#6760 = AXIS2_PLACEMENT_3D('',#6761,#6762,#6763);
#6761 = CARTESIAN_POINT('',(-5.982014822553E-02,2.240999936884,
    1.401301087843));
#6762 = DIRECTION('',(-4.347487227542E-15,0.,-1.));
#6763 = DIRECTION('',(-1.,0.,4.347487227542E-15));
#6764 = ADVANCED_FACE('',(#6765),#6783,.F.);
#6765 = FACE_BOUND('',#6766,.T.);
#6766 = EDGE_LOOP('',(#6767,#6768,#6776,#6782));
#6767 = ORIENTED_EDGE('',*,*,#1044,.T.);
#6768 = ORIENTED_EDGE('',*,*,#6769,.F.);
#6769 = EDGE_CURVE('',#6770,#1037,#6772,.T.);
#6770 = VERTEX_POINT('',#6771);
#6771 = CARTESIAN_POINT('',(-5.982014822553E-02,2.240999936884,
    1.442350729228));
#6772 = LINE('',#6773,#6774);
#6773 = CARTESIAN_POINT('',(-5.982014822553E-02,2.240999936884,
    1.442350729228));
#6774 = VECTOR('',#6775,1.);
#6775 = DIRECTION('',(-0.,-1.,-0.));
#6776 = ORIENTED_EDGE('',*,*,#6777,.F.);
#6777 = EDGE_CURVE('',#6746,#6770,#6778,.T.);
#6778 = LINE('',#6779,#6780);
#6779 = CARTESIAN_POINT('',(-5.982014822553E-02,2.240999936884,
    1.442350729228));
#6780 = VECTOR('',#6781,1.);
#6781 = DIRECTION('',(2.641197597604E-15,0.,1.));
#6782 = ORIENTED_EDGE('',*,*,#6745,.T.);
#6783 = PLANE('',#6784);
#6784 = AXIS2_PLACEMENT_3D('',#6785,#6786,#6787);
#6785 = CARTESIAN_POINT('',(-5.982014822553E-02,2.240999936884,
    1.442350729228));
#6786 = DIRECTION('',(1.,0.,-2.641197597604E-15));
#6787 = DIRECTION('',(-2.641197597604E-15,0.,-1.));
#6788 = ADVANCED_FACE('',(#6789),#6807,.F.);
#6789 = FACE_BOUND('',#6790,.T.);
#6790 = EDGE_LOOP('',(#6791,#6792,#6800,#6806));
#6791 = ORIENTED_EDGE('',*,*,#1036,.T.);
#6792 = ORIENTED_EDGE('',*,*,#6793,.F.);
#6793 = EDGE_CURVE('',#6794,#1029,#6796,.T.);
#6794 = VERTEX_POINT('',#6795);
#6795 = CARTESIAN_POINT('',(-0.103458786749,2.240999936884,
    1.442350729228));
#6796 = LINE('',#6797,#6798);
#6797 = CARTESIAN_POINT('',(-0.103458786749,2.240999936884,
    1.442350729228));
#6798 = VECTOR('',#6799,1.);
#6799 = DIRECTION('',(-0.,-1.,-0.));
#6800 = ORIENTED_EDGE('',*,*,#6801,.F.);
#6801 = EDGE_CURVE('',#6770,#6794,#6802,.T.);
#6802 = LINE('',#6803,#6804);
#6803 = CARTESIAN_POINT('',(-0.103458786749,2.240999936884,
    1.442350729228));
#6804 = VECTOR('',#6805,1.);
#6805 = DIRECTION('',(-1.,0.,4.969000769715E-15));
#6806 = ORIENTED_EDGE('',*,*,#6769,.T.);
#6807 = PLANE('',#6808);
#6808 = AXIS2_PLACEMENT_3D('',#6809,#6810,#6811);
#6809 = CARTESIAN_POINT('',(-0.103458786749,2.240999936884,
    1.442350729228));
#6810 = DIRECTION('',(4.969000769715E-15,0.,1.));
#6811 = DIRECTION('',(1.,0.,-4.969000769715E-15));
#6812 = ADVANCED_FACE('',(#6813),#6831,.F.);
#6813 = FACE_BOUND('',#6814,.T.);
#6814 = EDGE_LOOP('',(#6815,#6816,#6824,#6830));
#6815 = ORIENTED_EDGE('',*,*,#1028,.T.);
#6816 = ORIENTED_EDGE('',*,*,#6817,.F.);
#6817 = EDGE_CURVE('',#6818,#1021,#6820,.T.);
#6818 = VERTEX_POINT('',#6819);
#6819 = CARTESIAN_POINT('',(-0.103458786749,2.240999936884,
    1.456325075231));
#6820 = LINE('',#6821,#6822);
#6821 = CARTESIAN_POINT('',(-0.103458786749,2.240999936884,
    1.456325075231));
#6822 = VECTOR('',#6823,1.);
#6823 = DIRECTION('',(-0.,-1.,-0.));
#6824 = ORIENTED_EDGE('',*,*,#6825,.F.);
#6825 = EDGE_CURVE('',#6794,#6818,#6826,.T.);
#6826 = LINE('',#6827,#6828);
#6827 = CARTESIAN_POINT('',(-0.103458786749,2.240999936884,
    1.456325075231));
#6828 = VECTOR('',#6829,1.);
#6829 = DIRECTION('',(7.75851794299E-15,0.,1.));
#6830 = ORIENTED_EDGE('',*,*,#6793,.T.);
#6831 = PLANE('',#6832);
#6832 = AXIS2_PLACEMENT_3D('',#6833,#6834,#6835);
#6833 = CARTESIAN_POINT('',(-0.103458786749,2.240999936884,
    1.456325075231));
#6834 = DIRECTION('',(1.,0.,-7.75851794299E-15));
#6835 = DIRECTION('',(-7.75851794299E-15,0.,-1.));
#6836 = ADVANCED_FACE('',(#6837),#6855,.F.);
#6837 = FACE_BOUND('',#6838,.T.);
#6838 = EDGE_LOOP('',(#6839,#6840,#6848,#6854));
#6839 = ORIENTED_EDGE('',*,*,#1020,.T.);
#6840 = ORIENTED_EDGE('',*,*,#6841,.F.);
#6841 = EDGE_CURVE('',#6842,#1013,#6844,.T.);
#6842 = VERTEX_POINT('',#6843);
#6843 = CARTESIAN_POINT('',(-5.982014822553E-02,2.240999936884,
    1.456325075231));
#6844 = LINE('',#6845,#6846);
#6845 = CARTESIAN_POINT('',(-5.982014822553E-02,2.240999936884,
    1.456325075231));
#6846 = VECTOR('',#6847,1.);
#6847 = DIRECTION('',(-0.,-1.,-0.));
#6848 = ORIENTED_EDGE('',*,*,#6849,.F.);
#6849 = EDGE_CURVE('',#6818,#6842,#6850,.T.);
#6850 = LINE('',#6851,#6852);
#6851 = CARTESIAN_POINT('',(-5.982014822553E-02,2.240999936884,
    1.456325075231));
#6852 = VECTOR('',#6853,1.);
#6853 = DIRECTION('',(1.,0.,0.));
#6854 = ORIENTED_EDGE('',*,*,#6817,.T.);
#6855 = PLANE('',#6856);
#6856 = AXIS2_PLACEMENT_3D('',#6857,#6858,#6859);
#6857 = CARTESIAN_POINT('',(-5.982014822553E-02,2.240999936884,
    1.456325075231));
#6858 = DIRECTION('',(0.,0.,-1.));
#6859 = DIRECTION('',(-1.,0.,0.));
#6860 = ADVANCED_FACE('',(#6861),#6879,.F.);
#6861 = FACE_BOUND('',#6862,.T.);
#6862 = EDGE_LOOP('',(#6863,#6864,#6872,#6878));
#6863 = ORIENTED_EDGE('',*,*,#1012,.T.);
#6864 = ORIENTED_EDGE('',*,*,#6865,.F.);
#6865 = EDGE_CURVE('',#6866,#1005,#6868,.T.);
#6866 = VERTEX_POINT('',#6867);
#6867 = CARTESIAN_POINT('',(-5.982014822553E-02,2.240999936884,
    1.495378381473));
#6868 = LINE('',#6869,#6870);
#6869 = CARTESIAN_POINT('',(-5.982014822553E-02,2.240999936884,
    1.495378381473));
#6870 = VECTOR('',#6871,1.);
#6871 = DIRECTION('',(-0.,-1.,-0.));
#6872 = ORIENTED_EDGE('',*,*,#6873,.F.);
#6873 = EDGE_CURVE('',#6842,#6866,#6874,.T.);
#6874 = LINE('',#6875,#6876);
#6875 = CARTESIAN_POINT('',(-5.982014822553E-02,2.240999936884,
    1.495378381473));
#6876 = VECTOR('',#6877,1.);
#6877 = DIRECTION('',(2.776210893285E-15,0.,1.));
#6878 = ORIENTED_EDGE('',*,*,#6841,.T.);
#6879 = PLANE('',#6880);
#6880 = AXIS2_PLACEMENT_3D('',#6881,#6882,#6883);
#6881 = CARTESIAN_POINT('',(-5.982014822553E-02,2.240999936884,
    1.495378381473));
#6882 = DIRECTION('',(1.,0.,-2.776210893285E-15));
#6883 = DIRECTION('',(-2.776210893285E-15,0.,-1.));
#6884 = ADVANCED_FACE('',(#6885),#6903,.F.);
#6885 = FACE_BOUND('',#6886,.T.);
#6886 = EDGE_LOOP('',(#6887,#6888,#6896,#6902));
#6887 = ORIENTED_EDGE('',*,*,#1004,.T.);
#6888 = ORIENTED_EDGE('',*,*,#6889,.F.);
#6889 = EDGE_CURVE('',#6890,#997,#6892,.T.);
#6890 = VERTEX_POINT('',#6891);
#6891 = CARTESIAN_POINT('',(-0.106921180514,2.240999936884,
    1.495378381473));
#6892 = LINE('',#6893,#6894);
#6893 = CARTESIAN_POINT('',(-0.106921180514,2.240999936884,
    1.495378381473));
#6894 = VECTOR('',#6895,1.);
#6895 = DIRECTION('',(-0.,-1.,-0.));
#6896 = ORIENTED_EDGE('',*,*,#6897,.F.);
#6897 = EDGE_CURVE('',#6866,#6890,#6898,.T.);
#6898 = LINE('',#6899,#6900);
#6899 = CARTESIAN_POINT('',(-0.106921180514,2.240999936884,
    1.495378381473));
#6900 = VECTOR('',#6901,1.);
#6901 = DIRECTION('',(-1.,0.,4.603729852227E-15));
#6902 = ORIENTED_EDGE('',*,*,#6865,.T.);
#6903 = PLANE('',#6904);
#6904 = AXIS2_PLACEMENT_3D('',#6905,#6906,#6907);
#6905 = CARTESIAN_POINT('',(-0.106921180514,2.240999936884,
    1.495378381473));
#6906 = DIRECTION('',(4.603729852227E-15,0.,1.));
#6907 = DIRECTION('',(1.,0.,-4.603729852227E-15));
#6908 = ADVANCED_FACE('',(#6909),#6927,.F.);
#6909 = FACE_BOUND('',#6910,.T.);
#6910 = EDGE_LOOP('',(#6911,#6912,#6920,#6926));
#6911 = ORIENTED_EDGE('',*,*,#996,.T.);
#6912 = ORIENTED_EDGE('',*,*,#6913,.F.);
#6913 = EDGE_CURVE('',#6914,#989,#6916,.T.);
#6914 = VERTEX_POINT('',#6915);
#6915 = CARTESIAN_POINT('',(-0.106921180514,2.240999936884,
    1.509415112949));
#6916 = LINE('',#6917,#6918);
#6917 = CARTESIAN_POINT('',(-0.106921180514,2.240999936884,
    1.509415112949));
#6918 = VECTOR('',#6919,1.);
#6919 = DIRECTION('',(-0.,-1.,-0.));
#6920 = ORIENTED_EDGE('',*,*,#6921,.F.);
#6921 = EDGE_CURVE('',#6890,#6914,#6922,.T.);
#6922 = LINE('',#6923,#6924);
#6923 = CARTESIAN_POINT('',(-0.106921180514,2.240999936884,
    1.509415112949));
#6924 = VECTOR('',#6925,1.);
#6925 = DIRECTION('',(0.,0.,1.));
#6926 = ORIENTED_EDGE('',*,*,#6889,.T.);
#6927 = PLANE('',#6928);
#6928 = AXIS2_PLACEMENT_3D('',#6929,#6930,#6931);
#6929 = CARTESIAN_POINT('',(-0.106921180514,2.240999936884,
    1.509415112949));
#6930 = DIRECTION('',(1.,0.,0.));
#6931 = DIRECTION('',(0.,0.,-1.));
#6932 = ADVANCED_FACE('',(#6933),#6951,.F.);
#6933 = FACE_BOUND('',#6934,.T.);
#6934 = EDGE_LOOP('',(#6935,#6936,#6944,#6950));
#6935 = ORIENTED_EDGE('',*,*,#988,.T.);
#6936 = ORIENTED_EDGE('',*,*,#6937,.F.);
#6937 = EDGE_CURVE('',#6938,#981,#6940,.T.);
#6938 = VERTEX_POINT('',#6939);
#6939 = CARTESIAN_POINT('',(-4.406781623523E-02,2.240999936884,
    1.509415112949));
#6940 = LINE('',#6941,#6942);
#6941 = CARTESIAN_POINT('',(-4.406781623523E-02,2.240999936884,
    1.509415112949));
#6942 = VECTOR('',#6943,1.);
#6943 = DIRECTION('',(-0.,-1.,-0.));
#6944 = ORIENTED_EDGE('',*,*,#6945,.F.);
#6945 = EDGE_CURVE('',#6914,#6938,#6946,.T.);
#6946 = LINE('',#6947,#6948);
#6947 = CARTESIAN_POINT('',(-4.406781623523E-02,2.240999936884,
    1.509415112949));
#6948 = VECTOR('',#6949,1.);
#6949 = DIRECTION('',(1.,0.,-3.449941477354E-15));
#6950 = ORIENTED_EDGE('',*,*,#6913,.T.);
#6951 = PLANE('',#6952);
#6952 = AXIS2_PLACEMENT_3D('',#6953,#6954,#6955);
#6953 = CARTESIAN_POINT('',(-4.406781623523E-02,2.240999936884,
    1.509415112949));
#6954 = DIRECTION('',(-3.449941477354E-15,0.,-1.));
#6955 = DIRECTION('',(-1.,0.,3.449941477354E-15));
#6956 = ADVANCED_FACE('',(#6957),#6975,.F.);
#6957 = FACE_BOUND('',#6958,.T.);
#6958 = EDGE_LOOP('',(#6959,#6960,#6968,#6974));
#6959 = ORIENTED_EDGE('',*,*,#980,.T.);
#6960 = ORIENTED_EDGE('',*,*,#6961,.F.);
#6961 = EDGE_CURVE('',#6962,#973,#6964,.T.);
#6962 = VERTEX_POINT('',#6963);
#6963 = CARTESIAN_POINT('',(-4.406781623523E-02,2.240999936884,
    1.387389127313));
#6964 = LINE('',#6965,#6966);
#6965 = CARTESIAN_POINT('',(-4.406781623523E-02,2.240999936884,
    1.387389127313));
#6966 = VECTOR('',#6967,1.);
#6967 = DIRECTION('',(-0.,-1.,-0.));
#6968 = ORIENTED_EDGE('',*,*,#6969,.F.);
#6969 = EDGE_CURVE('',#6938,#6962,#6970,.T.);
#6970 = LINE('',#6971,#6972);
#6971 = CARTESIAN_POINT('',(-4.406781623523E-02,2.240999936884,
    1.387389127313));
#6972 = VECTOR('',#6973,1.);
#6973 = DIRECTION('',(-2.665503096958E-15,-0.,-1.));
#6974 = ORIENTED_EDGE('',*,*,#6937,.T.);
#6975 = PLANE('',#6976);
#6976 = AXIS2_PLACEMENT_3D('',#6977,#6978,#6979);
#6977 = CARTESIAN_POINT('',(-4.406781623523E-02,2.240999936884,
    1.387389127313));
#6978 = DIRECTION('',(-1.,0.,2.665503096958E-15));
#6979 = DIRECTION('',(2.665503096958E-15,0.,1.));
#6980 = ADVANCED_FACE('',(#6981),#6992,.F.);
#6981 = FACE_BOUND('',#6982,.T.);
#6982 = EDGE_LOOP('',(#6983,#6984,#6985,#6991));
#6983 = ORIENTED_EDGE('',*,*,#972,.T.);
#6984 = ORIENTED_EDGE('',*,*,#6730,.F.);
#6985 = ORIENTED_EDGE('',*,*,#6986,.F.);
#6986 = EDGE_CURVE('',#6962,#6723,#6987,.T.);
#6987 = LINE('',#6988,#6989);
#6988 = CARTESIAN_POINT('',(-0.109697334072,2.240999936884,
    1.387389127313));
#6989 = VECTOR('',#6990,1.);
#6990 = DIRECTION('',(-1.,0.,3.304007641089E-15));
#6991 = ORIENTED_EDGE('',*,*,#6961,.T.);
#6992 = PLANE('',#6993);
#6993 = AXIS2_PLACEMENT_3D('',#6994,#6995,#6996);
#6994 = CARTESIAN_POINT('',(-0.109697334072,2.240999936884,
    1.387389127313));
#6995 = DIRECTION('',(3.304007641089E-15,0.,1.));
#6996 = DIRECTION('',(1.,0.,-3.304007641089E-15));
#6997 = ADVANCED_FACE('',(#6998),#7012,.F.);
#6998 = FACE_BOUND('',#6999,.T.);
#6999 = EDGE_LOOP('',(#7000,#7001,#7002,#7003,#7004,#7005,#7006,#7007,
    #7008,#7009,#7010,#7011));
#7000 = ORIENTED_EDGE('',*,*,#6722,.T.);
#7001 = ORIENTED_EDGE('',*,*,#6753,.T.);
#7002 = ORIENTED_EDGE('',*,*,#6777,.T.);
#7003 = ORIENTED_EDGE('',*,*,#6801,.T.);
#7004 = ORIENTED_EDGE('',*,*,#6825,.T.);
#7005 = ORIENTED_EDGE('',*,*,#6849,.T.);
#7006 = ORIENTED_EDGE('',*,*,#6873,.T.);
#7007 = ORIENTED_EDGE('',*,*,#6897,.T.);
#7008 = ORIENTED_EDGE('',*,*,#6921,.T.);
#7009 = ORIENTED_EDGE('',*,*,#6945,.T.);
#7010 = ORIENTED_EDGE('',*,*,#6969,.T.);
#7011 = ORIENTED_EDGE('',*,*,#6986,.T.);
#7012 = PLANE('',#7013);
#7013 = AXIS2_PLACEMENT_3D('',#7014,#7015,#7016);
#7014 = CARTESIAN_POINT('',(0.,2.240999936884,2.900000014025));
#7015 = DIRECTION('',(0.,-1.,0.));
#7016 = DIRECTION('',(0.,0.,-1.));
#7017 = ADVANCED_FACE('',(#7018,#7140),#7212,.T.);
#7018 = FACE_BOUND('',#7019,.T.);
#7019 = EDGE_LOOP('',(#7020,#7031,#7039,#7048,#7057,#7065,#7074,#7083,
    #7092,#7101,#7109,#7117,#7125,#7133));
#7020 = ORIENTED_EDGE('',*,*,#7021,.T.);
#7021 = EDGE_CURVE('',#7022,#7024,#7026,.T.);
#7022 = VERTEX_POINT('',#7023);
#7023 = CARTESIAN_POINT('',(-0.162849757264,2.240999936884,
    1.476537968557));
#7024 = VERTEX_POINT('',#7025);
#7025 = CARTESIAN_POINT('',(-0.13284234464,2.240999936884,1.468427857038
    ));
#7026 = B_SPLINE_CURVE_WITH_KNOTS('',3,(#7027,#7028,#7029,#7030),
  .UNSPECIFIED.,.F.,.F.,(4,4),(0.,1.),.PIECEWISE_BEZIER_KNOTS.);
#7027 = CARTESIAN_POINT('',(-0.162849757264,2.240999936884,
    1.476537968557));
#7028 = CARTESIAN_POINT('',(-0.151495601136,2.240999936884,
    1.476537968557));
#7029 = CARTESIAN_POINT('',(-0.141482732683,2.240999936884,
    1.473855393208));
#7030 = CARTESIAN_POINT('',(-0.13284234464,2.240999936884,1.468427857038
    ));
#7031 = ORIENTED_EDGE('',*,*,#7032,.T.);
#7032 = EDGE_CURVE('',#7024,#7033,#7035,.T.);
#7033 = VERTEX_POINT('',#7034);
#7034 = CARTESIAN_POINT('',(-0.13284234464,2.240999936884,1.453580114409
    ));
#7035 = LINE('',#7036,#7037);
#7036 = CARTESIAN_POINT('',(-0.13284234464,2.240999936884,1.453580114409
    ));
#7037 = VECTOR('',#7038,1.);
#7038 = DIRECTION('',(-7.302134534246E-15,-0.,-1.));
#7039 = ORIENTED_EDGE('',*,*,#7040,.T.);
#7040 = EDGE_CURVE('',#7033,#7041,#7043,.T.);
#7041 = VERTEX_POINT('',#7042);
#7042 = CARTESIAN_POINT('',(-0.161414891379,2.240999936884,
    1.464123259385));
#7043 = B_SPLINE_CURVE_WITH_KNOTS('',3,(#7044,#7045,#7046,#7047),
  .UNSPECIFIED.,.F.,.F.,(4,4),(12.,13.),.PIECEWISE_BEZIER_KNOTS.);
#7044 = CARTESIAN_POINT('',(-0.13284234464,2.240999936884,1.453580114409
    ));
#7045 = CARTESIAN_POINT('',(-0.141451539946,2.240999936884,
    1.460567287411));
#7046 = CARTESIAN_POINT('',(-0.150965324613,2.240999936884,
    1.464123259385));
#7047 = CARTESIAN_POINT('',(-0.161414891379,2.240999936884,
    1.464123259385));
#7048 = ORIENTED_EDGE('',*,*,#7049,.T.);
#7049 = EDGE_CURVE('',#7041,#7050,#7052,.T.);
#7050 = VERTEX_POINT('',#7051);
#7051 = CARTESIAN_POINT('',(-0.179069980303,2.240999936884,
    1.442787427541));
#7052 = B_SPLINE_CURVE_WITH_KNOTS('',3,(#7053,#7054,#7055,#7056),
  .UNSPECIFIED.,.F.,.F.,(4,4),(11.,12.),.PIECEWISE_BEZIER_KNOTS.);
#7053 = CARTESIAN_POINT('',(-0.161414891379,2.240999936884,
    1.464123259385));
#7054 = CARTESIAN_POINT('',(-0.173174553083,2.240999936884,
    1.464123259385));
#7055 = CARTESIAN_POINT('',(-0.179069980303,2.240999936884,
    1.457011315436));
#7056 = CARTESIAN_POINT('',(-0.179069980303,2.240999936884,
    1.442787427541));
#7057 = ORIENTED_EDGE('',*,*,#7058,.T.);
#7058 = EDGE_CURVE('',#7050,#7059,#7061,.T.);
#7059 = VERTEX_POINT('',#7060);
#7060 = CARTESIAN_POINT('',(-0.153242394386,2.240999936884,
    1.439169070093));
#7061 = LINE('',#7062,#7063);
#7062 = CARTESIAN_POINT('',(-0.153242394386,2.240999936884,
    1.439169070093));
#7063 = VECTOR('',#7064,1.);
#7064 = DIRECTION('',(0.990328603988,0.,-0.138741688482));
#7065 = ORIENTED_EDGE('',*,*,#7066,.T.);
#7066 = EDGE_CURVE('',#7059,#7067,#7069,.T.);
#7067 = VERTEX_POINT('',#7068);
#7068 = CARTESIAN_POINT('',(-0.124326727545,2.240999936884,
    1.410721294301));
#7069 = B_SPLINE_CURVE_WITH_KNOTS('',3,(#7070,#7071,#7072,#7073),
  .UNSPECIFIED.,.F.,.F.,(4,4),(9.,10.),.PIECEWISE_BEZIER_KNOTS.);
#7070 = CARTESIAN_POINT('',(-0.153242394386,2.240999936884,
    1.439169070093));
#7071 = CARTESIAN_POINT('',(-0.133965283159,2.240999936884,
    1.436486494744));
#7072 = CARTESIAN_POINT('',(-0.124326727545,2.240999936884,
    1.427003902813));
#7073 = CARTESIAN_POINT('',(-0.124326727545,2.240999936884,
    1.410721294301));
#7074 = ORIENTED_EDGE('',*,*,#7075,.T.);
#7075 = EDGE_CURVE('',#7067,#7076,#7078,.T.);
#7076 = VERTEX_POINT('',#7077);
#7077 = CARTESIAN_POINT('',(-0.131812984332,2.240999936884,
    1.392192808751));
#7078 = B_SPLINE_CURVE_WITH_KNOTS('',3,(#7079,#7080,#7081,#7082),
  .UNSPECIFIED.,.F.,.F.,(4,4),(8.,9.),.PIECEWISE_BEZIER_KNOTS.);
#7079 = CARTESIAN_POINT('',(-0.124326727545,2.240999936884,
    1.410721294301));
#7080 = CARTESIAN_POINT('',(-0.124326727545,2.240999936884,
    1.402923110147));
#7081 = CARTESIAN_POINT('',(-0.126822146474,2.240999936884,
    1.396746948297));
#7082 = CARTESIAN_POINT('',(-0.131812984332,2.240999936884,
    1.392192808751));
#7083 = ORIENTED_EDGE('',*,*,#7084,.T.);
#7084 = EDGE_CURVE('',#7076,#7085,#7087,.T.);
#7085 = VERTEX_POINT('',#7086);
#7086 = CARTESIAN_POINT('',(-0.151963492185,2.240999936884,
    1.385330406696));
#7087 = B_SPLINE_CURVE_WITH_KNOTS('',3,(#7088,#7089,#7090,#7091),
  .UNSPECIFIED.,.F.,.F.,(4,4),(7.,8.),.PIECEWISE_BEZIER_KNOTS.);
#7088 = CARTESIAN_POINT('',(-0.131812984332,2.240999936884,
    1.392192808751));
#7089 = CARTESIAN_POINT('',(-0.13680382219,2.240999936884,1.387638669206
    ));
#7090 = CARTESIAN_POINT('',(-0.143510260563,2.240999936884,
    1.385330406696));
#7091 = CARTESIAN_POINT('',(-0.151963492185,2.240999936884,
    1.385330406696));
#7092 = ORIENTED_EDGE('',*,*,#7093,.T.);
#7093 = EDGE_CURVE('',#7085,#7094,#7096,.T.);
#7094 = VERTEX_POINT('',#7095);
#7095 = CARTESIAN_POINT('',(-0.178664474727,2.240999936884,1.40086438953
    ));
#7096 = B_SPLINE_CURVE_WITH_KNOTS('',3,(#7097,#7098,#7099,#7100),
  .UNSPECIFIED.,.F.,.F.,(4,4),(6.,7.),.PIECEWISE_BEZIER_KNOTS.);
#7097 = CARTESIAN_POINT('',(-0.151963492185,2.240999936884,
    1.385330406696));
#7098 = CARTESIAN_POINT('',(-0.163723153889,2.240999936884,
    1.385330406696));
#7099 = CARTESIAN_POINT('',(-0.172644276561,2.240999936884,
    1.390508400974));
#7100 = CARTESIAN_POINT('',(-0.178664474727,2.240999936884,1.40086438953
    ));
#7101 = ORIENTED_EDGE('',*,*,#7102,.T.);
#7102 = EDGE_CURVE('',#7094,#7103,#7105,.T.);
#7103 = VERTEX_POINT('',#7104);
#7104 = CARTESIAN_POINT('',(-0.179069980303,2.240999936884,1.40086438953
    ));
#7105 = LINE('',#7106,#7107);
#7106 = CARTESIAN_POINT('',(-0.179069980303,2.240999936884,1.40086438953
    ));
#7107 = VECTOR('',#7108,1.);
#7108 = DIRECTION('',(-1.,-0.,-0.));
#7109 = ORIENTED_EDGE('',*,*,#7110,.T.);
#7110 = EDGE_CURVE('',#7103,#7111,#7113,.T.);
#7111 = VERTEX_POINT('',#7112);
#7112 = CARTESIAN_POINT('',(-0.179069980303,2.240999936884,
    1.387389127313));
#7113 = LINE('',#7114,#7115);
#7114 = CARTESIAN_POINT('',(-0.179069980303,2.240999936884,
    1.387389127313));
#7115 = VECTOR('',#7116,1.);
#7116 = DIRECTION('',(-0.,-0.,-1.));
#7117 = ORIENTED_EDGE('',*,*,#7118,.T.);
#7118 = EDGE_CURVE('',#7111,#7119,#7121,.T.);
#7119 = VERTEX_POINT('',#7120);
#7120 = CARTESIAN_POINT('',(-0.194354421244,2.240999936884,
    1.387389127313));
#7121 = LINE('',#7122,#7123);
#7122 = CARTESIAN_POINT('',(-0.194354421244,2.240999936884,
    1.387389127313));
#7123 = VECTOR('',#7124,1.);
#7124 = DIRECTION('',(-1.,-0.,-0.));
#7125 = ORIENTED_EDGE('',*,*,#7126,.T.);
#7126 = EDGE_CURVE('',#7119,#7127,#7129,.T.);
#7127 = VERTEX_POINT('',#7128);
#7128 = CARTESIAN_POINT('',(-0.194354421244,2.240999936884,
    1.443473667745));
#7129 = LINE('',#7130,#7131);
#7130 = CARTESIAN_POINT('',(-0.194354421244,2.240999936884,
    1.443473667745));
#7131 = VECTOR('',#7132,1.);
#7132 = DIRECTION('',(1.933156862332E-15,0.,1.));
#7133 = ORIENTED_EDGE('',*,*,#7134,.T.);
#7134 = EDGE_CURVE('',#7127,#7022,#7135,.T.);
#7135 = B_SPLINE_CURVE_WITH_KNOTS('',3,(#7136,#7137,#7138,#7139),
  .UNSPECIFIED.,.F.,.F.,(4,4),(1.,2.),.PIECEWISE_BEZIER_KNOTS.);
#7136 = CARTESIAN_POINT('',(-0.194354421244,2.240999936884,
    1.443473667745));
#7137 = CARTESIAN_POINT('',(-0.194354421244,2.240999936884,
    1.465558125269));
#7138 = CARTESIAN_POINT('',(-0.183842469005,2.240999936884,
    1.476537968557));
#7139 = CARTESIAN_POINT('',(-0.162849757264,2.240999936884,
    1.476537968557));
#7140 = FACE_BOUND('',#7141,.T.);
#7141 = EDGE_LOOP('',(#7142,#7153,#7162,#7170,#7178,#7187,#7196,#7205));
#7142 = ORIENTED_EDGE('',*,*,#7143,.F.);
#7143 = EDGE_CURVE('',#7144,#7146,#7148,.T.);
#7144 = VERTEX_POINT('',#7145);
#7145 = CARTESIAN_POINT('',(-0.143884573402,2.240999936884,
    1.423011232526));
#7146 = VERTEX_POINT('',#7147);
#7147 = CARTESIAN_POINT('',(-0.139829517642,2.240999936884,
    1.411969003765));
#7148 = B_SPLINE_CURVE_WITH_KNOTS('',3,(#7149,#7150,#7151,#7152),
  .UNSPECIFIED.,.F.,.F.,(4,4),(1.,2.),.PIECEWISE_BEZIER_KNOTS.);
#7149 = CARTESIAN_POINT('',(-0.143884573402,2.240999936884,
    1.423011232526));
#7150 = CARTESIAN_POINT('',(-0.141201998053,2.240999936884,
    1.420391042651));
#7151 = CARTESIAN_POINT('',(-0.139829517642,2.240999936884,
    1.416710299731));
#7152 = CARTESIAN_POINT('',(-0.139829517642,2.240999936884,
    1.411969003765));
#7153 = ORIENTED_EDGE('',*,*,#7154,.F.);
#7154 = EDGE_CURVE('',#7155,#7144,#7157,.T.);
#7155 = VERTEX_POINT('',#7156);
#7156 = CARTESIAN_POINT('',(-0.158669930557,2.240999936884,
    1.428376383224));
#7157 = B_SPLINE_CURVE_WITH_KNOTS('',3,(#7158,#7159,#7160,#7161),
  .UNSPECIFIED.,.F.,.F.,(4,4),(0.,1.),.PIECEWISE_BEZIER_KNOTS.);
#7158 = CARTESIAN_POINT('',(-0.158669930557,2.240999936884,
    1.428376383224));
#7159 = CARTESIAN_POINT('',(-0.151526793873,2.240999936884,
    1.427378215652));
#7160 = CARTESIAN_POINT('',(-0.146598341487,2.240999936884,
    1.425631422402));
#7161 = CARTESIAN_POINT('',(-0.143884573402,2.240999936884,
    1.423011232526));
#7162 = ORIENTED_EDGE('',*,*,#7163,.F.);
#7163 = EDGE_CURVE('',#7164,#7155,#7166,.T.);
#7164 = VERTEX_POINT('',#7165);
#7165 = CARTESIAN_POINT('',(-0.179069980303,2.240999936884,
    1.431121344047));
#7166 = LINE('',#7167,#7168);
#7167 = CARTESIAN_POINT('',(-0.179069980303,2.240999936884,
    1.431121344047));
#7168 = VECTOR('',#7169,1.);
#7169 = DIRECTION('',(0.9910683663,0.,-0.133354764894));
#7170 = ORIENTED_EDGE('',*,*,#7171,.F.);
#7171 = EDGE_CURVE('',#7172,#7164,#7174,.T.);
#7172 = VERTEX_POINT('',#7173);
#7173 = CARTESIAN_POINT('',(-0.179069980303,2.240999936884,
    1.422761690634));
#7174 = LINE('',#7175,#7176);
#7175 = CARTESIAN_POINT('',(-0.179069980303,2.240999936884,
    1.422761690634));
#7176 = VECTOR('',#7177,1.);
#7177 = DIRECTION('',(0.,0.,1.));
#7178 = ORIENTED_EDGE('',*,*,#7179,.F.);
#7179 = EDGE_CURVE('',#7180,#7172,#7182,.T.);
#7180 = VERTEX_POINT('',#7181);
#7181 = CARTESIAN_POINT('',(-0.172519505614,2.240999936884,
    1.404981830763));
#7182 = B_SPLINE_CURVE_WITH_KNOTS('',3,(#7183,#7184,#7185,#7186),
  .UNSPECIFIED.,.F.,.F.,(4,4),(5.,6.),.PIECEWISE_BEZIER_KNOTS.);
#7183 = CARTESIAN_POINT('',(-0.172519505614,2.240999936884,
    1.404981830763));
#7184 = CARTESIAN_POINT('',(-0.17688648874,2.240999936884,1.409660741255
    ));
#7185 = CARTESIAN_POINT('',(-0.179069980303,2.240999936884,
    1.415587361212));
#7186 = CARTESIAN_POINT('',(-0.179069980303,2.240999936884,
    1.422761690634));
#7187 = ORIENTED_EDGE('',*,*,#7188,.F.);
#7188 = EDGE_CURVE('',#7189,#7180,#7191,.T.);
#7189 = VERTEX_POINT('',#7190);
#7190 = CARTESIAN_POINT('',(-0.155924969735,2.240999936884,
    1.397869886815));
#7191 = B_SPLINE_CURVE_WITH_KNOTS('',3,(#7192,#7193,#7194,#7195),
  .UNSPECIFIED.,.F.,.F.,(4,4),(4.,5.),.PIECEWISE_BEZIER_KNOTS.);
#7192 = CARTESIAN_POINT('',(-0.155924969735,2.240999936884,
    1.397869886815));
#7193 = CARTESIAN_POINT('',(-0.162631408107,2.240999936884,
    1.397869886815));
#7194 = CARTESIAN_POINT('',(-0.168183715225,2.240999936884,
    1.400240534798));
#7195 = CARTESIAN_POINT('',(-0.172519505614,2.240999936884,
    1.404981830763));
#7196 = ORIENTED_EDGE('',*,*,#7197,.F.);
#7197 = EDGE_CURVE('',#7198,#7189,#7200,.T.);
#7198 = VERTEX_POINT('',#7199);
#7199 = CARTESIAN_POINT('',(-0.144258886241,2.240999936884,
    1.401800171628));
#7200 = B_SPLINE_CURVE_WITH_KNOTS('',3,(#7201,#7202,#7203,#7204),
  .UNSPECIFIED.,.F.,.F.,(4,4),(3.,4.),.PIECEWISE_BEZIER_KNOTS.);
#7201 = CARTESIAN_POINT('',(-0.144258886241,2.240999936884,
    1.401800171628));
#7202 = CARTESIAN_POINT('',(-0.147191003483,2.240999936884,
    1.399179981753));
#7203 = CARTESIAN_POINT('',(-0.15109009556,2.240999936884,1.397869886815
    ));
#7204 = CARTESIAN_POINT('',(-0.155924969735,2.240999936884,
    1.397869886815));
#7205 = ORIENTED_EDGE('',*,*,#7206,.F.);
#7206 = EDGE_CURVE('',#7146,#7198,#7207,.T.);
#7207 = B_SPLINE_CURVE_WITH_KNOTS('',3,(#7208,#7209,#7210,#7211),
  .UNSPECIFIED.,.F.,.F.,(4,4),(2.,3.),.PIECEWISE_BEZIER_KNOTS.);
#7208 = CARTESIAN_POINT('',(-0.139829517642,2.240999936884,
    1.411969003765));
#7209 = CARTESIAN_POINT('',(-0.139829517642,2.240999936884,
    1.407789177059));
#7210 = CARTESIAN_POINT('',(-0.141295576263,2.240999936884,
    1.404420361504));
#7211 = CARTESIAN_POINT('',(-0.144258886241,2.240999936884,
    1.401800171628));
#7212 = PLANE('',#7213);
#7213 = AXIS2_PLACEMENT_3D('',#7214,#7215,#7216);
#7214 = CARTESIAN_POINT('',(-0.14682838792,2.240999936884,1.474518238861
    ));
#7215 = DIRECTION('',(0.,1.,0.));
#7216 = DIRECTION('',(0.,0.,1.));
#7217 = ADVANCED_FACE('',(#7218),#7234,.F.);
#7218 = FACE_BOUND('',#7219,.F.);
#7219 = EDGE_LOOP('',(#7220,#7226,#7227,#7233));
#7220 = ORIENTED_EDGE('',*,*,#7221,.F.);
#7221 = EDGE_CURVE('',#7022,#841,#7222,.T.);
#7222 = LINE('',#7223,#7224);
#7223 = CARTESIAN_POINT('',(-0.162849757264,2.240999936884,
    1.476537968557));
#7224 = VECTOR('',#7225,1.);
#7225 = DIRECTION('',(-0.,-1.,-0.));
#7226 = ORIENTED_EDGE('',*,*,#7021,.T.);
#7227 = ORIENTED_EDGE('',*,*,#7228,.T.);
#7228 = EDGE_CURVE('',#7024,#843,#7229,.T.);
#7229 = LINE('',#7230,#7231);
#7230 = CARTESIAN_POINT('',(-0.13284234464,2.240999936884,1.468427857038
    ));
#7231 = VECTOR('',#7232,1.);
#7232 = DIRECTION('',(-0.,-1.,-0.));
#7233 = ORIENTED_EDGE('',*,*,#840,.F.);
#7234 = B_SPLINE_SURFACE_WITH_KNOTS('',3,1,(
    (#7235,#7236)
    ,(#7237,#7238)
    ,(#7239,#7240)
    ,(#7241,#7242
    )),.UNSPECIFIED.,.F.,.F.,.F.,(4,4),(2,2),(0.,1.),(0.,1.),
  .PIECEWISE_BEZIER_KNOTS.);
#7235 = CARTESIAN_POINT('',(-0.162849757264,2.240999936884,
    1.476537968557));
#7236 = CARTESIAN_POINT('',(-0.162849757264,2.239999936912,
    1.476537968557));
#7237 = CARTESIAN_POINT('',(-0.151495601136,2.240999936884,
    1.476537968557));
#7238 = CARTESIAN_POINT('',(-0.151495601136,2.239999936912,
    1.476537968557));
#7239 = CARTESIAN_POINT('',(-0.141482732683,2.240999936884,
    1.473855393208));
#7240 = CARTESIAN_POINT('',(-0.141482732683,2.239999936912,
    1.473855393208));
#7241 = CARTESIAN_POINT('',(-0.13284234464,2.240999936884,1.468427857038
    ));
#7242 = CARTESIAN_POINT('',(-0.13284234464,2.239999936912,1.468427857038
    ));
#7243 = ADVANCED_FACE('',(#7244),#7255,.F.);
#7244 = FACE_BOUND('',#7245,.T.);
#7245 = EDGE_LOOP('',(#7246,#7247,#7253,#7254));
#7246 = ORIENTED_EDGE('',*,*,#954,.T.);
#7247 = ORIENTED_EDGE('',*,*,#7248,.F.);
#7248 = EDGE_CURVE('',#7033,#946,#7249,.T.);
#7249 = LINE('',#7250,#7251);
#7250 = CARTESIAN_POINT('',(-0.13284234464,2.240999936884,1.453580114409
    ));
#7251 = VECTOR('',#7252,1.);
#7252 = DIRECTION('',(-0.,-1.,-0.));
#7253 = ORIENTED_EDGE('',*,*,#7032,.F.);
#7254 = ORIENTED_EDGE('',*,*,#7228,.T.);
#7255 = PLANE('',#7256);
#7256 = AXIS2_PLACEMENT_3D('',#7257,#7258,#7259);
#7257 = CARTESIAN_POINT('',(-0.13284234464,2.240999936884,1.453580114409
    ));
#7258 = DIRECTION('',(-1.,0.,7.302134534246E-15));
#7259 = DIRECTION('',(7.302134534246E-15,0.,1.));
#7260 = ADVANCED_FACE('',(#7261),#7272,.F.);
#7261 = FACE_BOUND('',#7262,.F.);
#7262 = EDGE_LOOP('',(#7263,#7264,#7265,#7271));
#7263 = ORIENTED_EDGE('',*,*,#7248,.F.);
#7264 = ORIENTED_EDGE('',*,*,#7040,.T.);
#7265 = ORIENTED_EDGE('',*,*,#7266,.T.);
#7266 = EDGE_CURVE('',#7041,#937,#7267,.T.);
#7267 = LINE('',#7268,#7269);
#7268 = CARTESIAN_POINT('',(-0.161414891379,2.240999936884,
    1.464123259385));
#7269 = VECTOR('',#7270,1.);
#7270 = DIRECTION('',(-0.,-1.,-0.));
#7271 = ORIENTED_EDGE('',*,*,#945,.F.);
#7272 = B_SPLINE_SURFACE_WITH_KNOTS('',3,1,(
    (#7273,#7274)
    ,(#7275,#7276)
    ,(#7277,#7278)
    ,(#7279,#7280
    )),.UNSPECIFIED.,.F.,.F.,.F.,(4,4),(2,2),(12.,13.),(0.,1.),
  .PIECEWISE_BEZIER_KNOTS.);
#7273 = CARTESIAN_POINT('',(-0.13284234464,2.240999936884,1.453580114409
    ));
#7274 = CARTESIAN_POINT('',(-0.13284234464,2.23999993717,1.453580114409)
  );
#7275 = CARTESIAN_POINT('',(-0.141451539946,2.240999936884,
    1.460567287411));
#7276 = CARTESIAN_POINT('',(-0.141451539946,2.23999993717,1.460567287411
    ));
#7277 = CARTESIAN_POINT('',(-0.150965324613,2.240999936884,
    1.464123259385));
#7278 = CARTESIAN_POINT('',(-0.150965324613,2.23999993717,1.464123259385
    ));
#7279 = CARTESIAN_POINT('',(-0.161414891379,2.240999936884,
    1.464123259385));
#7280 = CARTESIAN_POINT('',(-0.161414891379,2.23999993717,1.464123259385
    ));
#7281 = ADVANCED_FACE('',(#7282),#7293,.F.);
#7282 = FACE_BOUND('',#7283,.F.);
#7283 = EDGE_LOOP('',(#7284,#7285,#7286,#7292));
#7284 = ORIENTED_EDGE('',*,*,#7266,.F.);
#7285 = ORIENTED_EDGE('',*,*,#7049,.T.);
#7286 = ORIENTED_EDGE('',*,*,#7287,.T.);
#7287 = EDGE_CURVE('',#7050,#929,#7288,.T.);
#7288 = LINE('',#7289,#7290);
#7289 = CARTESIAN_POINT('',(-0.179069980303,2.240999936884,
    1.442787427541));
#7290 = VECTOR('',#7291,1.);
#7291 = DIRECTION('',(-0.,-1.,-0.));
#7292 = ORIENTED_EDGE('',*,*,#936,.F.);
#7293 = B_SPLINE_SURFACE_WITH_KNOTS('',3,1,(
    (#7294,#7295)
    ,(#7296,#7297)
    ,(#7298,#7299)
    ,(#7300,#7301
    )),.UNSPECIFIED.,.F.,.F.,.F.,(4,4),(2,2),(11.,12.),(0.,1.),
  .PIECEWISE_BEZIER_KNOTS.);
#7294 = CARTESIAN_POINT('',(-0.161414891379,2.240999936884,
    1.464123259385));
#7295 = CARTESIAN_POINT('',(-0.161414891379,2.23999993717,1.464123259385
    ));
#7296 = CARTESIAN_POINT('',(-0.173174553083,2.240999936884,
    1.464123259385));
#7297 = CARTESIAN_POINT('',(-0.173174553083,2.23999993717,1.464123259385
    ));
#7298 = CARTESIAN_POINT('',(-0.179069980303,2.240999936884,
    1.457011315436));
#7299 = CARTESIAN_POINT('',(-0.179069980303,2.23999993717,1.457011315436
    ));
#7300 = CARTESIAN_POINT('',(-0.179069980303,2.240999936884,
    1.442787427541));
#7301 = CARTESIAN_POINT('',(-0.179069980303,2.23999993717,1.442787427541
    ));
#7302 = ADVANCED_FACE('',(#7303),#7314,.F.);
#7303 = FACE_BOUND('',#7304,.T.);
#7304 = EDGE_LOOP('',(#7305,#7306,#7312,#7313));
#7305 = ORIENTED_EDGE('',*,*,#928,.T.);
#7306 = ORIENTED_EDGE('',*,*,#7307,.F.);
#7307 = EDGE_CURVE('',#7059,#920,#7308,.T.);
#7308 = LINE('',#7309,#7310);
#7309 = CARTESIAN_POINT('',(-0.153242394386,2.240999936884,
    1.439169070093));
#7310 = VECTOR('',#7311,1.);
#7311 = DIRECTION('',(-0.,-1.,-0.));
#7312 = ORIENTED_EDGE('',*,*,#7058,.F.);
#7313 = ORIENTED_EDGE('',*,*,#7287,.T.);
#7314 = PLANE('',#7315);
#7315 = AXIS2_PLACEMENT_3D('',#7316,#7317,#7318);
#7316 = CARTESIAN_POINT('',(-0.153242394386,2.240999936884,
    1.439169070093));
#7317 = DIRECTION('',(-0.138741688482,0.,-0.990328603988));
#7318 = DIRECTION('',(-0.990328603988,0.,0.138741688482));
#7319 = ADVANCED_FACE('',(#7320),#7331,.F.);
#7320 = FACE_BOUND('',#7321,.F.);
#7321 = EDGE_LOOP('',(#7322,#7323,#7324,#7330));
#7322 = ORIENTED_EDGE('',*,*,#7307,.F.);
#7323 = ORIENTED_EDGE('',*,*,#7066,.T.);
#7324 = ORIENTED_EDGE('',*,*,#7325,.T.);
#7325 = EDGE_CURVE('',#7067,#911,#7326,.T.);
#7326 = LINE('',#7327,#7328);
#7327 = CARTESIAN_POINT('',(-0.124326727545,2.240999936884,
    1.410721294301));
#7328 = VECTOR('',#7329,1.);
#7329 = DIRECTION('',(-0.,-1.,-0.));
#7330 = ORIENTED_EDGE('',*,*,#919,.F.);
#7331 = B_SPLINE_SURFACE_WITH_KNOTS('',3,1,(
    (#7332,#7333)
    ,(#7334,#7335)
    ,(#7336,#7337)
    ,(#7338,#7339
    )),.UNSPECIFIED.,.F.,.F.,.F.,(4,4),(2,2),(9.,10.),(0.,1.),
  .PIECEWISE_BEZIER_KNOTS.);
#7332 = CARTESIAN_POINT('',(-0.153242394386,2.240999936884,
    1.439169070093));
#7333 = CARTESIAN_POINT('',(-0.153242394386,2.23999993717,1.439169070093
    ));
#7334 = CARTESIAN_POINT('',(-0.133965283159,2.240999936884,
    1.436486494744));
#7335 = CARTESIAN_POINT('',(-0.133965283159,2.23999993717,1.436486494744
    ));
#7336 = CARTESIAN_POINT('',(-0.124326727545,2.240999936884,
    1.427003902813));
#7337 = CARTESIAN_POINT('',(-0.124326727545,2.23999993717,1.427003902813
    ));
#7338 = CARTESIAN_POINT('',(-0.124326727545,2.240999936884,
    1.410721294301));
#7339 = CARTESIAN_POINT('',(-0.124326727545,2.23999993717,1.410721294301
    ));
#7340 = ADVANCED_FACE('',(#7341),#7352,.F.);
#7341 = FACE_BOUND('',#7342,.F.);
#7342 = EDGE_LOOP('',(#7343,#7344,#7345,#7351));
#7343 = ORIENTED_EDGE('',*,*,#7325,.F.);
#7344 = ORIENTED_EDGE('',*,*,#7075,.T.);
#7345 = ORIENTED_EDGE('',*,*,#7346,.T.);
#7346 = EDGE_CURVE('',#7076,#902,#7347,.T.);
#7347 = LINE('',#7348,#7349);
#7348 = CARTESIAN_POINT('',(-0.131812984332,2.240999936884,
    1.392192808751));
#7349 = VECTOR('',#7350,1.);
#7350 = DIRECTION('',(-0.,-1.,-0.));
#7351 = ORIENTED_EDGE('',*,*,#910,.F.);
#7352 = B_SPLINE_SURFACE_WITH_KNOTS('',3,1,(
    (#7353,#7354)
    ,(#7355,#7356)
    ,(#7357,#7358)
    ,(#7359,#7360
    )),.UNSPECIFIED.,.F.,.F.,.F.,(4,4),(2,2),(8.,9.),(0.,1.),
  .PIECEWISE_BEZIER_KNOTS.);
#7353 = CARTESIAN_POINT('',(-0.124326727545,2.240999936884,
    1.410721294301));
#7354 = CARTESIAN_POINT('',(-0.124326727545,2.23999993717,1.410721294301
    ));
#7355 = CARTESIAN_POINT('',(-0.124326727545,2.240999936884,
    1.402923110147));
#7356 = CARTESIAN_POINT('',(-0.124326727545,2.23999993717,1.402923110147
    ));
#7357 = CARTESIAN_POINT('',(-0.126822146474,2.240999936884,
    1.396746948297));
#7358 = CARTESIAN_POINT('',(-0.126822146474,2.23999993717,1.396746948297
    ));
#7359 = CARTESIAN_POINT('',(-0.131812984332,2.240999936884,
    1.392192808751));
#7360 = CARTESIAN_POINT('',(-0.131812984332,2.23999993717,1.392192808751
    ));
#7361 = ADVANCED_FACE('',(#7362),#7373,.F.);
#7362 = FACE_BOUND('',#7363,.F.);
#7363 = EDGE_LOOP('',(#7364,#7365,#7366,#7372));
#7364 = ORIENTED_EDGE('',*,*,#7346,.F.);
#7365 = ORIENTED_EDGE('',*,*,#7084,.T.);
#7366 = ORIENTED_EDGE('',*,*,#7367,.T.);
#7367 = EDGE_CURVE('',#7085,#893,#7368,.T.);
#7368 = LINE('',#7369,#7370);
#7369 = CARTESIAN_POINT('',(-0.151963492185,2.240999936884,
    1.385330406696));
#7370 = VECTOR('',#7371,1.);
#7371 = DIRECTION('',(-0.,-1.,-0.));
#7372 = ORIENTED_EDGE('',*,*,#901,.F.);
#7373 = B_SPLINE_SURFACE_WITH_KNOTS('',3,1,(
    (#7374,#7375)
    ,(#7376,#7377)
    ,(#7378,#7379)
    ,(#7380,#7381
    )),.UNSPECIFIED.,.F.,.F.,.F.,(4,4),(2,2),(7.,8.),(0.,1.),
  .PIECEWISE_BEZIER_KNOTS.);
#7374 = CARTESIAN_POINT('',(-0.131812984332,2.240999936884,
    1.392192808751));
#7375 = CARTESIAN_POINT('',(-0.131812984332,2.23999993717,1.392192808751
    ));
#7376 = CARTESIAN_POINT('',(-0.13680382219,2.240999936884,1.387638669206
    ));
#7377 = CARTESIAN_POINT('',(-0.13680382219,2.23999993717,1.387638669206)
  );
#7378 = CARTESIAN_POINT('',(-0.143510260563,2.240999936884,
    1.385330406696));
#7379 = CARTESIAN_POINT('',(-0.143510260563,2.23999993717,1.385330406696
    ));
#7380 = CARTESIAN_POINT('',(-0.151963492185,2.240999936884,
    1.385330406696));
#7381 = CARTESIAN_POINT('',(-0.151963492185,2.23999993717,1.385330406696
    ));
#7382 = ADVANCED_FACE('',(#7383),#7394,.F.);
#7383 = FACE_BOUND('',#7384,.F.);
#7384 = EDGE_LOOP('',(#7385,#7386,#7387,#7393));
#7385 = ORIENTED_EDGE('',*,*,#7367,.F.);
#7386 = ORIENTED_EDGE('',*,*,#7093,.T.);
#7387 = ORIENTED_EDGE('',*,*,#7388,.T.);
#7388 = EDGE_CURVE('',#7094,#885,#7389,.T.);
#7389 = LINE('',#7390,#7391);
#7390 = CARTESIAN_POINT('',(-0.178664474727,2.240999936884,1.40086438953
    ));
#7391 = VECTOR('',#7392,1.);
#7392 = DIRECTION('',(-0.,-1.,-0.));
#7393 = ORIENTED_EDGE('',*,*,#892,.F.);
#7394 = B_SPLINE_SURFACE_WITH_KNOTS('',3,1,(
    (#7395,#7396)
    ,(#7397,#7398)
    ,(#7399,#7400)
    ,(#7401,#7402
    )),.UNSPECIFIED.,.F.,.F.,.F.,(4,4),(2,2),(6.,7.),(0.,1.),
  .PIECEWISE_BEZIER_KNOTS.);
#7395 = CARTESIAN_POINT('',(-0.151963492185,2.240999936884,
    1.385330406696));
#7396 = CARTESIAN_POINT('',(-0.151963492185,2.23999993717,1.385330406696
    ));
#7397 = CARTESIAN_POINT('',(-0.163723153889,2.240999936884,
    1.385330406696));
#7398 = CARTESIAN_POINT('',(-0.163723153889,2.23999993717,1.385330406696
    ));
#7399 = CARTESIAN_POINT('',(-0.172644276561,2.240999936884,
    1.390508400974));
#7400 = CARTESIAN_POINT('',(-0.172644276561,2.23999993717,1.390508400974
    ));
#7401 = CARTESIAN_POINT('',(-0.178664474727,2.240999936884,1.40086438953
    ));
#7402 = CARTESIAN_POINT('',(-0.178664474727,2.23999993717,1.40086438953)
  );
#7403 = ADVANCED_FACE('',(#7404),#7415,.F.);
#7404 = FACE_BOUND('',#7405,.T.);
#7405 = EDGE_LOOP('',(#7406,#7407,#7413,#7414));
#7406 = ORIENTED_EDGE('',*,*,#884,.T.);
#7407 = ORIENTED_EDGE('',*,*,#7408,.F.);
#7408 = EDGE_CURVE('',#7103,#877,#7409,.T.);
#7409 = LINE('',#7410,#7411);
#7410 = CARTESIAN_POINT('',(-0.179069980303,2.240999936884,1.40086438953
    ));
#7411 = VECTOR('',#7412,1.);
#7412 = DIRECTION('',(-0.,-1.,-0.));
#7413 = ORIENTED_EDGE('',*,*,#7102,.F.);
#7414 = ORIENTED_EDGE('',*,*,#7388,.T.);
#7415 = PLANE('',#7416);
#7416 = AXIS2_PLACEMENT_3D('',#7417,#7418,#7419);
#7417 = CARTESIAN_POINT('',(-0.179069980303,2.240999936884,1.40086438953
    ));
#7418 = DIRECTION('',(0.,0.,1.));
#7419 = DIRECTION('',(1.,0.,0.));
#7420 = ADVANCED_FACE('',(#7421),#7432,.F.);
#7421 = FACE_BOUND('',#7422,.T.);
#7422 = EDGE_LOOP('',(#7423,#7424,#7430,#7431));
#7423 = ORIENTED_EDGE('',*,*,#876,.T.);
#7424 = ORIENTED_EDGE('',*,*,#7425,.F.);
#7425 = EDGE_CURVE('',#7111,#869,#7426,.T.);
#7426 = LINE('',#7427,#7428);
#7427 = CARTESIAN_POINT('',(-0.179069980303,2.240999936884,
    1.387389127313));
#7428 = VECTOR('',#7429,1.);
#7429 = DIRECTION('',(-0.,-1.,-0.));
#7430 = ORIENTED_EDGE('',*,*,#7110,.F.);
#7431 = ORIENTED_EDGE('',*,*,#7408,.T.);
#7432 = PLANE('',#7433);
#7433 = AXIS2_PLACEMENT_3D('',#7434,#7435,#7436);
#7434 = CARTESIAN_POINT('',(-0.179069980303,2.240999936884,
    1.387389127313));
#7435 = DIRECTION('',(-1.,0.,0.));
#7436 = DIRECTION('',(0.,0.,1.));
#7437 = ADVANCED_FACE('',(#7438),#7449,.F.);
#7438 = FACE_BOUND('',#7439,.T.);
#7439 = EDGE_LOOP('',(#7440,#7441,#7447,#7448));
#7440 = ORIENTED_EDGE('',*,*,#868,.T.);
#7441 = ORIENTED_EDGE('',*,*,#7442,.F.);
#7442 = EDGE_CURVE('',#7119,#861,#7443,.T.);
#7443 = LINE('',#7444,#7445);
#7444 = CARTESIAN_POINT('',(-0.194354421244,2.240999936884,
    1.387389127313));
#7445 = VECTOR('',#7446,1.);
#7446 = DIRECTION('',(-0.,-1.,-0.));
#7447 = ORIENTED_EDGE('',*,*,#7118,.F.);
#7448 = ORIENTED_EDGE('',*,*,#7425,.T.);
#7449 = PLANE('',#7450);
#7450 = AXIS2_PLACEMENT_3D('',#7451,#7452,#7453);
#7451 = CARTESIAN_POINT('',(-0.194354421244,2.240999936884,
    1.387389127313));
#7452 = DIRECTION('',(0.,0.,1.));
#7453 = DIRECTION('',(1.,0.,0.));
#7454 = ADVANCED_FACE('',(#7455),#7466,.F.);
#7455 = FACE_BOUND('',#7456,.T.);
#7456 = EDGE_LOOP('',(#7457,#7458,#7464,#7465));
#7457 = ORIENTED_EDGE('',*,*,#860,.T.);
#7458 = ORIENTED_EDGE('',*,*,#7459,.F.);
#7459 = EDGE_CURVE('',#7127,#852,#7460,.T.);
#7460 = LINE('',#7461,#7462);
#7461 = CARTESIAN_POINT('',(-0.194354421244,2.240999936884,
    1.443473667745));
#7462 = VECTOR('',#7463,1.);
#7463 = DIRECTION('',(-0.,-1.,-0.));
#7464 = ORIENTED_EDGE('',*,*,#7126,.F.);
#7465 = ORIENTED_EDGE('',*,*,#7442,.T.);
#7466 = PLANE('',#7467);
#7467 = AXIS2_PLACEMENT_3D('',#7468,#7469,#7470);
#7468 = CARTESIAN_POINT('',(-0.194354421244,2.240999936884,
    1.443473667745));
#7469 = DIRECTION('',(1.,0.,-1.933156862332E-15));
#7470 = DIRECTION('',(-1.933156862332E-15,0.,-1.));
#7471 = ADVANCED_FACE('',(#7472),#7478,.F.);
#7472 = FACE_BOUND('',#7473,.F.);
#7473 = EDGE_LOOP('',(#7474,#7475,#7476,#7477));
#7474 = ORIENTED_EDGE('',*,*,#7459,.F.);
#7475 = ORIENTED_EDGE('',*,*,#7134,.T.);
#7476 = ORIENTED_EDGE('',*,*,#7221,.T.);
#7477 = ORIENTED_EDGE('',*,*,#851,.F.);
#7478 = B_SPLINE_SURFACE_WITH_KNOTS('',3,1,(
    (#7479,#7480)
    ,(#7481,#7482)
    ,(#7483,#7484)
    ,(#7485,#7486
    )),.UNSPECIFIED.,.F.,.F.,.F.,(4,4),(2,2),(1.,2.),(0.,1.),
  .PIECEWISE_BEZIER_KNOTS.);
#7479 = CARTESIAN_POINT('',(-0.194354421244,2.240999936884,
    1.443473667745));
#7480 = CARTESIAN_POINT('',(-0.194354421244,2.239999936912,
    1.443473667745));
#7481 = CARTESIAN_POINT('',(-0.194354421244,2.240999936884,
    1.465558125269));
#7482 = CARTESIAN_POINT('',(-0.194354421244,2.239999936912,
    1.465558125269));
#7483 = CARTESIAN_POINT('',(-0.183842469005,2.240999936884,
    1.476537968557));
#7484 = CARTESIAN_POINT('',(-0.183842469005,2.239999936912,
    1.476537968557));
#7485 = CARTESIAN_POINT('',(-0.162849757264,2.240999936884,
    1.476537968557));
#7486 = CARTESIAN_POINT('',(-0.162849757264,2.239999936912,
    1.476537968557));
#7487 = ADVANCED_FACE('',(#7488),#7514,.T.);
#7488 = FACE_BOUND('',#7489,.T.);
#7489 = EDGE_LOOP('',(#7490,#7501,#7507,#7508));
#7490 = ORIENTED_EDGE('',*,*,#7491,.F.);
#7491 = EDGE_CURVE('',#7492,#7494,#7496,.T.);
#7492 = VERTEX_POINT('',#7493);
#7493 = CARTESIAN_POINT('',(-0.158669930557,2.23999993717,1.428376383224
    ));
#7494 = VERTEX_POINT('',#7495);
#7495 = CARTESIAN_POINT('',(-0.143884573402,2.239999936912,
    1.423011232526));
#7496 = B_SPLINE_CURVE_WITH_KNOTS('',3,(#7497,#7498,#7499,#7500),
  .UNSPECIFIED.,.F.,.F.,(4,4),(0.,1.),.PIECEWISE_BEZIER_KNOTS.);
#7497 = CARTESIAN_POINT('',(-0.158669930557,2.23999993717,1.428376383224
    ));
#7498 = CARTESIAN_POINT('',(-0.151526793873,2.239999936912,
    1.427378215652));
#7499 = CARTESIAN_POINT('',(-0.146598341487,2.239999936912,
    1.425631422402));
#7500 = CARTESIAN_POINT('',(-0.143884573402,2.239999936912,
    1.423011232526));
#7501 = ORIENTED_EDGE('',*,*,#7502,.F.);
#7502 = EDGE_CURVE('',#7155,#7492,#7503,.T.);
#7503 = LINE('',#7504,#7505);
#7504 = CARTESIAN_POINT('',(-0.158669930557,2.240999936884,
    1.428376383224));
#7505 = VECTOR('',#7506,1.);
#7506 = DIRECTION('',(-0.,-1.,-0.));
#7507 = ORIENTED_EDGE('',*,*,#7154,.T.);
#7508 = ORIENTED_EDGE('',*,*,#7509,.T.);
#7509 = EDGE_CURVE('',#7144,#7494,#7510,.T.);
#7510 = LINE('',#7511,#7512);
#7511 = CARTESIAN_POINT('',(-0.143884573402,2.240999936884,
    1.423011232526));
#7512 = VECTOR('',#7513,1.);
#7513 = DIRECTION('',(-0.,-1.,-0.));
#7514 = B_SPLINE_SURFACE_WITH_KNOTS('',3,1,(
    (#7515,#7516)
    ,(#7517,#7518)
    ,(#7519,#7520)
    ,(#7521,#7522
    )),.UNSPECIFIED.,.F.,.F.,.F.,(4,4),(2,2),(0.,1.),(0.,1.),
  .PIECEWISE_BEZIER_KNOTS.);
#7515 = CARTESIAN_POINT('',(-0.158669930557,2.240999936884,
    1.428376383224));
#7516 = CARTESIAN_POINT('',(-0.158669930557,2.239999936912,
    1.428376383224));
#7517 = CARTESIAN_POINT('',(-0.151526793873,2.240999936884,
    1.427378215652));
#7518 = CARTESIAN_POINT('',(-0.151526793873,2.239999936912,
    1.427378215652));
#7519 = CARTESIAN_POINT('',(-0.146598341487,2.240999936884,
    1.425631422402));
#7520 = CARTESIAN_POINT('',(-0.146598341487,2.239999936912,
    1.425631422402));
#7521 = CARTESIAN_POINT('',(-0.143884573402,2.240999936884,
    1.423011232526));
#7522 = CARTESIAN_POINT('',(-0.143884573402,2.239999936912,
    1.423011232526));
#7523 = ADVANCED_FACE('',(#7524),#7543,.T.);
#7524 = FACE_BOUND('',#7525,.T.);
#7525 = EDGE_LOOP('',(#7526,#7535,#7536,#7537));
#7526 = ORIENTED_EDGE('',*,*,#7527,.F.);
#7527 = EDGE_CURVE('',#7494,#7528,#7530,.T.);
#7528 = VERTEX_POINT('',#7529);
#7529 = CARTESIAN_POINT('',(-0.139829517642,2.239999936912,
    1.411969003765));
#7530 = B_SPLINE_CURVE_WITH_KNOTS('',3,(#7531,#7532,#7533,#7534),
  .UNSPECIFIED.,.F.,.F.,(4,4),(1.,2.),.PIECEWISE_BEZIER_KNOTS.);
#7531 = CARTESIAN_POINT('',(-0.143884573402,2.239999936912,
    1.423011232526));
#7532 = CARTESIAN_POINT('',(-0.141201998053,2.239999936912,
    1.420391042651));
#7533 = CARTESIAN_POINT('',(-0.139829517642,2.239999936912,
    1.416710299731));
#7534 = CARTESIAN_POINT('',(-0.139829517642,2.239999936912,
    1.411969003765));
#7535 = ORIENTED_EDGE('',*,*,#7509,.F.);
#7536 = ORIENTED_EDGE('',*,*,#7143,.T.);
#7537 = ORIENTED_EDGE('',*,*,#7538,.T.);
#7538 = EDGE_CURVE('',#7146,#7528,#7539,.T.);
#7539 = LINE('',#7540,#7541);
#7540 = CARTESIAN_POINT('',(-0.139829517642,2.240999936884,
    1.411969003765));
#7541 = VECTOR('',#7542,1.);
#7542 = DIRECTION('',(-0.,-1.,-0.));
#7543 = B_SPLINE_SURFACE_WITH_KNOTS('',3,1,(
    (#7544,#7545)
    ,(#7546,#7547)
    ,(#7548,#7549)
    ,(#7550,#7551
    )),.UNSPECIFIED.,.F.,.F.,.F.,(4,4),(2,2),(1.,2.),(0.,1.),
  .PIECEWISE_BEZIER_KNOTS.);
#7544 = CARTESIAN_POINT('',(-0.143884573402,2.240999936884,
    1.423011232526));
#7545 = CARTESIAN_POINT('',(-0.143884573402,2.239999936912,
    1.423011232526));
#7546 = CARTESIAN_POINT('',(-0.141201998053,2.240999936884,
    1.420391042651));
#7547 = CARTESIAN_POINT('',(-0.141201998053,2.239999936912,
    1.420391042651));
#7548 = CARTESIAN_POINT('',(-0.139829517642,2.240999936884,
    1.416710299731));
#7549 = CARTESIAN_POINT('',(-0.139829517642,2.239999936912,
    1.416710299731));
#7550 = CARTESIAN_POINT('',(-0.139829517642,2.240999936884,
    1.411969003765));
#7551 = CARTESIAN_POINT('',(-0.139829517642,2.239999936912,
    1.411969003765));
#7552 = ADVANCED_FACE('',(#7553),#7572,.T.);
#7553 = FACE_BOUND('',#7554,.T.);
#7554 = EDGE_LOOP('',(#7555,#7564,#7565,#7566));
#7555 = ORIENTED_EDGE('',*,*,#7556,.F.);
#7556 = EDGE_CURVE('',#7528,#7557,#7559,.T.);
#7557 = VERTEX_POINT('',#7558);
#7558 = CARTESIAN_POINT('',(-0.144258886241,2.239999936912,
    1.401800171628));
#7559 = B_SPLINE_CURVE_WITH_KNOTS('',3,(#7560,#7561,#7562,#7563),
  .UNSPECIFIED.,.F.,.F.,(4,4),(2.,3.),.PIECEWISE_BEZIER_KNOTS.);
#7560 = CARTESIAN_POINT('',(-0.139829517642,2.239999936912,
    1.411969003765));
#7561 = CARTESIAN_POINT('',(-0.139829517642,2.239999936912,
    1.407789177059));
#7562 = CARTESIAN_POINT('',(-0.141295576263,2.239999936912,
    1.404420361504));
#7563 = CARTESIAN_POINT('',(-0.144258886241,2.239999936912,
    1.401800171628));
#7564 = ORIENTED_EDGE('',*,*,#7538,.F.);
#7565 = ORIENTED_EDGE('',*,*,#7206,.T.);
#7566 = ORIENTED_EDGE('',*,*,#7567,.T.);
#7567 = EDGE_CURVE('',#7198,#7557,#7568,.T.);
#7568 = LINE('',#7569,#7570);
#7569 = CARTESIAN_POINT('',(-0.144258886241,2.240999936884,
    1.401800171628));
#7570 = VECTOR('',#7571,1.);
#7571 = DIRECTION('',(-0.,-1.,-0.));
#7572 = B_SPLINE_SURFACE_WITH_KNOTS('',3,1,(
    (#7573,#7574)
    ,(#7575,#7576)
    ,(#7577,#7578)
    ,(#7579,#7580
    )),.UNSPECIFIED.,.F.,.F.,.F.,(4,4),(2,2),(2.,3.),(0.,1.),
  .PIECEWISE_BEZIER_KNOTS.);
#7573 = CARTESIAN_POINT('',(-0.139829517642,2.240999936884,
    1.411969003765));
#7574 = CARTESIAN_POINT('',(-0.139829517642,2.239999936912,
    1.411969003765));
#7575 = CARTESIAN_POINT('',(-0.139829517642,2.240999936884,
    1.407789177059));
#7576 = CARTESIAN_POINT('',(-0.139829517642,2.239999936912,
    1.407789177059));
#7577 = CARTESIAN_POINT('',(-0.141295576263,2.240999936884,
    1.404420361504));
#7578 = CARTESIAN_POINT('',(-0.141295576263,2.239999936912,
    1.404420361504));
#7579 = CARTESIAN_POINT('',(-0.144258886241,2.240999936884,
    1.401800171628));
#7580 = CARTESIAN_POINT('',(-0.144258886241,2.239999936912,
    1.401800171628));
#7581 = ADVANCED_FACE('',(#7582),#7601,.T.);
#7582 = FACE_BOUND('',#7583,.T.);
#7583 = EDGE_LOOP('',(#7584,#7593,#7594,#7595));
#7584 = ORIENTED_EDGE('',*,*,#7585,.F.);
#7585 = EDGE_CURVE('',#7557,#7586,#7588,.T.);
#7586 = VERTEX_POINT('',#7587);
#7587 = CARTESIAN_POINT('',(-0.155924969735,2.239999936912,
    1.397869886815));
#7588 = B_SPLINE_CURVE_WITH_KNOTS('',3,(#7589,#7590,#7591,#7592),
  .UNSPECIFIED.,.F.,.F.,(4,4),(3.,4.),.PIECEWISE_BEZIER_KNOTS.);
#7589 = CARTESIAN_POINT('',(-0.144258886241,2.239999936912,
    1.401800171628));
#7590 = CARTESIAN_POINT('',(-0.147191003483,2.239999936912,
    1.399179981753));
#7591 = CARTESIAN_POINT('',(-0.15109009556,2.239999936912,1.397869886815
    ));
#7592 = CARTESIAN_POINT('',(-0.155924969735,2.239999936912,
    1.397869886815));
#7593 = ORIENTED_EDGE('',*,*,#7567,.F.);
#7594 = ORIENTED_EDGE('',*,*,#7197,.T.);
#7595 = ORIENTED_EDGE('',*,*,#7596,.T.);
#7596 = EDGE_CURVE('',#7189,#7586,#7597,.T.);
#7597 = LINE('',#7598,#7599);
#7598 = CARTESIAN_POINT('',(-0.155924969735,2.240999936884,
    1.397869886815));
#7599 = VECTOR('',#7600,1.);
#7600 = DIRECTION('',(-0.,-1.,-0.));
#7601 = B_SPLINE_SURFACE_WITH_KNOTS('',3,1,(
    (#7602,#7603)
    ,(#7604,#7605)
    ,(#7606,#7607)
    ,(#7608,#7609
    )),.UNSPECIFIED.,.F.,.F.,.F.,(4,4),(2,2),(3.,4.),(0.,1.),
  .PIECEWISE_BEZIER_KNOTS.);
#7602 = CARTESIAN_POINT('',(-0.144258886241,2.240999936884,
    1.401800171628));
#7603 = CARTESIAN_POINT('',(-0.144258886241,2.239999936912,
    1.401800171628));
#7604 = CARTESIAN_POINT('',(-0.147191003483,2.240999936884,
    1.399179981753));
#7605 = CARTESIAN_POINT('',(-0.147191003483,2.239999936912,
    1.399179981753));
#7606 = CARTESIAN_POINT('',(-0.15109009556,2.240999936884,1.397869886815
    ));
#7607 = CARTESIAN_POINT('',(-0.15109009556,2.239999936912,1.397869886815
    ));
#7608 = CARTESIAN_POINT('',(-0.155924969735,2.240999936884,
    1.397869886815));
#7609 = CARTESIAN_POINT('',(-0.155924969735,2.239999936912,
    1.397869886815));
#7610 = ADVANCED_FACE('',(#7611),#7630,.T.);
#7611 = FACE_BOUND('',#7612,.T.);
#7612 = EDGE_LOOP('',(#7613,#7622,#7623,#7624));
#7613 = ORIENTED_EDGE('',*,*,#7614,.F.);
#7614 = EDGE_CURVE('',#7586,#7615,#7617,.T.);
#7615 = VERTEX_POINT('',#7616);
#7616 = CARTESIAN_POINT('',(-0.172519505614,2.239999936912,
    1.404981830763));
#7617 = B_SPLINE_CURVE_WITH_KNOTS('',3,(#7618,#7619,#7620,#7621),
  .UNSPECIFIED.,.F.,.F.,(4,4),(4.,5.),.PIECEWISE_BEZIER_KNOTS.);
#7618 = CARTESIAN_POINT('',(-0.155924969735,2.239999936912,
    1.397869886815));
#7619 = CARTESIAN_POINT('',(-0.162631408107,2.239999936912,
    1.397869886815));
#7620 = CARTESIAN_POINT('',(-0.168183715225,2.239999936912,
    1.400240534798));
#7621 = CARTESIAN_POINT('',(-0.172519505614,2.239999936912,
    1.404981830763));
#7622 = ORIENTED_EDGE('',*,*,#7596,.F.);
#7623 = ORIENTED_EDGE('',*,*,#7188,.T.);
#7624 = ORIENTED_EDGE('',*,*,#7625,.T.);
#7625 = EDGE_CURVE('',#7180,#7615,#7626,.T.);
#7626 = LINE('',#7627,#7628);
#7627 = CARTESIAN_POINT('',(-0.172519505614,2.240999936884,
    1.404981830763));
#7628 = VECTOR('',#7629,1.);
#7629 = DIRECTION('',(-0.,-1.,-0.));
#7630 = B_SPLINE_SURFACE_WITH_KNOTS('',3,1,(
    (#7631,#7632)
    ,(#7633,#7634)
    ,(#7635,#7636)
    ,(#7637,#7638
    )),.UNSPECIFIED.,.F.,.F.,.F.,(4,4),(2,2),(4.,5.),(0.,1.),
  .PIECEWISE_BEZIER_KNOTS.);
#7631 = CARTESIAN_POINT('',(-0.155924969735,2.240999936884,
    1.397869886815));
#7632 = CARTESIAN_POINT('',(-0.155924969735,2.239999936912,
    1.397869886815));
#7633 = CARTESIAN_POINT('',(-0.162631408107,2.240999936884,
    1.397869886815));
#7634 = CARTESIAN_POINT('',(-0.162631408107,2.239999936912,
    1.397869886815));
#7635 = CARTESIAN_POINT('',(-0.168183715225,2.240999936884,
    1.400240534798));
#7636 = CARTESIAN_POINT('',(-0.168183715225,2.239999936912,
    1.400240534798));
#7637 = CARTESIAN_POINT('',(-0.172519505614,2.240999936884,
    1.404981830763));
#7638 = CARTESIAN_POINT('',(-0.172519505614,2.239999936912,
    1.404981830763));
#7639 = ADVANCED_FACE('',(#7640),#7659,.T.);
#7640 = FACE_BOUND('',#7641,.T.);
#7641 = EDGE_LOOP('',(#7642,#7651,#7652,#7653));
#7642 = ORIENTED_EDGE('',*,*,#7643,.F.);
#7643 = EDGE_CURVE('',#7615,#7644,#7646,.T.);
#7644 = VERTEX_POINT('',#7645);
#7645 = CARTESIAN_POINT('',(-0.179069980303,2.239999936912,
    1.422761690634));
#7646 = B_SPLINE_CURVE_WITH_KNOTS('',3,(#7647,#7648,#7649,#7650),
  .UNSPECIFIED.,.F.,.F.,(4,4),(5.,6.),.PIECEWISE_BEZIER_KNOTS.);
#7647 = CARTESIAN_POINT('',(-0.172519505614,2.239999936912,
    1.404981830763));
#7648 = CARTESIAN_POINT('',(-0.17688648874,2.239999936912,1.409660741255
    ));
#7649 = CARTESIAN_POINT('',(-0.179069980303,2.239999936912,
    1.415587361212));
#7650 = CARTESIAN_POINT('',(-0.179069980303,2.239999936912,
    1.422761690634));
#7651 = ORIENTED_EDGE('',*,*,#7625,.F.);
#7652 = ORIENTED_EDGE('',*,*,#7179,.T.);
#7653 = ORIENTED_EDGE('',*,*,#7654,.T.);
#7654 = EDGE_CURVE('',#7172,#7644,#7655,.T.);
#7655 = LINE('',#7656,#7657);
#7656 = CARTESIAN_POINT('',(-0.179069980303,2.240999936884,
    1.422761690634));
#7657 = VECTOR('',#7658,1.);
#7658 = DIRECTION('',(-0.,-1.,-0.));
#7659 = B_SPLINE_SURFACE_WITH_KNOTS('',3,1,(
    (#7660,#7661)
    ,(#7662,#7663)
    ,(#7664,#7665)
    ,(#7666,#7667
    )),.UNSPECIFIED.,.F.,.F.,.F.,(4,4),(2,2),(5.,6.),(0.,1.),
  .PIECEWISE_BEZIER_KNOTS.);
#7660 = CARTESIAN_POINT('',(-0.172519505614,2.240999936884,
    1.404981830763));
#7661 = CARTESIAN_POINT('',(-0.172519505614,2.239999936912,
    1.404981830763));
#7662 = CARTESIAN_POINT('',(-0.17688648874,2.240999936884,1.409660741255
    ));
#7663 = CARTESIAN_POINT('',(-0.17688648874,2.239999936912,1.409660741255
    ));
#7664 = CARTESIAN_POINT('',(-0.179069980303,2.240999936884,
    1.415587361212));
#7665 = CARTESIAN_POINT('',(-0.179069980303,2.239999936912,
    1.415587361212));
#7666 = CARTESIAN_POINT('',(-0.179069980303,2.240999936884,
    1.422761690634));
#7667 = CARTESIAN_POINT('',(-0.179069980303,2.239999936912,
    1.422761690634));
#7668 = ADVANCED_FACE('',(#7669),#7687,.T.);
#7669 = FACE_BOUND('',#7670,.T.);
#7670 = EDGE_LOOP('',(#7671,#7679,#7680,#7681));
#7671 = ORIENTED_EDGE('',*,*,#7672,.F.);
#7672 = EDGE_CURVE('',#7644,#7673,#7675,.T.);
#7673 = VERTEX_POINT('',#7674);
#7674 = CARTESIAN_POINT('',(-0.179069980303,2.239999936912,
    1.431121344047));
#7675 = LINE('',#7676,#7677);
#7676 = CARTESIAN_POINT('',(-0.179069980303,2.239999936912,
    1.422761690634));
#7677 = VECTOR('',#7678,1.);
#7678 = DIRECTION('',(0.,0.,1.));
#7679 = ORIENTED_EDGE('',*,*,#7654,.F.);
#7680 = ORIENTED_EDGE('',*,*,#7171,.T.);
#7681 = ORIENTED_EDGE('',*,*,#7682,.T.);
#7682 = EDGE_CURVE('',#7164,#7673,#7683,.T.);
#7683 = LINE('',#7684,#7685);
#7684 = CARTESIAN_POINT('',(-0.179069980303,2.240999936884,
    1.431121344047));
#7685 = VECTOR('',#7686,1.);
#7686 = DIRECTION('',(-0.,-1.,-0.));
#7687 = PLANE('',#7688);
#7688 = AXIS2_PLACEMENT_3D('',#7689,#7690,#7691);
#7689 = CARTESIAN_POINT('',(-0.179069980303,2.240999936884,
    1.422761690634));
#7690 = DIRECTION('',(1.,0.,0.));
#7691 = DIRECTION('',(0.,0.,-1.));
#7692 = ADVANCED_FACE('',(#7693),#7704,.T.);
#7693 = FACE_BOUND('',#7694,.T.);
#7694 = EDGE_LOOP('',(#7695,#7701,#7702,#7703));
#7695 = ORIENTED_EDGE('',*,*,#7696,.F.);
#7696 = EDGE_CURVE('',#7673,#7492,#7697,.T.);
#7697 = LINE('',#7698,#7699);
#7698 = CARTESIAN_POINT('',(-0.179069980303,2.239999936912,
    1.431121344047));
#7699 = VECTOR('',#7700,1.);
#7700 = DIRECTION('',(0.9910683663,0.,-0.133354764894));
#7701 = ORIENTED_EDGE('',*,*,#7682,.F.);
#7702 = ORIENTED_EDGE('',*,*,#7163,.T.);
#7703 = ORIENTED_EDGE('',*,*,#7502,.T.);
#7704 = PLANE('',#7705);
#7705 = AXIS2_PLACEMENT_3D('',#7706,#7707,#7708);
#7706 = CARTESIAN_POINT('',(-0.179069980303,2.240999936884,
    1.431121344047));
#7707 = DIRECTION('',(-0.133354764894,0.,-0.9910683663));
#7708 = DIRECTION('',(-0.9910683663,0.,0.133354764894));
#7709 = ADVANCED_FACE('',(#7710),#7720,.F.);
#7710 = FACE_BOUND('',#7711,.T.);
#7711 = EDGE_LOOP('',(#7712,#7713,#7714,#7715,#7716,#7717,#7718,#7719));
#7712 = ORIENTED_EDGE('',*,*,#7696,.T.);
#7713 = ORIENTED_EDGE('',*,*,#7491,.T.);
#7714 = ORIENTED_EDGE('',*,*,#7527,.T.);
#7715 = ORIENTED_EDGE('',*,*,#7556,.T.);
#7716 = ORIENTED_EDGE('',*,*,#7585,.T.);
#7717 = ORIENTED_EDGE('',*,*,#7614,.T.);
#7718 = ORIENTED_EDGE('',*,*,#7643,.T.);
#7719 = ORIENTED_EDGE('',*,*,#7672,.T.);
#7720 = PLANE('',#7721);
#7721 = AXIS2_PLACEMENT_3D('',#7722,#7723,#7724);
#7722 = CARTESIAN_POINT('',(2.23999993717,2.23999993717,
    9.536742906491E-08));
#7723 = DIRECTION('',(0.,-1.,0.));
#7724 = DIRECTION('',(0.,0.,-1.));
#7725 = ADVANCED_FACE('',(#7726),#7752,.F.);
#7726 = FACE_BOUND('',#7727,.F.);
#7727 = EDGE_LOOP('',(#7728,#7736,#7745,#7751));
#7728 = ORIENTED_EDGE('',*,*,#7729,.F.);
#7729 = EDGE_CURVE('',#7730,#1529,#7732,.T.);
#7730 = VERTEX_POINT('',#7731);
#7731 = CARTESIAN_POINT('',(-0.240207744068,2.240999936884,
    1.397807501342));
#7732 = LINE('',#7733,#7734);
#7733 = CARTESIAN_POINT('',(-0.240207744068,2.240999936884,
    1.397807501342));
#7734 = VECTOR('',#7735,1.);
#7735 = DIRECTION('',(-0.,-1.,-0.));
#7736 = ORIENTED_EDGE('',*,*,#7737,.T.);
#7737 = EDGE_CURVE('',#7730,#7738,#7740,.T.);
#7738 = VERTEX_POINT('',#7739);
#7739 = CARTESIAN_POINT('',(-0.215066398357,2.240999936884,
    1.406229540227));
#7740 = B_SPLINE_CURVE_WITH_KNOTS('',3,(#7741,#7742,#7743,#7744),
  .UNSPECIFIED.,.F.,.F.,(4,4),(0.,1.),.PIECEWISE_BEZIER_KNOTS.);
#7741 = CARTESIAN_POINT('',(-0.240207744068,2.240999936884,
    1.397807501342));
#7742 = CARTESIAN_POINT('',(-0.231224235923,2.240999936884,
    1.397807501342));
#7743 = CARTESIAN_POINT('',(-0.22286458251,2.240999936884,1.400614847637
    ));
#7744 = CARTESIAN_POINT('',(-0.215066398357,2.240999936884,
    1.406229540227));
#7745 = ORIENTED_EDGE('',*,*,#7746,.T.);
#7746 = EDGE_CURVE('',#7738,#1531,#7747,.T.);
#7747 = LINE('',#7748,#7749);
#7748 = CARTESIAN_POINT('',(-0.215066398357,2.240999936884,
    1.406229540227));
#7749 = VECTOR('',#7750,1.);
#7750 = DIRECTION('',(-0.,-1.,-0.));
#7751 = ORIENTED_EDGE('',*,*,#1528,.F.);
#7752 = B_SPLINE_SURFACE_WITH_KNOTS('',3,1,(
    (#7753,#7754)
    ,(#7755,#7756)
    ,(#7757,#7758)
    ,(#7759,#7760
    )),.UNSPECIFIED.,.F.,.F.,.F.,(4,4),(2,2),(0.,1.),(0.,1.),
  .PIECEWISE_BEZIER_KNOTS.);
#7753 = CARTESIAN_POINT('',(-0.240207744068,2.240999936884,
    1.397807501342));
#7754 = CARTESIAN_POINT('',(-0.240207744068,2.239999936912,
    1.397807501342));
#7755 = CARTESIAN_POINT('',(-0.231224235923,2.240999936884,
    1.397807501342));
#7756 = CARTESIAN_POINT('',(-0.231224235923,2.239999936912,
    1.397807501342));
#7757 = CARTESIAN_POINT('',(-0.22286458251,2.240999936884,1.400614847637
    ));
#7758 = CARTESIAN_POINT('',(-0.22286458251,2.239999936912,1.400614847637
    ));
#7759 = CARTESIAN_POINT('',(-0.215066398357,2.240999936884,
    1.406229540227));
#7760 = CARTESIAN_POINT('',(-0.215066398357,2.239999936912,
    1.406229540227));
#7761 = ADVANCED_FACE('',(#7762),#7780,.F.);
#7762 = FACE_BOUND('',#7763,.T.);
#7763 = EDGE_LOOP('',(#7764,#7765,#7773,#7779));
#7764 = ORIENTED_EDGE('',*,*,#1709,.T.);
#7765 = ORIENTED_EDGE('',*,*,#7766,.F.);
#7766 = EDGE_CURVE('',#7767,#1701,#7769,.T.);
#7767 = VERTEX_POINT('',#7768);
#7768 = CARTESIAN_POINT('',(-0.215066398357,2.240999936884,
    1.390446015501));
#7769 = LINE('',#7770,#7771);
#7770 = CARTESIAN_POINT('',(-0.215066398357,2.240999936884,
    1.390446015501));
#7771 = VECTOR('',#7772,1.);
#7772 = DIRECTION('',(-0.,-1.,-0.));
#7773 = ORIENTED_EDGE('',*,*,#7774,.F.);
#7774 = EDGE_CURVE('',#7738,#7767,#7775,.T.);
#7775 = LINE('',#7776,#7777);
#7776 = CARTESIAN_POINT('',(-0.215066398357,2.240999936884,
    1.390446015501));
#7777 = VECTOR('',#7778,1.);
#7778 = DIRECTION('',(-0.,-0.,-1.));
#7779 = ORIENTED_EDGE('',*,*,#7746,.T.);
#7780 = PLANE('',#7781);
#7781 = AXIS2_PLACEMENT_3D('',#7782,#7783,#7784);
#7782 = CARTESIAN_POINT('',(-0.215066398357,2.240999936884,
    1.390446015501));
#7783 = DIRECTION('',(-1.,0.,0.));
#7784 = DIRECTION('',(0.,0.,1.));
#7785 = ADVANCED_FACE('',(#7786),#7805,.F.);
#7786 = FACE_BOUND('',#7787,.F.);
#7787 = EDGE_LOOP('',(#7788,#7789,#7798,#7804));
#7788 = ORIENTED_EDGE('',*,*,#7766,.F.);
#7789 = ORIENTED_EDGE('',*,*,#7790,.T.);
#7790 = EDGE_CURVE('',#7767,#7791,#7793,.T.);
#7791 = VERTEX_POINT('',#7792);
#7792 = CARTESIAN_POINT('',(-0.23871049271,2.240999936884,1.385330406696
    ));
#7793 = B_SPLINE_CURVE_WITH_KNOTS('',3,(#7794,#7795,#7796,#7797),
  .UNSPECIFIED.,.F.,.F.,(4,4),(19.,20.),.PIECEWISE_BEZIER_KNOTS.);
#7794 = CARTESIAN_POINT('',(-0.215066398357,2.240999936884,
    1.390446015501));
#7795 = CARTESIAN_POINT('',(-0.221804029465,2.240999936884,
    1.387077199946));
#7796 = CARTESIAN_POINT('',(-0.229664599092,2.240999936884,
    1.385330406696));
#7797 = CARTESIAN_POINT('',(-0.23871049271,2.240999936884,1.385330406696
    ));
#7798 = ORIENTED_EDGE('',*,*,#7799,.T.);
#7799 = EDGE_CURVE('',#7791,#1692,#7800,.T.);
#7800 = LINE('',#7801,#7802);
#7801 = CARTESIAN_POINT('',(-0.23871049271,2.240999936884,1.385330406696
    ));
#7802 = VECTOR('',#7803,1.);
#7803 = DIRECTION('',(-0.,-1.,-0.));
#7804 = ORIENTED_EDGE('',*,*,#1700,.F.);
#7805 = B_SPLINE_SURFACE_WITH_KNOTS('',3,1,(
    (#7806,#7807)
    ,(#7808,#7809)
    ,(#7810,#7811)
    ,(#7812,#7813
    )),.UNSPECIFIED.,.F.,.F.,.F.,(4,4),(2,2),(19.,20.),(0.,1.),
  .PIECEWISE_BEZIER_KNOTS.);
#7806 = CARTESIAN_POINT('',(-0.215066398357,2.240999936884,
    1.390446015501));
#7807 = CARTESIAN_POINT('',(-0.215066398357,2.23999993717,1.390446015501
    ));
#7808 = CARTESIAN_POINT('',(-0.221804029465,2.240999936884,
    1.387077199946));
#7809 = CARTESIAN_POINT('',(-0.221804029465,2.23999993717,1.387077199946
    ));
#7810 = CARTESIAN_POINT('',(-0.229664599092,2.240999936884,
    1.385330406696));
#7811 = CARTESIAN_POINT('',(-0.229664599092,2.23999993717,1.385330406696
    ));
#7812 = CARTESIAN_POINT('',(-0.23871049271,2.240999936884,1.385330406696
    ));
#7813 = CARTESIAN_POINT('',(-0.23871049271,2.23999993717,1.385330406696)
  );
#7814 = ADVANCED_FACE('',(#7815),#7834,.F.);
#7815 = FACE_BOUND('',#7816,.F.);
#7816 = EDGE_LOOP('',(#7817,#7818,#7827,#7833));
#7817 = ORIENTED_EDGE('',*,*,#7799,.F.);
#7818 = ORIENTED_EDGE('',*,*,#7819,.T.);
#7819 = EDGE_CURVE('',#7791,#7820,#7822,.T.);
#7820 = VERTEX_POINT('',#7821);
#7821 = CARTESIAN_POINT('',(-0.264101380314,2.240999936884,
    1.392255194224));
#7822 = B_SPLINE_CURVE_WITH_KNOTS('',3,(#7823,#7824,#7825,#7826),
  .UNSPECIFIED.,.F.,.F.,(4,4),(18.,19.),.PIECEWISE_BEZIER_KNOTS.);
#7823 = CARTESIAN_POINT('',(-0.23871049271,2.240999936884,1.385330406696
    ));
#7824 = CARTESIAN_POINT('',(-0.249097674003,2.240999936884,
    1.385330406696));
#7825 = CARTESIAN_POINT('',(-0.257582098362,2.240999936884,
    1.387638669206));
#7826 = CARTESIAN_POINT('',(-0.264101380314,2.240999936884,
    1.392255194224));
#7827 = ORIENTED_EDGE('',*,*,#7828,.T.);
#7828 = EDGE_CURVE('',#7820,#1683,#7829,.T.);
#7829 = LINE('',#7830,#7831);
#7830 = CARTESIAN_POINT('',(-0.264101380314,2.240999936884,
    1.392255194224));
#7831 = VECTOR('',#7832,1.);
#7832 = DIRECTION('',(-0.,-1.,-0.));
#7833 = ORIENTED_EDGE('',*,*,#1691,.F.);
#7834 = B_SPLINE_SURFACE_WITH_KNOTS('',3,1,(
    (#7835,#7836)
    ,(#7837,#7838)
    ,(#7839,#7840)
    ,(#7841,#7842
    )),.UNSPECIFIED.,.F.,.F.,.F.,(4,4),(2,2),(18.,19.),(0.,1.),
  .PIECEWISE_BEZIER_KNOTS.);
#7835 = CARTESIAN_POINT('',(-0.23871049271,2.240999936884,1.385330406696
    ));
#7836 = CARTESIAN_POINT('',(-0.23871049271,2.23999993717,1.385330406696)
  );
#7837 = CARTESIAN_POINT('',(-0.249097674003,2.240999936884,
    1.385330406696));
#7838 = CARTESIAN_POINT('',(-0.249097674003,2.23999993717,1.385330406696
    ));
#7839 = CARTESIAN_POINT('',(-0.257582098362,2.240999936884,
    1.387638669206));
#7840 = CARTESIAN_POINT('',(-0.257582098362,2.23999993717,1.387638669206
    ));
#7841 = CARTESIAN_POINT('',(-0.264101380314,2.240999936884,
    1.392255194224));
#7842 = CARTESIAN_POINT('',(-0.264101380314,2.23999993717,1.392255194224
    ));
#7843 = ADVANCED_FACE('',(#7844),#7863,.F.);
#7844 = FACE_BOUND('',#7845,.F.);
#7845 = EDGE_LOOP('',(#7846,#7847,#7856,#7862));
#7846 = ORIENTED_EDGE('',*,*,#7828,.F.);
#7847 = ORIENTED_EDGE('',*,*,#7848,.T.);
#7848 = EDGE_CURVE('',#7820,#7849,#7851,.T.);
#7849 = VERTEX_POINT('',#7850);
#7850 = CARTESIAN_POINT('',(-0.273927092348,2.240999936884,1.41109560714
    ));
#7851 = B_SPLINE_CURVE_WITH_KNOTS('',3,(#7852,#7853,#7854,#7855),
  .UNSPECIFIED.,.F.,.F.,(4,4),(17.,18.),.PIECEWISE_BEZIER_KNOTS.);
#7852 = CARTESIAN_POINT('',(-0.264101380314,2.240999936884,
    1.392255194224));
#7853 = CARTESIAN_POINT('',(-0.270651855004,2.240999936884,
    1.396809333771));
#7854 = CARTESIAN_POINT('',(-0.273927092348,2.240999936884,
    1.403110266566));
#7855 = CARTESIAN_POINT('',(-0.273927092348,2.240999936884,1.41109560714
    ));
#7856 = ORIENTED_EDGE('',*,*,#7857,.T.);
#7857 = EDGE_CURVE('',#7849,#1674,#7858,.T.);
#7858 = LINE('',#7859,#7860);
#7859 = CARTESIAN_POINT('',(-0.273927092348,2.240999936884,1.41109560714
    ));
#7860 = VECTOR('',#7861,1.);
#7861 = DIRECTION('',(-0.,-1.,-0.));
#7862 = ORIENTED_EDGE('',*,*,#1682,.F.);
#7863 = B_SPLINE_SURFACE_WITH_KNOTS('',3,1,(
    (#7864,#7865)
    ,(#7866,#7867)
    ,(#7868,#7869)
    ,(#7870,#7871
    )),.UNSPECIFIED.,.F.,.F.,.F.,(4,4),(2,2),(17.,18.),(0.,1.),
  .PIECEWISE_BEZIER_KNOTS.);
#7864 = CARTESIAN_POINT('',(-0.264101380314,2.240999936884,
    1.392255194224));
#7865 = CARTESIAN_POINT('',(-0.264101380314,2.23999993717,1.392255194224
    ));
#7866 = CARTESIAN_POINT('',(-0.270651855004,2.240999936884,
    1.396809333771));
#7867 = CARTESIAN_POINT('',(-0.270651855004,2.23999993717,1.396809333771
    ));
#7868 = CARTESIAN_POINT('',(-0.273927092348,2.240999936884,
    1.403110266566));
#7869 = CARTESIAN_POINT('',(-0.273927092348,2.23999993717,1.403110266566
    ));
#7870 = CARTESIAN_POINT('',(-0.273927092348,2.240999936884,1.41109560714
    ));
#7871 = CARTESIAN_POINT('',(-0.273927092348,2.23999993717,1.41109560714)
  );
#7872 = ADVANCED_FACE('',(#7873),#7892,.F.);
#7873 = FACE_BOUND('',#7874,.F.);
#7874 = EDGE_LOOP('',(#7875,#7876,#7885,#7891));
#7875 = ORIENTED_EDGE('',*,*,#7857,.F.);
#7876 = ORIENTED_EDGE('',*,*,#7877,.T.);
#7877 = EDGE_CURVE('',#7849,#7878,#7880,.T.);
#7878 = VERTEX_POINT('',#7879);
#7879 = CARTESIAN_POINT('',(-0.268811483543,2.240999936884,
    1.425506651456));
#7880 = B_SPLINE_CURVE_WITH_KNOTS('',3,(#7881,#7882,#7883,#7884),
  .UNSPECIFIED.,.F.,.F.,(4,4),(16.,17.),.PIECEWISE_BEZIER_KNOTS.);
#7881 = CARTESIAN_POINT('',(-0.273927092348,2.240999936884,1.41109560714
    ));
#7882 = CARTESIAN_POINT('',(-0.273927092348,2.240999936884,
    1.416835070677));
#7883 = CARTESIAN_POINT('',(-0.272211491834,2.240999936884,
    1.421638752116));
#7884 = CARTESIAN_POINT('',(-0.268811483543,2.240999936884,
    1.425506651456));
#7885 = ORIENTED_EDGE('',*,*,#7886,.T.);
#7886 = EDGE_CURVE('',#7878,#1665,#7887,.T.);
#7887 = LINE('',#7888,#7889);
#7888 = CARTESIAN_POINT('',(-0.268811483543,2.240999936884,
    1.425506651456));
#7889 = VECTOR('',#7890,1.);
#7890 = DIRECTION('',(-0.,-1.,-0.));
#7891 = ORIENTED_EDGE('',*,*,#1673,.F.);
#7892 = B_SPLINE_SURFACE_WITH_KNOTS('',3,1,(
    (#7893,#7894)
    ,(#7895,#7896)
    ,(#7897,#7898)
    ,(#7899,#7900
    )),.UNSPECIFIED.,.F.,.F.,.F.,(4,4),(2,2),(16.,17.),(0.,1.),
  .PIECEWISE_BEZIER_KNOTS.);
#7893 = CARTESIAN_POINT('',(-0.273927092348,2.240999936884,1.41109560714
    ));
#7894 = CARTESIAN_POINT('',(-0.273927092348,2.23999993717,1.41109560714)
  );
#7895 = CARTESIAN_POINT('',(-0.273927092348,2.240999936884,
    1.416835070677));
#7896 = CARTESIAN_POINT('',(-0.273927092348,2.23999993717,1.416835070677
    ));
#7897 = CARTESIAN_POINT('',(-0.272211491834,2.240999936884,
    1.421638752116));
#7898 = CARTESIAN_POINT('',(-0.272211491834,2.23999993717,1.421638752116
    ));
#7899 = CARTESIAN_POINT('',(-0.268811483543,2.240999936884,
    1.425506651456));
#7900 = CARTESIAN_POINT('',(-0.268811483543,2.23999993717,1.425506651456
    ));
#7901 = ADVANCED_FACE('',(#7902),#7921,.F.);
#7902 = FACE_BOUND('',#7903,.F.);
#7903 = EDGE_LOOP('',(#7904,#7905,#7914,#7920));
#7904 = ORIENTED_EDGE('',*,*,#7886,.F.);
#7905 = ORIENTED_EDGE('',*,*,#7906,.T.);
#7906 = EDGE_CURVE('',#7878,#7907,#7909,.T.);
#7907 = VERTEX_POINT('',#7908);
#7908 = CARTESIAN_POINT('',(-0.249097674003,2.240999936884,1.43679842211
    ));
#7909 = B_SPLINE_CURVE_WITH_KNOTS('',3,(#7910,#7911,#7912,#7913),
  .UNSPECIFIED.,.F.,.F.,(4,4),(15.,16.),.PIECEWISE_BEZIER_KNOTS.);
#7910 = CARTESIAN_POINT('',(-0.268811483543,2.240999936884,
    1.425506651456));
#7911 = CARTESIAN_POINT('',(-0.265380282516,2.240999936884,
    1.429374550796));
#7912 = CARTESIAN_POINT('',(-0.258829807827,2.240999936884,
    1.433180064663));
#7913 = CARTESIAN_POINT('',(-0.249097674003,2.240999936884,1.43679842211
    ));
#7914 = ORIENTED_EDGE('',*,*,#7915,.T.);
#7915 = EDGE_CURVE('',#7907,#1656,#7916,.T.);
#7916 = LINE('',#7917,#7918);
#7917 = CARTESIAN_POINT('',(-0.249097674003,2.240999936884,1.43679842211
    ));
#7918 = VECTOR('',#7919,1.);
#7919 = DIRECTION('',(-0.,-1.,-0.));
#7920 = ORIENTED_EDGE('',*,*,#1664,.F.);
#7921 = B_SPLINE_SURFACE_WITH_KNOTS('',3,1,(
    (#7922,#7923)
    ,(#7924,#7925)
    ,(#7926,#7927)
    ,(#7928,#7929
    )),.UNSPECIFIED.,.F.,.F.,.F.,(4,4),(2,2),(15.,16.),(0.,1.),
  .PIECEWISE_BEZIER_KNOTS.);
#7922 = CARTESIAN_POINT('',(-0.268811483543,2.240999936884,
    1.425506651456));
#7923 = CARTESIAN_POINT('',(-0.268811483543,2.23999993717,1.425506651456
    ));
#7924 = CARTESIAN_POINT('',(-0.265380282516,2.240999936884,
    1.429374550796));
#7925 = CARTESIAN_POINT('',(-0.265380282516,2.23999993717,1.429374550796
    ));
#7926 = CARTESIAN_POINT('',(-0.258829807827,2.240999936884,
    1.433180064663));
#7927 = CARTESIAN_POINT('',(-0.258829807827,2.23999993717,1.433180064663
    ));
#7928 = CARTESIAN_POINT('',(-0.249097674003,2.240999936884,1.43679842211
    ));
#7929 = CARTESIAN_POINT('',(-0.249097674003,2.23999993717,1.43679842211)
  );
#7930 = ADVANCED_FACE('',(#7931),#7950,.F.);
#7931 = FACE_BOUND('',#7932,.F.);
#7932 = EDGE_LOOP('',(#7933,#7934,#7943,#7949));
#7933 = ORIENTED_EDGE('',*,*,#7915,.F.);
#7934 = ORIENTED_EDGE('',*,*,#7935,.T.);
#7935 = EDGE_CURVE('',#7907,#7936,#7938,.T.);
#7936 = VERTEX_POINT('',#7937);
#7937 = CARTESIAN_POINT('',(-0.234249931374,2.240999936884,
    1.444284678898));
#7938 = B_SPLINE_CURVE_WITH_KNOTS('',3,(#7939,#7940,#7941,#7942),
  .UNSPECIFIED.,.F.,.F.,(4,4),(14.,15.),.PIECEWISE_BEZIER_KNOTS.);
#7939 = CARTESIAN_POINT('',(-0.249097674003,2.240999936884,1.43679842211
    ));
#7940 = CARTESIAN_POINT('',(-0.241424260796,2.240999936884,
    1.439792924825));
#7941 = CARTESIAN_POINT('',(-0.236495808411,2.240999936884,
    1.442288343754));
#7942 = CARTESIAN_POINT('',(-0.234249931374,2.240999936884,
    1.444284678898));
#7943 = ORIENTED_EDGE('',*,*,#7944,.T.);
#7944 = EDGE_CURVE('',#7936,#1647,#7945,.T.);
#7945 = LINE('',#7946,#7947);
#7946 = CARTESIAN_POINT('',(-0.234249931374,2.240999936884,
    1.444284678898));
#7947 = VECTOR('',#7948,1.);
#7948 = DIRECTION('',(-0.,-1.,-0.));
#7949 = ORIENTED_EDGE('',*,*,#1655,.F.);
#7950 = B_SPLINE_SURFACE_WITH_KNOTS('',3,1,(
    (#7951,#7952)
    ,(#7953,#7954)
    ,(#7955,#7956)
    ,(#7957,#7958
    )),.UNSPECIFIED.,.F.,.F.,.F.,(4,4),(2,2),(14.,15.),(0.,1.),
  .PIECEWISE_BEZIER_KNOTS.);
#7951 = CARTESIAN_POINT('',(-0.249097674003,2.240999936884,1.43679842211
    ));
#7952 = CARTESIAN_POINT('',(-0.249097674003,2.23999993717,1.43679842211)
  );
#7953 = CARTESIAN_POINT('',(-0.241424260796,2.240999936884,
    1.439792924825));
#7954 = CARTESIAN_POINT('',(-0.241424260796,2.23999993717,1.439792924825
    ));
#7955 = CARTESIAN_POINT('',(-0.236495808411,2.240999936884,
    1.442288343754));
#7956 = CARTESIAN_POINT('',(-0.236495808411,2.23999993717,1.442288343754
    ));
#7957 = CARTESIAN_POINT('',(-0.234249931374,2.240999936884,
    1.444284678898));
#7958 = CARTESIAN_POINT('',(-0.234249931374,2.23999993717,1.444284678898
    ));
#7959 = ADVANCED_FACE('',(#7960),#7979,.F.);
#7960 = FACE_BOUND('',#7961,.F.);
#7961 = EDGE_LOOP('',(#7962,#7963,#7972,#7978));
#7962 = ORIENTED_EDGE('',*,*,#7944,.F.);
#7963 = ORIENTED_EDGE('',*,*,#7964,.T.);
#7964 = EDGE_CURVE('',#7936,#7965,#7967,.T.);
#7965 = VERTEX_POINT('',#7966);
#7966 = CARTESIAN_POINT('',(-0.230912308557,2.240999936884,
    1.452394790418));
#7967 = B_SPLINE_CURVE_WITH_KNOTS('',3,(#7968,#7969,#7970,#7971),
  .UNSPECIFIED.,.F.,.F.,(4,4),(13.,14.),.PIECEWISE_BEZIER_KNOTS.);
#7968 = CARTESIAN_POINT('',(-0.234249931374,2.240999936884,
    1.444284678898));
#7969 = CARTESIAN_POINT('',(-0.232035247075,2.240999936884,
    1.446218628568));
#7970 = CARTESIAN_POINT('',(-0.230912308557,2.240999936884,
    1.448901203917));
#7971 = CARTESIAN_POINT('',(-0.230912308557,2.240999936884,
    1.452394790418));
#7972 = ORIENTED_EDGE('',*,*,#7973,.T.);
#7973 = EDGE_CURVE('',#7965,#1638,#7974,.T.);
#7974 = LINE('',#7975,#7976);
#7975 = CARTESIAN_POINT('',(-0.230912308557,2.240999936884,
    1.452394790418));
#7976 = VECTOR('',#7977,1.);
#7977 = DIRECTION('',(-0.,-1.,-0.));
#7978 = ORIENTED_EDGE('',*,*,#1646,.F.);
#7979 = B_SPLINE_SURFACE_WITH_KNOTS('',3,1,(
    (#7980,#7981)
    ,(#7982,#7983)
    ,(#7984,#7985)
    ,(#7986,#7987
    )),.UNSPECIFIED.,.F.,.F.,.F.,(4,4),(2,2),(13.,14.),(0.,1.),
  .PIECEWISE_BEZIER_KNOTS.);
#7980 = CARTESIAN_POINT('',(-0.234249931374,2.240999936884,
    1.444284678898));
#7981 = CARTESIAN_POINT('',(-0.234249931374,2.23999993717,1.444284678898
    ));
#7982 = CARTESIAN_POINT('',(-0.232035247075,2.240999936884,
    1.446218628568));
#7983 = CARTESIAN_POINT('',(-0.232035247075,2.23999993717,1.446218628568
    ));
#7984 = CARTESIAN_POINT('',(-0.230912308557,2.240999936884,
    1.448901203917));
#7985 = CARTESIAN_POINT('',(-0.230912308557,2.23999993717,1.448901203917
    ));
#7986 = CARTESIAN_POINT('',(-0.230912308557,2.240999936884,
    1.452394790418));
#7987 = CARTESIAN_POINT('',(-0.230912308557,2.23999993717,1.452394790418
    ));
#7988 = ADVANCED_FACE('',(#7989),#8008,.F.);
#7989 = FACE_BOUND('',#7990,.F.);
#7990 = EDGE_LOOP('',(#7991,#7992,#8001,#8007));
#7991 = ORIENTED_EDGE('',*,*,#7973,.F.);
#7992 = ORIENTED_EDGE('',*,*,#7993,.T.);
#7993 = EDGE_CURVE('',#7965,#7994,#7996,.T.);
#7994 = VERTEX_POINT('',#7995);
#7995 = CARTESIAN_POINT('',(-0.235560026312,2.240999936884,
    1.460879214776));
#7996 = B_SPLINE_CURVE_WITH_KNOTS('',3,(#7997,#7998,#7999,#8000),
  .UNSPECIFIED.,.F.,.F.,(4,4),(12.,13.),.PIECEWISE_BEZIER_KNOTS.);
#7997 = CARTESIAN_POINT('',(-0.230912308557,2.240999936884,
    1.452394790418));
#7998 = CARTESIAN_POINT('',(-0.230912308557,2.240999936884,
    1.455888376918));
#7999 = CARTESIAN_POINT('',(-0.232471945388,2.240999936884,
    1.458758108686));
#8000 = CARTESIAN_POINT('',(-0.235560026312,2.240999936884,
    1.460879214776));
#8001 = ORIENTED_EDGE('',*,*,#8002,.T.);
#8002 = EDGE_CURVE('',#7994,#1629,#8003,.T.);
#8003 = LINE('',#8004,#8005);
#8004 = CARTESIAN_POINT('',(-0.235560026312,2.240999936884,
    1.460879214776));
#8005 = VECTOR('',#8006,1.);
#8006 = DIRECTION('',(-0.,-1.,-0.));
#8007 = ORIENTED_EDGE('',*,*,#1637,.F.);
#8008 = B_SPLINE_SURFACE_WITH_KNOTS('',3,1,(
    (#8009,#8010)
    ,(#8011,#8012)
    ,(#8013,#8014)
    ,(#8015,#8016
    )),.UNSPECIFIED.,.F.,.F.,.F.,(4,4),(2,2),(12.,13.),(0.,1.),
  .PIECEWISE_BEZIER_KNOTS.);
#8009 = CARTESIAN_POINT('',(-0.230912308557,2.240999936884,
    1.452394790418));
#8010 = CARTESIAN_POINT('',(-0.230912308557,2.23999993717,1.452394790418
    ));
#8011 = CARTESIAN_POINT('',(-0.230912308557,2.240999936884,
    1.455888376918));
#8012 = CARTESIAN_POINT('',(-0.230912308557,2.23999993717,1.455888376918
    ));
#8013 = CARTESIAN_POINT('',(-0.232471945388,2.240999936884,
    1.458758108686));
#8014 = CARTESIAN_POINT('',(-0.232471945388,2.23999993717,1.458758108686
    ));
#8015 = CARTESIAN_POINT('',(-0.235560026312,2.240999936884,
    1.460879214776));
#8016 = CARTESIAN_POINT('',(-0.235560026312,2.23999993717,1.460879214776
    ));
#8017 = ADVANCED_FACE('',(#8018),#8037,.F.);
#8018 = FACE_BOUND('',#8019,.F.);
#8019 = EDGE_LOOP('',(#8020,#8021,#8030,#8036));
#8020 = ORIENTED_EDGE('',*,*,#8002,.F.);
#8021 = ORIENTED_EDGE('',*,*,#8022,.T.);
#8022 = EDGE_CURVE('',#7994,#8023,#8025,.T.);
#8023 = VERTEX_POINT('',#8024);
#8024 = CARTESIAN_POINT('',(-0.247600422645,2.240999936884,
    1.464123259385));
#8025 = B_SPLINE_CURVE_WITH_KNOTS('',3,(#8026,#8027,#8028,#8029),
  .UNSPECIFIED.,.F.,.F.,(4,4),(11.,12.),.PIECEWISE_BEZIER_KNOTS.);
#8026 = CARTESIAN_POINT('',(-0.235560026312,2.240999936884,
    1.460879214776));
#8027 = CARTESIAN_POINT('',(-0.238648107237,2.240999936884,
    1.463062706339));
#8028 = CARTESIAN_POINT('',(-0.242671970261,2.240999936884,
    1.464123259385));
#8029 = CARTESIAN_POINT('',(-0.247600422645,2.240999936884,
    1.464123259385));
#8030 = ORIENTED_EDGE('',*,*,#8031,.T.);
#8031 = EDGE_CURVE('',#8023,#1620,#8032,.T.);
#8032 = LINE('',#8033,#8034);
#8033 = CARTESIAN_POINT('',(-0.247600422645,2.240999936884,
    1.464123259385));
#8034 = VECTOR('',#8035,1.);
#8035 = DIRECTION('',(-0.,-1.,-0.));
#8036 = ORIENTED_EDGE('',*,*,#1628,.F.);
#8037 = B_SPLINE_SURFACE_WITH_KNOTS('',3,1,(
    (#8038,#8039)
    ,(#8040,#8041)
    ,(#8042,#8043)
    ,(#8044,#8045
    )),.UNSPECIFIED.,.F.,.F.,.F.,(4,4),(2,2),(11.,12.),(0.,1.),
  .PIECEWISE_BEZIER_KNOTS.);
#8038 = CARTESIAN_POINT('',(-0.235560026312,2.240999936884,
    1.460879214776));
#8039 = CARTESIAN_POINT('',(-0.235560026312,2.23999993717,1.460879214776
    ));
#8040 = CARTESIAN_POINT('',(-0.238648107237,2.240999936884,
    1.463062706339));
#8041 = CARTESIAN_POINT('',(-0.238648107237,2.23999993717,1.463062706339
    ));
#8042 = CARTESIAN_POINT('',(-0.242671970261,2.240999936884,
    1.464123259385));
#8043 = CARTESIAN_POINT('',(-0.242671970261,2.23999993717,1.464123259385
    ));
#8044 = CARTESIAN_POINT('',(-0.247600422645,2.240999936884,
    1.464123259385));
#8045 = CARTESIAN_POINT('',(-0.247600422645,2.23999993717,1.464123259385
    ));
#8046 = ADVANCED_FACE('',(#8047),#8066,.F.);
#8047 = FACE_BOUND('',#8048,.F.);
#8048 = EDGE_LOOP('',(#8049,#8050,#8059,#8065));
#8049 = ORIENTED_EDGE('',*,*,#8031,.F.);
#8050 = ORIENTED_EDGE('',*,*,#8051,.T.);
#8051 = EDGE_CURVE('',#8023,#8052,#8054,.T.);
#8052 = VERTEX_POINT('',#8053);
#8053 = CARTESIAN_POINT('',(-0.269747265642,2.240999936884,
    1.457822326588));
#8054 = B_SPLINE_CURVE_WITH_KNOTS('',3,(#8055,#8056,#8057,#8058),
  .UNSPECIFIED.,.F.,.F.,(4,4),(10.,11.),.PIECEWISE_BEZIER_KNOTS.);
#8055 = CARTESIAN_POINT('',(-0.247600422645,2.240999936884,
    1.464123259385));
#8056 = CARTESIAN_POINT('',(-0.255866497848,2.240999936884,
    1.464123259385));
#8057 = CARTESIAN_POINT('',(-0.263227983689,2.240999936884,
    1.462002153295));
#8058 = CARTESIAN_POINT('',(-0.269747265642,2.240999936884,
    1.457822326588));
#8059 = ORIENTED_EDGE('',*,*,#8060,.T.);
#8060 = EDGE_CURVE('',#8052,#1612,#8061,.T.);
#8061 = LINE('',#8062,#8063);
#8062 = CARTESIAN_POINT('',(-0.269747265642,2.240999936884,
    1.457822326588));
#8063 = VECTOR('',#8064,1.);
#8064 = DIRECTION('',(-0.,-1.,-0.));
#8065 = ORIENTED_EDGE('',*,*,#1619,.F.);
#8066 = B_SPLINE_SURFACE_WITH_KNOTS('',3,1,(
    (#8067,#8068)
    ,(#8069,#8070)
    ,(#8071,#8072)
    ,(#8073,#8074
    )),.UNSPECIFIED.,.F.,.F.,.F.,(4,4),(2,2),(10.,11.),(0.,1.),
  .PIECEWISE_BEZIER_KNOTS.);
#8067 = CARTESIAN_POINT('',(-0.247600422645,2.240999936884,
    1.464123259385));
#8068 = CARTESIAN_POINT('',(-0.247600422645,2.23999993717,1.464123259385
    ));
#8069 = CARTESIAN_POINT('',(-0.255866497848,2.240999936884,
    1.464123259385));
#8070 = CARTESIAN_POINT('',(-0.255866497848,2.23999993717,1.464123259385
    ));
#8071 = CARTESIAN_POINT('',(-0.263227983689,2.240999936884,
    1.462002153295));
#8072 = CARTESIAN_POINT('',(-0.263227983689,2.23999993717,1.462002153295
    ));
#8073 = CARTESIAN_POINT('',(-0.269747265642,2.240999936884,
    1.457822326588));
#8074 = CARTESIAN_POINT('',(-0.269747265642,2.23999993717,1.457822326588
    ));
#8075 = ADVANCED_FACE('',(#8076),#8094,.F.);
#8076 = FACE_BOUND('',#8077,.T.);
#8077 = EDGE_LOOP('',(#8078,#8079,#8087,#8093));
#8078 = ORIENTED_EDGE('',*,*,#1611,.T.);
#8079 = ORIENTED_EDGE('',*,*,#8080,.F.);
#8080 = EDGE_CURVE('',#8081,#1603,#8083,.T.);
#8081 = VERTEX_POINT('',#8082);
#8082 = CARTESIAN_POINT('',(-0.269747265642,2.240999936884,
    1.472670069217));
#8083 = LINE('',#8084,#8085);
#8084 = CARTESIAN_POINT('',(-0.269747265642,2.240999936884,
    1.472670069217));
#8085 = VECTOR('',#8086,1.);
#8086 = DIRECTION('',(-0.,-1.,-0.));
#8087 = ORIENTED_EDGE('',*,*,#8088,.F.);
#8088 = EDGE_CURVE('',#8052,#8081,#8089,.T.);
#8089 = LINE('',#8090,#8091);
#8090 = CARTESIAN_POINT('',(-0.269747265642,2.240999936884,
    1.472670069217));
#8091 = VECTOR('',#8092,1.);
#8092 = DIRECTION('',(0.,0.,1.));
#8093 = ORIENTED_EDGE('',*,*,#8060,.T.);
#8094 = PLANE('',#8095);
#8095 = AXIS2_PLACEMENT_3D('',#8096,#8097,#8098);
#8096 = CARTESIAN_POINT('',(-0.269747265642,2.240999936884,
    1.472670069217));
#8097 = DIRECTION('',(1.,0.,0.));
#8098 = DIRECTION('',(0.,0.,-1.));
#8099 = ADVANCED_FACE('',(#8100),#8119,.F.);
#8100 = FACE_BOUND('',#8101,.F.);
#8101 = EDGE_LOOP('',(#8102,#8103,#8112,#8118));
#8102 = ORIENTED_EDGE('',*,*,#8080,.F.);
#8103 = ORIENTED_EDGE('',*,*,#8104,.T.);
#8104 = EDGE_CURVE('',#8081,#8105,#8107,.T.);
#8105 = VERTEX_POINT('',#8106);
#8106 = CARTESIAN_POINT('',(-0.249097674003,2.240999936884,
    1.476537968557));
#8107 = B_SPLINE_CURVE_WITH_KNOTS('',3,(#8108,#8109,#8110,#8111),
  .UNSPECIFIED.,.F.,.F.,(4,4),(8.,9.),.PIECEWISE_BEZIER_KNOTS.);
#8108 = CARTESIAN_POINT('',(-0.269747265642,2.240999936884,
    1.472670069217));
#8109 = CARTESIAN_POINT('',(-0.263383947372,2.240999936884,
    1.475290259092));
#8110 = CARTESIAN_POINT('',(-0.256521545317,2.240999936884,
    1.476537968557));
#8111 = CARTESIAN_POINT('',(-0.249097674003,2.240999936884,
    1.476537968557));
#8112 = ORIENTED_EDGE('',*,*,#8113,.T.);
#8113 = EDGE_CURVE('',#8105,#1594,#8114,.T.);
#8114 = LINE('',#8115,#8116);
#8115 = CARTESIAN_POINT('',(-0.249097674003,2.240999936884,
    1.476537968557));
#8116 = VECTOR('',#8117,1.);
#8117 = DIRECTION('',(-0.,-1.,-0.));
#8118 = ORIENTED_EDGE('',*,*,#1602,.F.);
#8119 = B_SPLINE_SURFACE_WITH_KNOTS('',3,1,(
    (#8120,#8121)
    ,(#8122,#8123)
    ,(#8124,#8125)
    ,(#8126,#8127
    )),.UNSPECIFIED.,.F.,.F.,.F.,(4,4),(2,2),(8.,9.),(0.,1.),
  .PIECEWISE_BEZIER_KNOTS.);
#8120 = CARTESIAN_POINT('',(-0.269747265642,2.240999936884,
    1.472670069217));
#8121 = CARTESIAN_POINT('',(-0.269747265642,2.23999993717,1.472670069217
    ));
#8122 = CARTESIAN_POINT('',(-0.263383947372,2.240999936884,
    1.475290259092));
#8123 = CARTESIAN_POINT('',(-0.263383947372,2.23999993717,1.475290259092
    ));
#8124 = CARTESIAN_POINT('',(-0.256521545317,2.240999936884,
    1.476537968557));
#8125 = CARTESIAN_POINT('',(-0.256521545317,2.23999993717,1.476537968557
    ));
#8126 = CARTESIAN_POINT('',(-0.249097674003,2.240999936884,
    1.476537968557));
#8127 = CARTESIAN_POINT('',(-0.249097674003,2.23999993717,1.476537968557
    ));
#8128 = ADVANCED_FACE('',(#8129),#8148,.F.);
#8129 = FACE_BOUND('',#8130,.F.);
#8130 = EDGE_LOOP('',(#8131,#8132,#8141,#8147));
#8131 = ORIENTED_EDGE('',*,*,#8113,.F.);
#8132 = ORIENTED_EDGE('',*,*,#8133,.T.);
#8133 = EDGE_CURVE('',#8105,#8134,#8136,.T.);
#8134 = VERTEX_POINT('',#8135);
#8135 = CARTESIAN_POINT('',(-0.224954495863,2.240999936884,
    1.469613181028));
#8136 = B_SPLINE_CURVE_WITH_KNOTS('',3,(#8137,#8138,#8139,#8140),
  .UNSPECIFIED.,.F.,.F.,(4,4),(7.,8.),.PIECEWISE_BEZIER_KNOTS.);
#8137 = CARTESIAN_POINT('',(-0.249097674003,2.240999936884,
    1.476537968557));
#8138 = CARTESIAN_POINT('',(-0.239552696599,2.240999936884,
    1.476537968557));
#8139 = CARTESIAN_POINT('',(-0.231504970552,2.240999936884,
    1.474229706048));
#8140 = CARTESIAN_POINT('',(-0.224954495863,2.240999936884,
    1.469613181028));
#8141 = ORIENTED_EDGE('',*,*,#8142,.T.);
#8142 = EDGE_CURVE('',#8134,#1585,#8143,.T.);
#8143 = LINE('',#8144,#8145);
#8144 = CARTESIAN_POINT('',(-0.224954495863,2.240999936884,
    1.469613181028));
#8145 = VECTOR('',#8146,1.);
#8146 = DIRECTION('',(-0.,-1.,-0.));
#8147 = ORIENTED_EDGE('',*,*,#1593,.F.);
#8148 = B_SPLINE_SURFACE_WITH_KNOTS('',3,1,(
    (#8149,#8150)
    ,(#8151,#8152)
    ,(#8153,#8154)
    ,(#8155,#8156
    )),.UNSPECIFIED.,.F.,.F.,.F.,(4,4),(2,2),(7.,8.),(0.,1.),
  .PIECEWISE_BEZIER_KNOTS.);
#8149 = CARTESIAN_POINT('',(-0.249097674003,2.240999936884,
    1.476537968557));
#8150 = CARTESIAN_POINT('',(-0.249097674003,2.23999993717,1.476537968557
    ));
#8151 = CARTESIAN_POINT('',(-0.239552696599,2.240999936884,
    1.476537968557));
#8152 = CARTESIAN_POINT('',(-0.239552696599,2.23999993717,1.476537968557
    ));
#8153 = CARTESIAN_POINT('',(-0.231504970552,2.240999936884,
    1.474229706048));
#8154 = CARTESIAN_POINT('',(-0.231504970552,2.23999993717,1.474229706048
    ));
#8155 = CARTESIAN_POINT('',(-0.224954495863,2.240999936884,
    1.469613181028));
#8156 = CARTESIAN_POINT('',(-0.224954495863,2.23999993717,1.469613181028
    ));
#8157 = ADVANCED_FACE('',(#8158),#8177,.F.);
#8158 = FACE_BOUND('',#8159,.F.);
#8159 = EDGE_LOOP('',(#8160,#8161,#8170,#8176));
#8160 = ORIENTED_EDGE('',*,*,#8142,.F.);
#8161 = ORIENTED_EDGE('',*,*,#8162,.T.);
#8162 = EDGE_CURVE('',#8134,#8163,#8165,.T.);
#8163 = VERTEX_POINT('',#8164);
#8164 = CARTESIAN_POINT('',(-0.215159976566,2.240999936884,
    1.451022310007));
#8165 = B_SPLINE_CURVE_WITH_KNOTS('',3,(#8166,#8167,#8168,#8169),
  .UNSPECIFIED.,.F.,.F.,(4,4),(6.,7.),.PIECEWISE_BEZIER_KNOTS.);
#8166 = CARTESIAN_POINT('',(-0.224954495863,2.240999936884,
    1.469613181028));
#8167 = CARTESIAN_POINT('',(-0.218435213911,2.240999936884,
    1.464934270537));
#8168 = CARTESIAN_POINT('',(-0.215159976566,2.240999936884,
    1.458758108686));
#8169 = CARTESIAN_POINT('',(-0.215159976566,2.240999936884,
    1.451022310007));
#8170 = ORIENTED_EDGE('',*,*,#8171,.T.);
#8171 = EDGE_CURVE('',#8163,#1576,#8172,.T.);
#8172 = LINE('',#8173,#8174);
#8173 = CARTESIAN_POINT('',(-0.215159976566,2.240999936884,
    1.451022310007));
#8174 = VECTOR('',#8175,1.);
#8175 = DIRECTION('',(-0.,-1.,-0.));
#8176 = ORIENTED_EDGE('',*,*,#1584,.F.);
#8177 = B_SPLINE_SURFACE_WITH_KNOTS('',3,1,(
    (#8178,#8179)
    ,(#8180,#8181)
    ,(#8182,#8183)
    ,(#8184,#8185
    )),.UNSPECIFIED.,.F.,.F.,.F.,(4,4),(2,2),(6.,7.),(0.,1.),
  .PIECEWISE_BEZIER_KNOTS.);
#8178 = CARTESIAN_POINT('',(-0.224954495863,2.240999936884,
    1.469613181028));
#8179 = CARTESIAN_POINT('',(-0.224954495863,2.23999993717,1.469613181028
    ));
#8180 = CARTESIAN_POINT('',(-0.218435213911,2.240999936884,
    1.464934270537));
#8181 = CARTESIAN_POINT('',(-0.218435213911,2.23999993717,1.464934270537
    ));
#8182 = CARTESIAN_POINT('',(-0.215159976566,2.240999936884,
    1.458758108686));
#8183 = CARTESIAN_POINT('',(-0.215159976566,2.23999993717,1.458758108686
    ));
#8184 = CARTESIAN_POINT('',(-0.215159976566,2.240999936884,
    1.451022310007));
#8185 = CARTESIAN_POINT('',(-0.215159976566,2.23999993717,1.451022310007
    ));
#8186 = ADVANCED_FACE('',(#8187),#8206,.F.);
#8187 = FACE_BOUND('',#8188,.F.);
#8188 = EDGE_LOOP('',(#8189,#8190,#8199,#8205));
#8189 = ORIENTED_EDGE('',*,*,#8171,.F.);
#8190 = ORIENTED_EDGE('',*,*,#8191,.T.);
#8191 = EDGE_CURVE('',#8163,#8192,#8194,.T.);
#8192 = VERTEX_POINT('',#8193);
#8193 = CARTESIAN_POINT('',(-0.219495766956,2.240999936884,
    1.437235120423));
#8194 = B_SPLINE_CURVE_WITH_KNOTS('',3,(#8195,#8196,#8197,#8198),
  .UNSPECIFIED.,.F.,.F.,(4,4),(5.,6.),.PIECEWISE_BEZIER_KNOTS.);
#8195 = CARTESIAN_POINT('',(-0.215159976566,2.240999936884,
    1.451022310007));
#8196 = CARTESIAN_POINT('',(-0.215159976566,2.240999936884,
    1.445657159308));
#8197 = CARTESIAN_POINT('',(-0.216594842451,2.240999936884,1.44104063429
    ));
#8198 = CARTESIAN_POINT('',(-0.219495766956,2.240999936884,
    1.437235120423));
#8199 = ORIENTED_EDGE('',*,*,#8200,.T.);
#8200 = EDGE_CURVE('',#8192,#1567,#8201,.T.);
#8201 = LINE('',#8202,#8203);
#8202 = CARTESIAN_POINT('',(-0.219495766956,2.240999936884,
    1.437235120423));
#8203 = VECTOR('',#8204,1.);
#8204 = DIRECTION('',(-0.,-1.,-0.));
#8205 = ORIENTED_EDGE('',*,*,#1575,.F.);
#8206 = B_SPLINE_SURFACE_WITH_KNOTS('',3,1,(
    (#8207,#8208)
    ,(#8209,#8210)
    ,(#8211,#8212)
    ,(#8213,#8214
    )),.UNSPECIFIED.,.F.,.F.,.F.,(4,4),(2,2),(5.,6.),(0.,1.),
  .PIECEWISE_BEZIER_KNOTS.);
#8207 = CARTESIAN_POINT('',(-0.215159976566,2.240999936884,
    1.451022310007));
#8208 = CARTESIAN_POINT('',(-0.215159976566,2.23999993717,1.451022310007
    ));
#8209 = CARTESIAN_POINT('',(-0.215159976566,2.240999936884,
    1.445657159308));
#8210 = CARTESIAN_POINT('',(-0.215159976566,2.23999993717,1.445657159308
    ));
#8211 = CARTESIAN_POINT('',(-0.216594842451,2.240999936884,1.44104063429
    ));
#8212 = CARTESIAN_POINT('',(-0.216594842451,2.23999993717,1.44104063429)
  );
#8213 = CARTESIAN_POINT('',(-0.219495766956,2.240999936884,
    1.437235120423));
#8214 = CARTESIAN_POINT('',(-0.219495766956,2.23999993717,1.437235120423
    ));
#8215 = ADVANCED_FACE('',(#8216),#8235,.F.);
#8216 = FACE_BOUND('',#8217,.F.);
#8217 = EDGE_LOOP('',(#8218,#8219,#8228,#8234));
#8218 = ORIENTED_EDGE('',*,*,#8200,.F.);
#8219 = ORIENTED_EDGE('',*,*,#8220,.T.);
#8220 = EDGE_CURVE('',#8192,#8221,#8223,.T.);
#8221 = VERTEX_POINT('',#8222);
#8222 = CARTESIAN_POINT('',(-0.238304987135,2.240999936884,
    1.425693807875));
#8223 = B_SPLINE_CURVE_WITH_KNOTS('',3,(#8224,#8225,#8226,#8227),
  .UNSPECIFIED.,.F.,.F.,(4,4),(4.,5.),.PIECEWISE_BEZIER_KNOTS.);
#8224 = CARTESIAN_POINT('',(-0.219495766956,2.240999936884,
    1.437235120423));
#8225 = CARTESIAN_POINT('',(-0.222365498724,2.240999936884,
    1.433429606556));
#8226 = CARTESIAN_POINT('',(-0.22866643152,2.240999936884,1.429561707215
    ));
#8227 = CARTESIAN_POINT('',(-0.238304987135,2.240999936884,
    1.425693807875));
#8228 = ORIENTED_EDGE('',*,*,#8229,.T.);
#8229 = EDGE_CURVE('',#8221,#1558,#8230,.T.);
#8230 = LINE('',#8231,#8232);
#8231 = CARTESIAN_POINT('',(-0.238304987135,2.240999936884,
    1.425693807875));
#8232 = VECTOR('',#8233,1.);
#8233 = DIRECTION('',(-0.,-1.,-0.));
#8234 = ORIENTED_EDGE('',*,*,#1566,.F.);
#8235 = B_SPLINE_SURFACE_WITH_KNOTS('',3,1,(
    (#8236,#8237)
    ,(#8238,#8239)
    ,(#8240,#8241)
    ,(#8242,#8243
    )),.UNSPECIFIED.,.F.,.F.,.F.,(4,4),(2,2),(4.,5.),(0.,1.),
  .PIECEWISE_BEZIER_KNOTS.);
#8236 = CARTESIAN_POINT('',(-0.219495766956,2.240999936884,
    1.437235120423));
#8237 = CARTESIAN_POINT('',(-0.219495766956,2.23999993717,1.437235120423
    ));
#8238 = CARTESIAN_POINT('',(-0.222365498724,2.240999936884,
    1.433429606556));
#8239 = CARTESIAN_POINT('',(-0.222365498724,2.23999993717,1.433429606556
    ));
#8240 = CARTESIAN_POINT('',(-0.22866643152,2.240999936884,1.429561707215
    ));
#8241 = CARTESIAN_POINT('',(-0.22866643152,2.23999993717,1.429561707215)
  );
#8242 = CARTESIAN_POINT('',(-0.238304987135,2.240999936884,
    1.425693807875));
#8243 = CARTESIAN_POINT('',(-0.238304987135,2.23999993717,1.425693807875
    ));
#8244 = ADVANCED_FACE('',(#8245),#8264,.F.);
#8245 = FACE_BOUND('',#8246,.F.);
#8246 = EDGE_LOOP('',(#8247,#8248,#8257,#8263));
#8247 = ORIENTED_EDGE('',*,*,#8229,.F.);
#8248 = ORIENTED_EDGE('',*,*,#8249,.T.);
#8249 = EDGE_CURVE('',#8221,#8250,#8252,.T.);
#8250 = VERTEX_POINT('',#8251);
#8251 = CARTESIAN_POINT('',(-0.254306861017,2.240999936884,
    1.417895623721));
#8252 = B_SPLINE_CURVE_WITH_KNOTS('',3,(#8253,#8254,#8255,#8256),
  .UNSPECIFIED.,.F.,.F.,(4,4),(3.,4.),.PIECEWISE_BEZIER_KNOTS.);
#8253 = CARTESIAN_POINT('',(-0.238304987135,2.240999936884,
    1.425693807875));
#8254 = CARTESIAN_POINT('',(-0.246352713181,2.240999936884,1.42269930516
    ));
#8255 = CARTESIAN_POINT('',(-0.251686671142,2.240999936884,
    1.420079115284));
#8256 = CARTESIAN_POINT('',(-0.254306861017,2.240999936884,
    1.417895623721));
#8257 = ORIENTED_EDGE('',*,*,#8258,.T.);
#8258 = EDGE_CURVE('',#8250,#1549,#8259,.T.);
#8259 = LINE('',#8260,#8261);
#8260 = CARTESIAN_POINT('',(-0.254306861017,2.240999936884,
    1.417895623721));
#8261 = VECTOR('',#8262,1.);
#8262 = DIRECTION('',(-0.,-1.,-0.));
#8263 = ORIENTED_EDGE('',*,*,#1557,.F.);
#8264 = B_SPLINE_SURFACE_WITH_KNOTS('',3,1,(
    (#8265,#8266)
    ,(#8267,#8268)
    ,(#8269,#8270)
    ,(#8271,#8272
    )),.UNSPECIFIED.,.F.,.F.,.F.,(4,4),(2,2),(3.,4.),(0.,1.),
  .PIECEWISE_BEZIER_KNOTS.);
#8265 = CARTESIAN_POINT('',(-0.238304987135,2.240999936884,
    1.425693807875));
#8266 = CARTESIAN_POINT('',(-0.238304987135,2.23999993717,1.425693807875
    ));
#8267 = CARTESIAN_POINT('',(-0.246352713181,2.240999936884,1.42269930516
    ));
#8268 = CARTESIAN_POINT('',(-0.246352713181,2.23999993717,1.42269930516)
  );
#8269 = CARTESIAN_POINT('',(-0.251686671142,2.240999936884,
    1.420079115284));
#8270 = CARTESIAN_POINT('',(-0.251686671142,2.23999993717,1.420079115284
    ));
#8271 = CARTESIAN_POINT('',(-0.254306861017,2.240999936884,
    1.417895623721));
#8272 = CARTESIAN_POINT('',(-0.254306861017,2.23999993717,1.417895623721
    ));
#8273 = ADVANCED_FACE('',(#8274),#8293,.F.);
#8274 = FACE_BOUND('',#8275,.F.);
#8275 = EDGE_LOOP('',(#8276,#8277,#8286,#8292));
#8276 = ORIENTED_EDGE('',*,*,#8258,.F.);
#8277 = ORIENTED_EDGE('',*,*,#8278,.T.);
#8278 = EDGE_CURVE('',#8250,#8279,#8281,.T.);
#8279 = VERTEX_POINT('',#8280);
#8280 = CARTESIAN_POINT('',(-0.258237145831,2.240999936884,
    1.409598355782));
#8281 = B_SPLINE_CURVE_WITH_KNOTS('',3,(#8282,#8283,#8284,#8285),
  .UNSPECIFIED.,.F.,.F.,(4,4),(2.,3.),.PIECEWISE_BEZIER_KNOTS.);
#8282 = CARTESIAN_POINT('',(-0.254306861017,2.240999936884,
    1.417895623721));
#8283 = CARTESIAN_POINT('',(-0.256927050893,2.240999936884,
    1.415712132158));
#8284 = CARTESIAN_POINT('',(-0.258237145831,2.240999936884,
    1.412967171337));
#8285 = CARTESIAN_POINT('',(-0.258237145831,2.240999936884,
    1.409598355782));
#8286 = ORIENTED_EDGE('',*,*,#8287,.T.);
#8287 = EDGE_CURVE('',#8279,#1540,#8288,.T.);
#8288 = LINE('',#8289,#8290);
#8289 = CARTESIAN_POINT('',(-0.258237145831,2.240999936884,
    1.409598355782));
#8290 = VECTOR('',#8291,1.);
#8291 = DIRECTION('',(-0.,-1.,-0.));
#8292 = ORIENTED_EDGE('',*,*,#1548,.F.);
#8293 = B_SPLINE_SURFACE_WITH_KNOTS('',3,1,(
    (#8294,#8295)
    ,(#8296,#8297)
    ,(#8298,#8299)
    ,(#8300,#8301
    )),.UNSPECIFIED.,.F.,.F.,.F.,(4,4),(2,2),(2.,3.),(0.,1.),
  .PIECEWISE_BEZIER_KNOTS.);
#8294 = CARTESIAN_POINT('',(-0.254306861017,2.240999936884,
    1.417895623721));
#8295 = CARTESIAN_POINT('',(-0.254306861017,2.23999993717,1.417895623721
    ));
#8296 = CARTESIAN_POINT('',(-0.256927050893,2.240999936884,
    1.415712132158));
#8297 = CARTESIAN_POINT('',(-0.256927050893,2.23999993717,1.415712132158
    ));
#8298 = CARTESIAN_POINT('',(-0.258237145831,2.240999936884,
    1.412967171337));
#8299 = CARTESIAN_POINT('',(-0.258237145831,2.23999993717,1.412967171337
    ));
#8300 = CARTESIAN_POINT('',(-0.258237145831,2.240999936884,
    1.409598355782));
#8301 = CARTESIAN_POINT('',(-0.258237145831,2.23999993717,1.409598355782
    ));
#8302 = ADVANCED_FACE('',(#8303),#8315,.F.);
#8303 = FACE_BOUND('',#8304,.F.);
#8304 = EDGE_LOOP('',(#8305,#8306,#8313,#8314));
#8305 = ORIENTED_EDGE('',*,*,#8287,.F.);
#8306 = ORIENTED_EDGE('',*,*,#8307,.T.);
#8307 = EDGE_CURVE('',#8279,#7730,#8308,.T.);
#8308 = B_SPLINE_CURVE_WITH_KNOTS('',3,(#8309,#8310,#8311,#8312),
  .UNSPECIFIED.,.F.,.F.,(4,4),(1.,2.),.PIECEWISE_BEZIER_KNOTS.);
#8309 = CARTESIAN_POINT('',(-0.258237145831,2.240999936884,
    1.409598355782));
#8310 = CARTESIAN_POINT('',(-0.258237145831,2.240999936884,
    1.401737786155));
#8311 = CARTESIAN_POINT('',(-0.252216947665,2.240999936884,
    1.397807501342));
#8312 = CARTESIAN_POINT('',(-0.240207744068,2.240999936884,
    1.397807501342));
#8313 = ORIENTED_EDGE('',*,*,#7729,.T.);
#8314 = ORIENTED_EDGE('',*,*,#1539,.F.);
#8315 = B_SPLINE_SURFACE_WITH_KNOTS('',3,1,(
    (#8316,#8317)
    ,(#8318,#8319)
    ,(#8320,#8321)
    ,(#8322,#8323
    )),.UNSPECIFIED.,.F.,.F.,.F.,(4,4),(2,2),(1.,2.),(0.,1.),
  .PIECEWISE_BEZIER_KNOTS.);
#8316 = CARTESIAN_POINT('',(-0.258237145831,2.240999936884,
    1.409598355782));
#8317 = CARTESIAN_POINT('',(-0.258237145831,2.239999936912,
    1.409598355782));
#8318 = CARTESIAN_POINT('',(-0.258237145831,2.240999936884,
    1.401737786155));
#8319 = CARTESIAN_POINT('',(-0.258237145831,2.239999936912,
    1.401737786155));
#8320 = CARTESIAN_POINT('',(-0.252216947665,2.240999936884,
    1.397807501342));
#8321 = CARTESIAN_POINT('',(-0.252216947665,2.239999936912,
    1.397807501342));
#8322 = CARTESIAN_POINT('',(-0.240207744068,2.240999936884,
    1.397807501342));
#8323 = CARTESIAN_POINT('',(-0.240207744068,2.239999936912,
    1.397807501342));
#8324 = ADVANCED_FACE('',(#8325),#8348,.F.);
#8325 = FACE_BOUND('',#8326,.T.);
#8326 = EDGE_LOOP('',(#8327,#8328,#8329,#8330,#8331,#8332,#8333,#8334,
    #8335,#8336,#8337,#8338,#8339,#8340,#8341,#8342,#8343,#8344,#8345,
    #8346,#8347));
#8327 = ORIENTED_EDGE('',*,*,#7737,.T.);
#8328 = ORIENTED_EDGE('',*,*,#7774,.T.);
#8329 = ORIENTED_EDGE('',*,*,#7790,.T.);
#8330 = ORIENTED_EDGE('',*,*,#7819,.T.);
#8331 = ORIENTED_EDGE('',*,*,#7848,.T.);
#8332 = ORIENTED_EDGE('',*,*,#7877,.T.);
#8333 = ORIENTED_EDGE('',*,*,#7906,.T.);
#8334 = ORIENTED_EDGE('',*,*,#7935,.T.);
#8335 = ORIENTED_EDGE('',*,*,#7964,.T.);
#8336 = ORIENTED_EDGE('',*,*,#7993,.T.);
#8337 = ORIENTED_EDGE('',*,*,#8022,.T.);
#8338 = ORIENTED_EDGE('',*,*,#8051,.T.);
#8339 = ORIENTED_EDGE('',*,*,#8088,.T.);
#8340 = ORIENTED_EDGE('',*,*,#8104,.T.);
#8341 = ORIENTED_EDGE('',*,*,#8133,.T.);
#8342 = ORIENTED_EDGE('',*,*,#8162,.T.);
#8343 = ORIENTED_EDGE('',*,*,#8191,.T.);
#8344 = ORIENTED_EDGE('',*,*,#8220,.T.);
#8345 = ORIENTED_EDGE('',*,*,#8249,.T.);
#8346 = ORIENTED_EDGE('',*,*,#8278,.T.);
#8347 = ORIENTED_EDGE('',*,*,#8307,.T.);
#8348 = PLANE('',#8349);
#8349 = AXIS2_PLACEMENT_3D('',#8350,#8351,#8352);
#8350 = CARTESIAN_POINT('',(-0.227192574715,2.240999936884,
    1.399913011063));
#8351 = DIRECTION('',(0.,-1.,0.));
#8352 = DIRECTION('',(0.,0.,-1.));
#8353 = ADVANCED_FACE('',(#8354),#8379,.F.);
#8354 = FACE_BOUND('',#8355,.T.);
#8355 = EDGE_LOOP('',(#8356,#8357,#8365,#8373));
#8356 = ORIENTED_EDGE('',*,*,#713,.T.);
#8357 = ORIENTED_EDGE('',*,*,#8358,.F.);
#8358 = EDGE_CURVE('',#8359,#716,#8361,.T.);
#8359 = VERTEX_POINT('',#8360);
#8360 = CARTESIAN_POINT('',(-0.349694249585,2.240999936884,
    1.474541633414));
#8361 = LINE('',#8362,#8363);
#8362 = CARTESIAN_POINT('',(-0.349694249585,2.240999936884,
    1.474541633414));
#8363 = VECTOR('',#8364,1.);
#8364 = DIRECTION('',(-0.,-1.,-0.));
#8365 = ORIENTED_EDGE('',*,*,#8366,.F.);
#8366 = EDGE_CURVE('',#8367,#8359,#8369,.T.);
#8367 = VERTEX_POINT('',#8368);
#8368 = CARTESIAN_POINT('',(-0.365540159785,2.240999936884,
    1.474541633414));
#8369 = LINE('',#8370,#8371);
#8370 = CARTESIAN_POINT('',(-0.349694249585,2.240999936884,
    1.474541633414));
#8371 = VECTOR('',#8372,1.);
#8372 = DIRECTION('',(1.,0.,0.));
#8373 = ORIENTED_EDGE('',*,*,#8374,.T.);
#8374 = EDGE_CURVE('',#8367,#714,#8375,.T.);
#8375 = LINE('',#8376,#8377);
#8376 = CARTESIAN_POINT('',(-0.365540159785,2.240999936884,
    1.474541633414));
#8377 = VECTOR('',#8378,1.);
#8378 = DIRECTION('',(-0.,-1.,-0.));
#8379 = PLANE('',#8380);
#8380 = AXIS2_PLACEMENT_3D('',#8381,#8382,#8383);
#8381 = CARTESIAN_POINT('',(-0.349694249585,2.240999936884,
    1.474541633414));
#8382 = DIRECTION('',(0.,0.,-1.));
#8383 = DIRECTION('',(-1.,0.,0.));
#8384 = ADVANCED_FACE('',(#8385),#8403,.F.);
#8385 = FACE_BOUND('',#8386,.T.);
#8386 = EDGE_LOOP('',(#8387,#8388,#8396,#8402));
#8387 = ORIENTED_EDGE('',*,*,#832,.T.);
#8388 = ORIENTED_EDGE('',*,*,#8389,.F.);
#8389 = EDGE_CURVE('',#8390,#824,#8392,.T.);
#8390 = VERTEX_POINT('',#8391);
#8391 = CARTESIAN_POINT('',(-0.325894191548,2.240999936884,
    1.408912115577));
#8392 = LINE('',#8393,#8394);
#8393 = CARTESIAN_POINT('',(-0.325894191548,2.240999936884,
    1.408912115577));
#8394 = VECTOR('',#8395,1.);
#8395 = DIRECTION('',(-0.,-1.,-0.));
#8396 = ORIENTED_EDGE('',*,*,#8397,.F.);
#8397 = EDGE_CURVE('',#8359,#8390,#8398,.T.);
#8398 = LINE('',#8399,#8400);
#8399 = CARTESIAN_POINT('',(-0.325894191548,2.240999936884,
    1.408912115577));
#8400 = VECTOR('',#8401,1.);
#8401 = DIRECTION('',(0.340917796219,0.,-0.9400931104));
#8402 = ORIENTED_EDGE('',*,*,#8358,.T.);
#8403 = PLANE('',#8404);
#8404 = AXIS2_PLACEMENT_3D('',#8405,#8406,#8407);
#8405 = CARTESIAN_POINT('',(-0.325894191548,2.240999936884,
    1.408912115577));
#8406 = DIRECTION('',(-0.9400931104,0.,-0.340917796219));
#8407 = DIRECTION('',(-0.340917796219,0.,0.9400931104));
#8408 = ADVANCED_FACE('',(#8409),#8428,.F.);
#8409 = FACE_BOUND('',#8410,.F.);
#8410 = EDGE_LOOP('',(#8411,#8412,#8421,#8427));
#8411 = ORIENTED_EDGE('',*,*,#8389,.F.);
#8412 = ORIENTED_EDGE('',*,*,#8413,.T.);
#8413 = EDGE_CURVE('',#8390,#8414,#8416,.T.);
#8414 = VERTEX_POINT('',#8415);
#8415 = CARTESIAN_POINT('',(-0.324022627351,2.240999936884,
    1.401862557101));
#8416 = B_SPLINE_CURVE_WITH_KNOTS('',3,(#8417,#8418,#8419,#8420),
  .UNSPECIFIED.,.F.,.F.,(4,4),(12.,13.),.PIECEWISE_BEZIER_KNOTS.);
#8417 = CARTESIAN_POINT('',(-0.325894191548,2.240999936884,
    1.408912115577));
#8418 = CARTESIAN_POINT('',(-0.32495840945,2.240999936884,1.405855227389
    ));
#8419 = CARTESIAN_POINT('',(-0.324334554717,2.240999936884,
    1.403484579406));
#8420 = CARTESIAN_POINT('',(-0.324022627351,2.240999936884,
    1.401862557101));
#8421 = ORIENTED_EDGE('',*,*,#8422,.T.);
#8422 = EDGE_CURVE('',#8414,#816,#8423,.T.);
#8423 = LINE('',#8424,#8425);
#8424 = CARTESIAN_POINT('',(-0.324022627351,2.240999936884,
    1.401862557101));
#8425 = VECTOR('',#8426,1.);
#8426 = DIRECTION('',(-0.,-1.,-0.));
#8427 = ORIENTED_EDGE('',*,*,#823,.F.);
#8428 = B_SPLINE_SURFACE_WITH_KNOTS('',3,1,(
    (#8429,#8430)
    ,(#8431,#8432)
    ,(#8433,#8434)
    ,(#8435,#8436
    )),.UNSPECIFIED.,.F.,.F.,.F.,(4,4),(2,2),(12.,13.),(0.,1.),
  .PIECEWISE_BEZIER_KNOTS.);
#8429 = CARTESIAN_POINT('',(-0.325894191548,2.240999936884,
    1.408912115577));
#8430 = CARTESIAN_POINT('',(-0.325894191548,2.23999993717,1.408912115577
    ));
#8431 = CARTESIAN_POINT('',(-0.32495840945,2.240999936884,1.405855227389
    ));
#8432 = CARTESIAN_POINT('',(-0.32495840945,2.23999993717,1.405855227389)
  );
#8433 = CARTESIAN_POINT('',(-0.324334554717,2.240999936884,
    1.403484579406));
#8434 = CARTESIAN_POINT('',(-0.324334554717,2.23999993717,1.403484579406
    ));
#8435 = CARTESIAN_POINT('',(-0.324022627351,2.240999936884,
    1.401862557101));
#8436 = CARTESIAN_POINT('',(-0.324022627351,2.23999993717,1.401862557101
    ));
#8437 = ADVANCED_FACE('',(#8438),#8456,.F.);
#8438 = FACE_BOUND('',#8439,.T.);
#8439 = EDGE_LOOP('',(#8440,#8441,#8449,#8455));
#8440 = ORIENTED_EDGE('',*,*,#815,.T.);
#8441 = ORIENTED_EDGE('',*,*,#8442,.F.);
#8442 = EDGE_CURVE('',#8443,#808,#8445,.T.);
#8443 = VERTEX_POINT('',#8444);
#8444 = CARTESIAN_POINT('',(-0.323617121775,2.240999936884,
    1.401862557101));
#8445 = LINE('',#8446,#8447);
#8446 = CARTESIAN_POINT('',(-0.323617121775,2.240999936884,
    1.401862557101));
#8447 = VECTOR('',#8448,1.);
#8448 = DIRECTION('',(-0.,-1.,-0.));
#8449 = ORIENTED_EDGE('',*,*,#8450,.F.);
#8450 = EDGE_CURVE('',#8414,#8443,#8451,.T.);
#8451 = LINE('',#8452,#8453);
#8452 = CARTESIAN_POINT('',(-0.323617121775,2.240999936884,
    1.401862557101));
#8453 = VECTOR('',#8454,1.);
#8454 = DIRECTION('',(1.,0.,0.));
#8455 = ORIENTED_EDGE('',*,*,#8422,.T.);
#8456 = PLANE('',#8457);
#8457 = AXIS2_PLACEMENT_3D('',#8458,#8459,#8460);
#8458 = CARTESIAN_POINT('',(-0.323617121775,2.240999936884,
    1.401862557101));
#8459 = DIRECTION('',(0.,0.,-1.));
#8460 = DIRECTION('',(-1.,0.,0.));
#8461 = ADVANCED_FACE('',(#8462),#8480,.F.);
#8462 = FACE_BOUND('',#8463,.T.);
#8463 = EDGE_LOOP('',(#8464,#8465,#8473,#8479));
#8464 = ORIENTED_EDGE('',*,*,#807,.T.);
#8465 = ORIENTED_EDGE('',*,*,#8466,.F.);
#8466 = EDGE_CURVE('',#8467,#800,#8469,.T.);
#8467 = VERTEX_POINT('',#8468);
#8468 = CARTESIAN_POINT('',(-0.321745557578,2.240999936884,
    1.409036886523));
#8469 = LINE('',#8470,#8471);
#8470 = CARTESIAN_POINT('',(-0.321745557578,2.240999936884,
    1.409036886523));
#8471 = VECTOR('',#8472,1.);
#8472 = DIRECTION('',(-0.,-1.,-0.));
#8473 = ORIENTED_EDGE('',*,*,#8474,.F.);
#8474 = EDGE_CURVE('',#8443,#8467,#8475,.T.);
#8475 = LINE('',#8476,#8477);
#8476 = CARTESIAN_POINT('',(-0.321745557578,2.240999936884,
    1.409036886523));
#8477 = VECTOR('',#8478,1.);
#8478 = DIRECTION('',(0.252421897188,0.,0.967617272386));
#8479 = ORIENTED_EDGE('',*,*,#8442,.T.);
#8480 = PLANE('',#8481);
#8481 = AXIS2_PLACEMENT_3D('',#8482,#8483,#8484);
#8482 = CARTESIAN_POINT('',(-0.321745557578,2.240999936884,
    1.409036886523));
#8483 = DIRECTION('',(0.967617272386,0.,-0.252421897188));
#8484 = DIRECTION('',(-0.252421897188,0.,-0.967617272386));
#8485 = ADVANCED_FACE('',(#8486),#8504,.F.);
#8486 = FACE_BOUND('',#8487,.T.);
#8487 = EDGE_LOOP('',(#8488,#8489,#8497,#8503));
#8488 = ORIENTED_EDGE('',*,*,#799,.T.);
#8489 = ORIENTED_EDGE('',*,*,#8490,.F.);
#8490 = EDGE_CURVE('',#8491,#792,#8493,.T.);
#8491 = VERTEX_POINT('',#8492);
#8492 = CARTESIAN_POINT('',(-0.29897485985,2.240999936884,1.474541633414
    ));
#8493 = LINE('',#8494,#8495);
#8494 = CARTESIAN_POINT('',(-0.29897485985,2.240999936884,1.474541633414
    ));
#8495 = VECTOR('',#8496,1.);
#8496 = DIRECTION('',(-0.,-1.,-0.));
#8497 = ORIENTED_EDGE('',*,*,#8498,.F.);
#8498 = EDGE_CURVE('',#8467,#8491,#8499,.T.);
#8499 = LINE('',#8500,#8501);
#8500 = CARTESIAN_POINT('',(-0.29897485985,2.240999936884,1.474541633414
    ));
#8501 = VECTOR('',#8502,1.);
#8502 = DIRECTION('',(0.328346164813,0.,0.944557460429));
#8503 = ORIENTED_EDGE('',*,*,#8466,.T.);
#8504 = PLANE('',#8505);
#8505 = AXIS2_PLACEMENT_3D('',#8506,#8507,#8508);
#8506 = CARTESIAN_POINT('',(-0.29897485985,2.240999936884,1.474541633414
    ));
#8507 = DIRECTION('',(0.944557460429,0.,-0.328346164813));
#8508 = DIRECTION('',(-0.328346164813,0.,-0.944557460429));
#8509 = ADVANCED_FACE('',(#8510),#8528,.F.);
#8510 = FACE_BOUND('',#8511,.T.);
#8511 = EDGE_LOOP('',(#8512,#8513,#8521,#8527));
#8512 = ORIENTED_EDGE('',*,*,#791,.T.);
#8513 = ORIENTED_EDGE('',*,*,#8514,.F.);
#8514 = EDGE_CURVE('',#8515,#784,#8517,.T.);
#8515 = VERTEX_POINT('',#8516);
#8516 = CARTESIAN_POINT('',(-0.281881240185,2.240999936884,
    1.474541633414));
#8517 = LINE('',#8518,#8519);
#8518 = CARTESIAN_POINT('',(-0.281881240185,2.240999936884,
    1.474541633414));
#8519 = VECTOR('',#8520,1.);
#8520 = DIRECTION('',(-0.,-1.,-0.));
#8521 = ORIENTED_EDGE('',*,*,#8522,.F.);
#8522 = EDGE_CURVE('',#8491,#8515,#8523,.T.);
#8523 = LINE('',#8524,#8525);
#8524 = CARTESIAN_POINT('',(-0.281881240185,2.240999936884,
    1.474541633414));
#8525 = VECTOR('',#8526,1.);
#8526 = DIRECTION('',(1.,0.,0.));
#8527 = ORIENTED_EDGE('',*,*,#8490,.T.);
#8528 = PLANE('',#8529);
#8529 = AXIS2_PLACEMENT_3D('',#8530,#8531,#8532);
#8530 = CARTESIAN_POINT('',(-0.281881240185,2.240999936884,
    1.474541633414));
#8531 = DIRECTION('',(0.,0.,-1.));
#8532 = DIRECTION('',(-1.,0.,0.));
#8533 = ADVANCED_FACE('',(#8534),#8552,.F.);
#8534 = FACE_BOUND('',#8535,.T.);
#8535 = EDGE_LOOP('',(#8536,#8537,#8545,#8551));
#8536 = ORIENTED_EDGE('',*,*,#783,.T.);
#8537 = ORIENTED_EDGE('',*,*,#8538,.F.);
#8538 = EDGE_CURVE('',#8539,#776,#8541,.T.);
#8539 = VERTEX_POINT('',#8540);
#8540 = CARTESIAN_POINT('',(-0.316068479515,2.240999936884,
    1.387576283732));
#8541 = LINE('',#8542,#8543);
#8542 = CARTESIAN_POINT('',(-0.316068479515,2.240999936884,
    1.387576283732));
#8543 = VECTOR('',#8544,1.);
#8544 = DIRECTION('',(-0.,-1.,-0.));
#8545 = ORIENTED_EDGE('',*,*,#8546,.F.);
#8546 = EDGE_CURVE('',#8515,#8539,#8547,.T.);
#8547 = LINE('',#8548,#8549);
#8548 = CARTESIAN_POINT('',(-0.316068479515,2.240999936884,
    1.387576283732));
#8549 = VECTOR('',#8550,1.);
#8550 = DIRECTION('',(-0.365858921669,-0.,-0.930670322636));
#8551 = ORIENTED_EDGE('',*,*,#8514,.T.);
#8552 = PLANE('',#8553);
#8553 = AXIS2_PLACEMENT_3D('',#8554,#8555,#8556);
#8554 = CARTESIAN_POINT('',(-0.316068479515,2.240999936884,
    1.387576283732));
#8555 = DIRECTION('',(-0.930670322636,0.,0.365858921669));
#8556 = DIRECTION('',(0.365858921669,0.,0.930670322636));
#8557 = ADVANCED_FACE('',(#8558),#8576,.F.);
#8558 = FACE_BOUND('',#8559,.T.);
#8559 = EDGE_LOOP('',(#8560,#8561,#8569,#8575));
#8560 = ORIENTED_EDGE('',*,*,#775,.T.);
#8561 = ORIENTED_EDGE('',*,*,#8562,.F.);
#8562 = EDGE_CURVE('',#8563,#767,#8565,.T.);
#8563 = VERTEX_POINT('',#8564);
#8564 = CARTESIAN_POINT('',(-0.309362041142,2.240999936884,
    1.371730373532));
#8565 = LINE('',#8566,#8567);
#8566 = CARTESIAN_POINT('',(-0.309362041142,2.240999936884,
    1.371730373532));
#8567 = VECTOR('',#8568,1.);
#8568 = DIRECTION('',(-0.,-1.,-0.));
#8569 = ORIENTED_EDGE('',*,*,#8570,.F.);
#8570 = EDGE_CURVE('',#8539,#8563,#8571,.T.);
#8571 = LINE('',#8572,#8573);
#8572 = CARTESIAN_POINT('',(-0.309362041142,2.240999936884,
    1.371730373532));
#8573 = VECTOR('',#8574,1.);
#8574 = DIRECTION('',(0.389758265065,0.,-0.920917203017));
#8575 = ORIENTED_EDGE('',*,*,#8538,.T.);
#8576 = PLANE('',#8577);
#8577 = AXIS2_PLACEMENT_3D('',#8578,#8579,#8580);
#8578 = CARTESIAN_POINT('',(-0.309362041142,2.240999936884,
    1.371730373532));
#8579 = DIRECTION('',(-0.920917203017,0.,-0.389758265065));
#8580 = DIRECTION('',(-0.389758265065,0.,0.920917203017));
#8581 = ADVANCED_FACE('',(#8582),#8601,.F.);
#8582 = FACE_BOUND('',#8583,.F.);
#8583 = EDGE_LOOP('',(#8584,#8585,#8594,#8600));
#8584 = ORIENTED_EDGE('',*,*,#8562,.F.);
#8585 = ORIENTED_EDGE('',*,*,#8586,.T.);
#8586 = EDGE_CURVE('',#8563,#8587,#8589,.T.);
#8587 = VERTEX_POINT('',#8588);
#8588 = CARTESIAN_POINT('',(-0.293703287362,2.240999936884,
    1.359440435306));
#8589 = B_SPLINE_CURVE_WITH_KNOTS('',3,(#8590,#8591,#8592,#8593),
  .UNSPECIFIED.,.F.,.F.,(4,4),(5.,6.),.PIECEWISE_BEZIER_KNOTS.);
#8590 = CARTESIAN_POINT('',(-0.309362041142,2.240999936884,
    1.371730373532));
#8591 = CARTESIAN_POINT('',(-0.305899647378,2.240999936884,
    1.363495491066));
#8592 = CARTESIAN_POINT('',(-0.300690460364,2.240999936884,
    1.359440435306));
#8593 = CARTESIAN_POINT('',(-0.293703287362,2.240999936884,
    1.359440435306));
#8594 = ORIENTED_EDGE('',*,*,#8595,.T.);
#8595 = EDGE_CURVE('',#8587,#758,#8596,.T.);
#8596 = LINE('',#8597,#8598);
#8597 = CARTESIAN_POINT('',(-0.293703287362,2.240999936884,
    1.359440435306));
#8598 = VECTOR('',#8599,1.);
#8599 = DIRECTION('',(-0.,-1.,-0.));
#8600 = ORIENTED_EDGE('',*,*,#766,.F.);
#8601 = B_SPLINE_SURFACE_WITH_KNOTS('',3,1,(
    (#8602,#8603)
    ,(#8604,#8605)
    ,(#8606,#8607)
    ,(#8608,#8609
    )),.UNSPECIFIED.,.F.,.F.,.F.,(4,4),(2,2),(5.,6.),(0.,1.),
  .PIECEWISE_BEZIER_KNOTS.);
#8602 = CARTESIAN_POINT('',(-0.309362041142,2.240999936884,
    1.371730373532));
#8603 = CARTESIAN_POINT('',(-0.309362041142,2.23999993717,1.371730373532
    ));
#8604 = CARTESIAN_POINT('',(-0.305899647378,2.240999936884,
    1.363495491066));
#8605 = CARTESIAN_POINT('',(-0.305899647378,2.23999993717,1.363495491066
    ));
#8606 = CARTESIAN_POINT('',(-0.300690460364,2.240999936884,
    1.359440435306));
#8607 = CARTESIAN_POINT('',(-0.300690460364,2.23999993717,1.359440435306
    ));
#8608 = CARTESIAN_POINT('',(-0.293703287362,2.240999936884,
    1.359440435306));
#8609 = CARTESIAN_POINT('',(-0.293703287362,2.23999993717,1.359440435306
    ));
#8610 = ADVANCED_FACE('',(#8611),#8630,.F.);
#8611 = FACE_BOUND('',#8612,.F.);
#8612 = EDGE_LOOP('',(#8613,#8614,#8623,#8629));
#8613 = ORIENTED_EDGE('',*,*,#8595,.F.);
#8614 = ORIENTED_EDGE('',*,*,#8615,.T.);
#8615 = EDGE_CURVE('',#8587,#8616,#8618,.T.);
#8616 = VERTEX_POINT('',#8617);
#8617 = CARTESIAN_POINT('',(-0.285031706583,2.240999936884,
    1.361187228557));
#8618 = B_SPLINE_CURVE_WITH_KNOTS('',3,(#8619,#8620,#8621,#8622),
  .UNSPECIFIED.,.F.,.F.,(4,4),(4.,5.),.PIECEWISE_BEZIER_KNOTS.);
#8619 = CARTESIAN_POINT('',(-0.293703287362,2.240999936884,
    1.359440435306));
#8620 = CARTESIAN_POINT('',(-0.290895941067,2.240999936884,
    1.359440435306));
#8621 = CARTESIAN_POINT('',(-0.288026209298,2.240999936884,
    1.360001904565));
#8622 = CARTESIAN_POINT('',(-0.285031706583,2.240999936884,
    1.361187228557));
#8623 = ORIENTED_EDGE('',*,*,#8624,.T.);
#8624 = EDGE_CURVE('',#8616,#750,#8625,.T.);
#8625 = LINE('',#8626,#8627);
#8626 = CARTESIAN_POINT('',(-0.285031706583,2.240999936884,
    1.361187228557));
#8627 = VECTOR('',#8628,1.);
#8628 = DIRECTION('',(-0.,-1.,-0.));
#8629 = ORIENTED_EDGE('',*,*,#757,.F.);
#8630 = B_SPLINE_SURFACE_WITH_KNOTS('',3,1,(
    (#8631,#8632)
    ,(#8633,#8634)
    ,(#8635,#8636)
    ,(#8637,#8638
    )),.UNSPECIFIED.,.F.,.F.,.F.,(4,4),(2,2),(4.,5.),(0.,1.),
  .PIECEWISE_BEZIER_KNOTS.);
#8631 = CARTESIAN_POINT('',(-0.293703287362,2.240999936884,
    1.359440435306));
#8632 = CARTESIAN_POINT('',(-0.293703287362,2.23999993717,1.359440435306
    ));
#8633 = CARTESIAN_POINT('',(-0.290895941067,2.240999936884,
    1.359440435306));
#8634 = CARTESIAN_POINT('',(-0.290895941067,2.23999993717,1.359440435306
    ));
#8635 = CARTESIAN_POINT('',(-0.288026209298,2.240999936884,
    1.360001904565));
#8636 = CARTESIAN_POINT('',(-0.288026209298,2.23999993717,1.360001904565
    ));
#8637 = CARTESIAN_POINT('',(-0.285031706583,2.240999936884,
    1.361187228557));
#8638 = CARTESIAN_POINT('',(-0.285031706583,2.23999993717,1.361187228557
    ));
#8639 = ADVANCED_FACE('',(#8640),#8658,.F.);
#8640 = FACE_BOUND('',#8641,.T.);
#8641 = EDGE_LOOP('',(#8642,#8643,#8651,#8657));
#8642 = ORIENTED_EDGE('',*,*,#749,.T.);
#8643 = ORIENTED_EDGE('',*,*,#8644,.F.);
#8644 = EDGE_CURVE('',#8645,#741,#8647,.T.);
#8645 = VERTEX_POINT('',#8646);
#8646 = CARTESIAN_POINT('',(-0.285031706583,2.240999936884,
    1.347587195392));
#8647 = LINE('',#8648,#8649);
#8648 = CARTESIAN_POINT('',(-0.285031706583,2.240999936884,
    1.347587195392));
#8649 = VECTOR('',#8650,1.);
#8650 = DIRECTION('',(-0.,-1.,-0.));
#8651 = ORIENTED_EDGE('',*,*,#8652,.F.);
#8652 = EDGE_CURVE('',#8616,#8645,#8653,.T.);
#8653 = LINE('',#8654,#8655);
#8654 = CARTESIAN_POINT('',(-0.285031706583,2.240999936884,
    1.347587195392));
#8655 = VECTOR('',#8656,1.);
#8656 = DIRECTION('',(-1.594411026767E-14,-0.,-1.));
#8657 = ORIENTED_EDGE('',*,*,#8624,.T.);
#8658 = PLANE('',#8659);
#8659 = AXIS2_PLACEMENT_3D('',#8660,#8661,#8662);
#8660 = CARTESIAN_POINT('',(-0.285031706583,2.240999936884,
    1.347587195392));
#8661 = DIRECTION('',(-1.,0.,1.594411026767E-14));
#8662 = DIRECTION('',(1.594411026767E-14,0.,1.));
#8663 = ADVANCED_FACE('',(#8664),#8683,.F.);
#8664 = FACE_BOUND('',#8665,.F.);
#8665 = EDGE_LOOP('',(#8666,#8667,#8676,#8682));
#8666 = ORIENTED_EDGE('',*,*,#8644,.F.);
#8667 = ORIENTED_EDGE('',*,*,#8668,.T.);
#8668 = EDGE_CURVE('',#8645,#8669,#8671,.T.);
#8669 = VERTEX_POINT('',#8670);
#8670 = CARTESIAN_POINT('',(-0.294888611353,2.240999936884,
    1.346339485928));
#8671 = B_SPLINE_CURVE_WITH_KNOTS('',3,(#8672,#8673,#8674,#8675),
  .UNSPECIFIED.,.F.,.F.,(4,4),(2.,3.),.PIECEWISE_BEZIER_KNOTS.);
#8672 = CARTESIAN_POINT('',(-0.285031706583,2.240999936884,
    1.347587195392));
#8673 = CARTESIAN_POINT('',(-0.287745474668,2.240999936884,1.34677618424
    ));
#8674 = CARTESIAN_POINT('',(-0.29105190475,2.240999936884,1.346339485928
    ));
#8675 = CARTESIAN_POINT('',(-0.294888611353,2.240999936884,
    1.346339485928));
#8676 = ORIENTED_EDGE('',*,*,#8677,.T.);
#8677 = EDGE_CURVE('',#8669,#732,#8678,.T.);
#8678 = LINE('',#8679,#8680);
#8679 = CARTESIAN_POINT('',(-0.294888611353,2.240999936884,
    1.346339485928));
#8680 = VECTOR('',#8681,1.);
#8681 = DIRECTION('',(-0.,-1.,-0.));
#8682 = ORIENTED_EDGE('',*,*,#740,.F.);
#8683 = B_SPLINE_SURFACE_WITH_KNOTS('',3,1,(
    (#8684,#8685)
    ,(#8686,#8687)
    ,(#8688,#8689)
    ,(#8690,#8691
    )),.UNSPECIFIED.,.F.,.F.,.F.,(4,4),(2,2),(2.,3.),(0.,1.),
  .PIECEWISE_BEZIER_KNOTS.);
#8684 = CARTESIAN_POINT('',(-0.285031706583,2.240999936884,
    1.347587195392));
#8685 = CARTESIAN_POINT('',(-0.285031706583,2.23999993717,1.347587195392
    ));
#8686 = CARTESIAN_POINT('',(-0.287745474668,2.240999936884,1.34677618424
    ));
#8687 = CARTESIAN_POINT('',(-0.287745474668,2.23999993717,1.34677618424)
  );
#8688 = CARTESIAN_POINT('',(-0.29105190475,2.240999936884,1.346339485928
    ));
#8689 = CARTESIAN_POINT('',(-0.29105190475,2.23999993717,1.346339485928)
  );
#8690 = CARTESIAN_POINT('',(-0.294888611353,2.240999936884,
    1.346339485928));
#8691 = CARTESIAN_POINT('',(-0.294888611353,2.23999993717,1.346339485928
    ));
#8692 = ADVANCED_FACE('',(#8693),#8712,.F.);
#8693 = FACE_BOUND('',#8694,.F.);
#8694 = EDGE_LOOP('',(#8695,#8696,#8705,#8711));
#8695 = ORIENTED_EDGE('',*,*,#8677,.F.);
#8696 = ORIENTED_EDGE('',*,*,#8697,.T.);
#8697 = EDGE_CURVE('',#8669,#8698,#8700,.T.);
#8698 = VERTEX_POINT('',#8699);
#8699 = CARTESIAN_POINT('',(-0.325987769758,2.240999936884,
    1.374225792462));
#8700 = B_SPLINE_CURVE_WITH_KNOTS('',3,(#8701,#8702,#8703,#8704),
  .UNSPECIFIED.,.F.,.F.,(4,4),(1.,2.),.PIECEWISE_BEZIER_KNOTS.);
#8701 = CARTESIAN_POINT('',(-0.294888611353,2.240999936884,
    1.346339485928));
#8702 = CARTESIAN_POINT('',(-0.308270295361,2.240999936884,
    1.346339485928));
#8703 = CARTESIAN_POINT('',(-0.318626283917,2.240999936884,
    1.355634921439));
#8704 = CARTESIAN_POINT('',(-0.325987769758,2.240999936884,
    1.374225792462));
#8705 = ORIENTED_EDGE('',*,*,#8706,.T.);
#8706 = EDGE_CURVE('',#8698,#724,#8707,.T.);
#8707 = LINE('',#8708,#8709);
#8708 = CARTESIAN_POINT('',(-0.325987769758,2.240999936884,
    1.374225792462));
#8709 = VECTOR('',#8710,1.);
#8710 = DIRECTION('',(-0.,-1.,-0.));
#8711 = ORIENTED_EDGE('',*,*,#731,.F.);
#8712 = B_SPLINE_SURFACE_WITH_KNOTS('',3,1,(
    (#8713,#8714)
    ,(#8715,#8716)
    ,(#8717,#8718)
    ,(#8719,#8720
    )),.UNSPECIFIED.,.F.,.F.,.F.,(4,4),(2,2),(1.,2.),(0.,1.),
  .PIECEWISE_BEZIER_KNOTS.);
#8713 = CARTESIAN_POINT('',(-0.294888611353,2.240999936884,
    1.346339485928));
#8714 = CARTESIAN_POINT('',(-0.294888611353,2.23999993717,1.346339485928
    ));
#8715 = CARTESIAN_POINT('',(-0.308270295361,2.240999936884,
    1.346339485928));
#8716 = CARTESIAN_POINT('',(-0.308270295361,2.23999993717,1.346339485928
    ));
#8717 = CARTESIAN_POINT('',(-0.318626283917,2.240999936884,
    1.355634921439));
#8718 = CARTESIAN_POINT('',(-0.318626283917,2.23999993717,1.355634921439
    ));
#8719 = CARTESIAN_POINT('',(-0.325987769758,2.240999936884,
    1.374225792462));
#8720 = CARTESIAN_POINT('',(-0.325987769758,2.23999993717,1.374225792462
    ));
#8721 = ADVANCED_FACE('',(#8722),#8733,.F.);
#8722 = FACE_BOUND('',#8723,.T.);
#8723 = EDGE_LOOP('',(#8724,#8725,#8726,#8732));
#8724 = ORIENTED_EDGE('',*,*,#723,.T.);
#8725 = ORIENTED_EDGE('',*,*,#8374,.F.);
#8726 = ORIENTED_EDGE('',*,*,#8727,.F.);
#8727 = EDGE_CURVE('',#8698,#8367,#8728,.T.);
#8728 = LINE('',#8729,#8730);
#8729 = CARTESIAN_POINT('',(-0.365540159785,2.240999936884,
    1.474541633414));
#8730 = VECTOR('',#8731,1.);
#8731 = DIRECTION('',(-0.366797678951,0.,0.930300737781));
#8732 = ORIENTED_EDGE('',*,*,#8706,.T.);
#8733 = PLANE('',#8734);
#8734 = AXIS2_PLACEMENT_3D('',#8735,#8736,#8737);
#8735 = CARTESIAN_POINT('',(-0.365540159785,2.240999936884,
    1.474541633414));
#8736 = DIRECTION('',(0.930300737781,0.,0.366797678951));
#8737 = DIRECTION('',(0.366797678951,0.,-0.930300737781));
#8738 = ADVANCED_FACE('',(#8739),#8756,.T.);
#8739 = FACE_BOUND('',#8740,.T.);
#8740 = EDGE_LOOP('',(#8741,#8742,#8743,#8744,#8745,#8746,#8747,#8748,
    #8749,#8750,#8751,#8752,#8753,#8754,#8755));
#8741 = ORIENTED_EDGE('',*,*,#8366,.T.);
#8742 = ORIENTED_EDGE('',*,*,#8397,.T.);
#8743 = ORIENTED_EDGE('',*,*,#8413,.T.);
#8744 = ORIENTED_EDGE('',*,*,#8450,.T.);
#8745 = ORIENTED_EDGE('',*,*,#8474,.T.);
#8746 = ORIENTED_EDGE('',*,*,#8498,.T.);
#8747 = ORIENTED_EDGE('',*,*,#8522,.T.);
#8748 = ORIENTED_EDGE('',*,*,#8546,.T.);
#8749 = ORIENTED_EDGE('',*,*,#8570,.T.);
#8750 = ORIENTED_EDGE('',*,*,#8586,.T.);
#8751 = ORIENTED_EDGE('',*,*,#8615,.T.);
#8752 = ORIENTED_EDGE('',*,*,#8652,.T.);
#8753 = ORIENTED_EDGE('',*,*,#8668,.T.);
#8754 = ORIENTED_EDGE('',*,*,#8697,.T.);
#8755 = ORIENTED_EDGE('',*,*,#8727,.T.);
#8756 = PLANE('',#8757);
#8757 = AXIS2_PLACEMENT_3D('',#8758,#8759,#8760);
#8758 = CARTESIAN_POINT('',(-0.312695764868,2.240999936884,
    1.353311062561));
#8759 = DIRECTION('',(0.,1.,0.));
#8760 = DIRECTION('',(0.,0.,1.));
#8761 = ADVANCED_FACE('',(#8762),#8787,.F.);
#8762 = FACE_BOUND('',#8763,.T.);
#8763 = EDGE_LOOP('',(#8764,#8765,#8773,#8781));
#8764 = ORIENTED_EDGE('',*,*,#1717,.T.);
#8765 = ORIENTED_EDGE('',*,*,#8766,.F.);
#8766 = EDGE_CURVE('',#8767,#1720,#8769,.T.);
#8767 = VERTEX_POINT('',#8768);
#8768 = CARTESIAN_POINT('',(-0.447639442555,2.240999936884,
    1.401301087843));
#8769 = LINE('',#8770,#8771);
#8770 = CARTESIAN_POINT('',(-0.447639442555,2.240999936884,
    1.401301087843));
#8771 = VECTOR('',#8772,1.);
#8772 = DIRECTION('',(-0.,-1.,-0.));
#8773 = ORIENTED_EDGE('',*,*,#8774,.F.);
#8774 = EDGE_CURVE('',#8775,#8767,#8777,.T.);
#8775 = VERTEX_POINT('',#8776);
#8776 = CARTESIAN_POINT('',(-0.447639442555,2.240999936884,
    1.387389127313));
#8777 = LINE('',#8778,#8779);
#8778 = CARTESIAN_POINT('',(-0.447639442555,2.240999936884,
    1.401301087843));
#8779 = VECTOR('',#8780,1.);
#8780 = DIRECTION('',(0.,0.,1.));
#8781 = ORIENTED_EDGE('',*,*,#8782,.T.);
#8782 = EDGE_CURVE('',#8775,#1718,#8783,.T.);
#8783 = LINE('',#8784,#8785);
#8784 = CARTESIAN_POINT('',(-0.447639442555,2.240999936884,
    1.387389127313));
#8785 = VECTOR('',#8786,1.);
#8786 = DIRECTION('',(-0.,-1.,-0.));
#8787 = PLANE('',#8788);
#8788 = AXIS2_PLACEMENT_3D('',#8789,#8790,#8791);
#8789 = CARTESIAN_POINT('',(-0.447639442555,2.240999936884,
    1.401301087843));
#8790 = DIRECTION('',(1.,0.,0.));
#8791 = DIRECTION('',(0.,0.,-1.));
#8792 = ADVANCED_FACE('',(#8793),#8811,.F.);
#8793 = FACE_BOUND('',#8794,.T.);
#8794 = EDGE_LOOP('',(#8795,#8796,#8804,#8810));
#8795 = ORIENTED_EDGE('',*,*,#1807,.T.);
#8796 = ORIENTED_EDGE('',*,*,#8797,.F.);
#8797 = EDGE_CURVE('',#8798,#1800,#8800,.T.);
#8798 = VERTEX_POINT('',#8799);
#8799 = CARTESIAN_POINT('',(-0.397762256709,2.240999936884,
    1.401301087843));
#8800 = LINE('',#8801,#8802);
#8801 = CARTESIAN_POINT('',(-0.397762256709,2.240999936884,
    1.401301087843));
#8802 = VECTOR('',#8803,1.);
#8803 = DIRECTION('',(-0.,-1.,-0.));
#8804 = ORIENTED_EDGE('',*,*,#8805,.F.);
#8805 = EDGE_CURVE('',#8767,#8798,#8806,.T.);
#8806 = LINE('',#8807,#8808);
#8807 = CARTESIAN_POINT('',(-0.397762256709,2.240999936884,
    1.401301087843));
#8808 = VECTOR('',#8809,1.);
#8809 = DIRECTION('',(1.,0.,-4.347487227578E-15));
#8810 = ORIENTED_EDGE('',*,*,#8766,.T.);
#8811 = PLANE('',#8812);
#8812 = AXIS2_PLACEMENT_3D('',#8813,#8814,#8815);
#8813 = CARTESIAN_POINT('',(-0.397762256709,2.240999936884,
    1.401301087843));
#8814 = DIRECTION('',(-4.347487227578E-15,0.,-1.));
#8815 = DIRECTION('',(-1.,0.,4.347487227578E-15));
#8816 = ADVANCED_FACE('',(#8817),#8835,.F.);
#8817 = FACE_BOUND('',#8818,.T.);
#8818 = EDGE_LOOP('',(#8819,#8820,#8828,#8834));
#8819 = ORIENTED_EDGE('',*,*,#1799,.T.);
#8820 = ORIENTED_EDGE('',*,*,#8821,.F.);
#8821 = EDGE_CURVE('',#8822,#1792,#8824,.T.);
#8822 = VERTEX_POINT('',#8823);
#8823 = CARTESIAN_POINT('',(-0.397762256709,2.240999936884,
    1.442350729228));
#8824 = LINE('',#8825,#8826);
#8825 = CARTESIAN_POINT('',(-0.397762256709,2.240999936884,
    1.442350729228));
#8826 = VECTOR('',#8827,1.);
#8827 = DIRECTION('',(-0.,-1.,-0.));
#8828 = ORIENTED_EDGE('',*,*,#8829,.F.);
#8829 = EDGE_CURVE('',#8798,#8822,#8830,.T.);
#8830 = LINE('',#8831,#8832);
#8831 = CARTESIAN_POINT('',(-0.397762256709,2.240999936884,
    1.442350729228));
#8832 = VECTOR('',#8833,1.);
#8833 = DIRECTION('',(5.282395195208E-15,0.,1.));
#8834 = ORIENTED_EDGE('',*,*,#8797,.T.);
#8835 = PLANE('',#8836);
#8836 = AXIS2_PLACEMENT_3D('',#8837,#8838,#8839);
#8837 = CARTESIAN_POINT('',(-0.397762256709,2.240999936884,
    1.442350729228));
#8838 = DIRECTION('',(1.,0.,-5.282395195208E-15));
#8839 = DIRECTION('',(-5.282395195208E-15,0.,-1.));
#8840 = ADVANCED_FACE('',(#8841),#8859,.F.);
#8841 = FACE_BOUND('',#8842,.T.);
#8842 = EDGE_LOOP('',(#8843,#8844,#8852,#8858));
#8843 = ORIENTED_EDGE('',*,*,#1791,.T.);
#8844 = ORIENTED_EDGE('',*,*,#8845,.F.);
#8845 = EDGE_CURVE('',#8846,#1784,#8848,.T.);
#8846 = VERTEX_POINT('',#8847);
#8847 = CARTESIAN_POINT('',(-0.441400895232,2.240999936884,
    1.442350729228));
#8848 = LINE('',#8849,#8850);
#8849 = CARTESIAN_POINT('',(-0.441400895232,2.240999936884,
    1.442350729228));
#8850 = VECTOR('',#8851,1.);
#8851 = DIRECTION('',(-0.,-1.,-0.));
#8852 = ORIENTED_EDGE('',*,*,#8853,.F.);
#8853 = EDGE_CURVE('',#8822,#8846,#8854,.T.);
#8854 = LINE('',#8855,#8856);
#8855 = CARTESIAN_POINT('',(-0.441400895232,2.240999936884,
    1.442350729228));
#8856 = VECTOR('',#8857,1.);
#8857 = DIRECTION('',(-1.,0.,4.969000769809E-15));
#8858 = ORIENTED_EDGE('',*,*,#8821,.T.);
#8859 = PLANE('',#8860);
#8860 = AXIS2_PLACEMENT_3D('',#8861,#8862,#8863);
#8861 = CARTESIAN_POINT('',(-0.441400895232,2.240999936884,
    1.442350729228));
#8862 = DIRECTION('',(4.969000769809E-15,0.,1.));
#8863 = DIRECTION('',(1.,0.,-4.969000769809E-15));
#8864 = ADVANCED_FACE('',(#8865),#8883,.F.);
#8865 = FACE_BOUND('',#8866,.T.);
#8866 = EDGE_LOOP('',(#8867,#8868,#8876,#8882));
#8867 = ORIENTED_EDGE('',*,*,#1783,.T.);
#8868 = ORIENTED_EDGE('',*,*,#8869,.F.);
#8869 = EDGE_CURVE('',#8870,#1776,#8872,.T.);
#8870 = VERTEX_POINT('',#8871);
#8871 = CARTESIAN_POINT('',(-0.441400895232,2.240999936884,
    1.456325075231));
#8872 = LINE('',#8873,#8874);
#8873 = CARTESIAN_POINT('',(-0.441400895232,2.240999936884,
    1.456325075231));
#8874 = VECTOR('',#8875,1.);
#8875 = DIRECTION('',(-0.,-1.,-0.));
#8876 = ORIENTED_EDGE('',*,*,#8877,.F.);
#8877 = EDGE_CURVE('',#8846,#8870,#8878,.T.);
#8878 = LINE('',#8879,#8880);
#8879 = CARTESIAN_POINT('',(-0.441400895232,2.240999936884,
    1.456325075231));
#8880 = VECTOR('',#8881,1.);
#8881 = DIRECTION('',(0.,0.,1.));
#8882 = ORIENTED_EDGE('',*,*,#8845,.T.);
#8883 = PLANE('',#8884);
#8884 = AXIS2_PLACEMENT_3D('',#8885,#8886,#8887);
#8885 = CARTESIAN_POINT('',(-0.441400895232,2.240999936884,
    1.456325075231));
#8886 = DIRECTION('',(1.,0.,0.));
#8887 = DIRECTION('',(0.,0.,-1.));
#8888 = ADVANCED_FACE('',(#8889),#8907,.F.);
#8889 = FACE_BOUND('',#8890,.T.);
#8890 = EDGE_LOOP('',(#8891,#8892,#8900,#8906));
#8891 = ORIENTED_EDGE('',*,*,#1775,.T.);
#8892 = ORIENTED_EDGE('',*,*,#8893,.F.);
#8893 = EDGE_CURVE('',#8894,#1768,#8896,.T.);
#8894 = VERTEX_POINT('',#8895);
#8895 = CARTESIAN_POINT('',(-0.397762256709,2.240999936884,
    1.456325075231));
#8896 = LINE('',#8897,#8898);
#8897 = CARTESIAN_POINT('',(-0.397762256709,2.240999936884,
    1.456325075231));
#8898 = VECTOR('',#8899,1.);
#8899 = DIRECTION('',(-0.,-1.,-0.));
#8900 = ORIENTED_EDGE('',*,*,#8901,.F.);
#8901 = EDGE_CURVE('',#8870,#8894,#8902,.T.);
#8902 = LINE('',#8903,#8904);
#8903 = CARTESIAN_POINT('',(-0.397762256709,2.240999936884,
    1.456325075231));
#8904 = VECTOR('',#8905,1.);
#8905 = DIRECTION('',(1.,0.,-4.969000769809E-15));
#8906 = ORIENTED_EDGE('',*,*,#8869,.T.);
#8907 = PLANE('',#8908);
#8908 = AXIS2_PLACEMENT_3D('',#8909,#8910,#8911);
#8909 = CARTESIAN_POINT('',(-0.397762256709,2.240999936884,
    1.456325075231));
#8910 = DIRECTION('',(-4.969000769809E-15,0.,-1.));
#8911 = DIRECTION('',(-1.,0.,4.969000769809E-15));
#8912 = ADVANCED_FACE('',(#8913),#8931,.F.);
#8913 = FACE_BOUND('',#8914,.T.);
#8914 = EDGE_LOOP('',(#8915,#8916,#8924,#8930));
#8915 = ORIENTED_EDGE('',*,*,#1767,.T.);
#8916 = ORIENTED_EDGE('',*,*,#8917,.F.);
#8917 = EDGE_CURVE('',#8918,#1760,#8920,.T.);
#8918 = VERTEX_POINT('',#8919);
#8919 = CARTESIAN_POINT('',(-0.397762256709,2.240999936884,
    1.495378381473));
#8920 = LINE('',#8921,#8922);
#8921 = CARTESIAN_POINT('',(-0.397762256709,2.240999936884,
    1.495378381473));
#8922 = VECTOR('',#8923,1.);
#8923 = DIRECTION('',(-0.,-1.,-0.));
#8924 = ORIENTED_EDGE('',*,*,#8925,.F.);
#8925 = EDGE_CURVE('',#8894,#8918,#8926,.T.);
#8926 = LINE('',#8927,#8928);
#8927 = CARTESIAN_POINT('',(-0.397762256709,2.240999936884,
    1.495378381473));
#8928 = VECTOR('',#8929,1.);
#8929 = DIRECTION('',(5.55242178657E-15,0.,1.));
#8930 = ORIENTED_EDGE('',*,*,#8893,.T.);
#8931 = PLANE('',#8932);
#8932 = AXIS2_PLACEMENT_3D('',#8933,#8934,#8935);
#8933 = CARTESIAN_POINT('',(-0.397762256709,2.240999936884,
    1.495378381473));
#8934 = DIRECTION('',(1.,0.,-5.55242178657E-15));
#8935 = DIRECTION('',(-5.55242178657E-15,0.,-1.));
#8936 = ADVANCED_FACE('',(#8937),#8955,.F.);
#8937 = FACE_BOUND('',#8938,.T.);
#8938 = EDGE_LOOP('',(#8939,#8940,#8948,#8954));
#8939 = ORIENTED_EDGE('',*,*,#1759,.T.);
#8940 = ORIENTED_EDGE('',*,*,#8941,.F.);
#8941 = EDGE_CURVE('',#8942,#1752,#8944,.T.);
#8942 = VERTEX_POINT('',#8943);
#8943 = CARTESIAN_POINT('',(-0.444863288996,2.240999936884,
    1.495378381473));
#8944 = LINE('',#8945,#8946);
#8945 = CARTESIAN_POINT('',(-0.444863288996,2.240999936884,
    1.495378381473));
#8946 = VECTOR('',#8947,1.);
#8947 = DIRECTION('',(-0.,-1.,-0.));
#8948 = ORIENTED_EDGE('',*,*,#8949,.F.);
#8949 = EDGE_CURVE('',#8918,#8942,#8950,.T.);
#8950 = LINE('',#8951,#8952);
#8951 = CARTESIAN_POINT('',(-0.444863288996,2.240999936884,
    1.495378381473));
#8952 = VECTOR('',#8953,1.);
#8953 = DIRECTION('',(-1.,0.,4.603729852268E-15));
#8954 = ORIENTED_EDGE('',*,*,#8917,.T.);
#8955 = PLANE('',#8956);
#8956 = AXIS2_PLACEMENT_3D('',#8957,#8958,#8959);
#8957 = CARTESIAN_POINT('',(-0.444863288996,2.240999936884,
    1.495378381473));
#8958 = DIRECTION('',(4.603729852268E-15,0.,1.));
#8959 = DIRECTION('',(1.,0.,-4.603729852268E-15));
#8960 = ADVANCED_FACE('',(#8961),#8979,.F.);
#8961 = FACE_BOUND('',#8962,.T.);
#8962 = EDGE_LOOP('',(#8963,#8964,#8972,#8978));
#8963 = ORIENTED_EDGE('',*,*,#1751,.T.);
#8964 = ORIENTED_EDGE('',*,*,#8965,.F.);
#8965 = EDGE_CURVE('',#8966,#1744,#8968,.T.);
#8966 = VERTEX_POINT('',#8967);
#8967 = CARTESIAN_POINT('',(-0.444863288996,2.240999936884,
    1.509415112949));
#8968 = LINE('',#8969,#8970);
#8969 = CARTESIAN_POINT('',(-0.444863288996,2.240999936884,
    1.509415112949));
#8970 = VECTOR('',#8971,1.);
#8971 = DIRECTION('',(-0.,-1.,-0.));
#8972 = ORIENTED_EDGE('',*,*,#8973,.F.);
#8973 = EDGE_CURVE('',#8942,#8966,#8974,.T.);
#8974 = LINE('',#8975,#8976);
#8975 = CARTESIAN_POINT('',(-0.444863288996,2.240999936884,
    1.509415112949));
#8976 = VECTOR('',#8977,1.);
#8977 = DIRECTION('',(0.,0.,1.));
#8978 = ORIENTED_EDGE('',*,*,#8941,.T.);
#8979 = PLANE('',#8980);
#8980 = AXIS2_PLACEMENT_3D('',#8981,#8982,#8983);
#8981 = CARTESIAN_POINT('',(-0.444863288996,2.240999936884,
    1.509415112949));
#8982 = DIRECTION('',(1.,0.,0.));
#8983 = DIRECTION('',(0.,0.,-1.));
#8984 = ADVANCED_FACE('',(#8985),#9003,.F.);
#8985 = FACE_BOUND('',#8986,.T.);
#8986 = EDGE_LOOP('',(#8987,#8988,#8996,#9002));
#8987 = ORIENTED_EDGE('',*,*,#1743,.T.);
#8988 = ORIENTED_EDGE('',*,*,#8989,.F.);
#8989 = EDGE_CURVE('',#8990,#1736,#8992,.T.);
#8990 = VERTEX_POINT('',#8991);
#8991 = CARTESIAN_POINT('',(-0.382009924718,2.240999936884,
    1.509415112949));
#8992 = LINE('',#8993,#8994);
#8993 = CARTESIAN_POINT('',(-0.382009924718,2.240999936884,
    1.509415112949));
#8994 = VECTOR('',#8995,1.);
#8995 = DIRECTION('',(-0.,-1.,-0.));
#8996 = ORIENTED_EDGE('',*,*,#8997,.F.);
#8997 = EDGE_CURVE('',#8966,#8990,#8998,.T.);
#8998 = LINE('',#8999,#9000);
#8999 = CARTESIAN_POINT('',(-0.382009924718,2.240999936884,
    1.509415112949));
#9000 = VECTOR('',#9001,1.);
#9001 = DIRECTION('',(1.,0.,-3.449941477355E-15));
#9002 = ORIENTED_EDGE('',*,*,#8965,.T.);
#9003 = PLANE('',#9004);
#9004 = AXIS2_PLACEMENT_3D('',#9005,#9006,#9007);
#9005 = CARTESIAN_POINT('',(-0.382009924718,2.240999936884,
    1.509415112949));
#9006 = DIRECTION('',(-3.449941477355E-15,0.,-1.));
#9007 = DIRECTION('',(-1.,0.,3.449941477355E-15));
#9008 = ADVANCED_FACE('',(#9009),#9027,.F.);
#9009 = FACE_BOUND('',#9010,.T.);
#9010 = EDGE_LOOP('',(#9011,#9012,#9020,#9026));
#9011 = ORIENTED_EDGE('',*,*,#1735,.T.);
#9012 = ORIENTED_EDGE('',*,*,#9013,.F.);
#9013 = EDGE_CURVE('',#9014,#1728,#9016,.T.);
#9014 = VERTEX_POINT('',#9015);
#9015 = CARTESIAN_POINT('',(-0.382009924718,2.240999936884,
    1.387389127313));
#9016 = LINE('',#9017,#9018);
#9017 = CARTESIAN_POINT('',(-0.382009924718,2.240999936884,
    1.387389127313));
#9018 = VECTOR('',#9019,1.);
#9019 = DIRECTION('',(-0.,-1.,-0.));
#9020 = ORIENTED_EDGE('',*,*,#9021,.F.);
#9021 = EDGE_CURVE('',#8990,#9014,#9022,.T.);
#9022 = LINE('',#9023,#9024);
#9023 = CARTESIAN_POINT('',(-0.382009924718,2.240999936884,
    1.387389127313));
#9024 = VECTOR('',#9025,1.);
#9025 = DIRECTION('',(-3.554004129278E-15,-0.,-1.));
#9026 = ORIENTED_EDGE('',*,*,#8989,.T.);
#9027 = PLANE('',#9028);
#9028 = AXIS2_PLACEMENT_3D('',#9029,#9030,#9031);
#9029 = CARTESIAN_POINT('',(-0.382009924718,2.240999936884,
    1.387389127313));
#9030 = DIRECTION('',(-1.,0.,3.554004129278E-15));
#9031 = DIRECTION('',(3.554004129278E-15,0.,1.));
#9032 = ADVANCED_FACE('',(#9033),#9044,.F.);
#9033 = FACE_BOUND('',#9034,.T.);
#9034 = EDGE_LOOP('',(#9035,#9036,#9037,#9043));
#9035 = ORIENTED_EDGE('',*,*,#1727,.T.);
#9036 = ORIENTED_EDGE('',*,*,#8782,.F.);
#9037 = ORIENTED_EDGE('',*,*,#9038,.F.);
#9038 = EDGE_CURVE('',#9014,#8775,#9039,.T.);
#9039 = LINE('',#9040,#9041);
#9040 = CARTESIAN_POINT('',(-0.447639442555,2.240999936884,
    1.387389127313));
#9041 = VECTOR('',#9042,1.);
#9042 = DIRECTION('',(-1.,0.,6.608015282178E-15));
#9043 = ORIENTED_EDGE('',*,*,#9013,.T.);
#9044 = PLANE('',#9045);
#9045 = AXIS2_PLACEMENT_3D('',#9046,#9047,#9048);
#9046 = CARTESIAN_POINT('',(-0.447639442555,2.240999936884,
    1.387389127313));
#9047 = DIRECTION('',(6.608015282178E-15,0.,1.));
#9048 = DIRECTION('',(1.,0.,-6.608015282178E-15));
#9049 = ADVANCED_FACE('',(#9050),#9064,.F.);
#9050 = FACE_BOUND('',#9051,.T.);
#9051 = EDGE_LOOP('',(#9052,#9053,#9054,#9055,#9056,#9057,#9058,#9059,
    #9060,#9061,#9062,#9063));
#9052 = ORIENTED_EDGE('',*,*,#8774,.T.);
#9053 = ORIENTED_EDGE('',*,*,#8805,.T.);
#9054 = ORIENTED_EDGE('',*,*,#8829,.T.);
#9055 = ORIENTED_EDGE('',*,*,#8853,.T.);
#9056 = ORIENTED_EDGE('',*,*,#8877,.T.);
#9057 = ORIENTED_EDGE('',*,*,#8901,.T.);
#9058 = ORIENTED_EDGE('',*,*,#8925,.T.);
#9059 = ORIENTED_EDGE('',*,*,#8949,.T.);
#9060 = ORIENTED_EDGE('',*,*,#8973,.T.);
#9061 = ORIENTED_EDGE('',*,*,#8997,.T.);
#9062 = ORIENTED_EDGE('',*,*,#9021,.T.);
#9063 = ORIENTED_EDGE('',*,*,#9038,.T.);
#9064 = PLANE('',#9065);
#9065 = AXIS2_PLACEMENT_3D('',#9066,#9067,#9068);
#9066 = CARTESIAN_POINT('',(0.,2.240999936884,2.900000014025));
#9067 = DIRECTION('',(0.,-1.,0.));
#9068 = DIRECTION('',(0.,0.,-1.));
#9069 = ADVANCED_FACE('',(#9070,#9132),#9194,.T.);
#9070 = FACE_BOUND('',#9071,.T.);
#9071 = EDGE_LOOP('',(#9072,#9082,#9091,#9100,#9109,#9118,#9126));
#9072 = ORIENTED_EDGE('',*,*,#9073,.T.);
#9073 = EDGE_CURVE('',#9074,#9076,#9078,.T.);
#9074 = VERTEX_POINT('',#9075);
#9075 = CARTESIAN_POINT('',(-0.470690874914,2.240999936884,
    1.387389127313));
#9076 = VERTEX_POINT('',#9077);
#9077 = CARTESIAN_POINT('',(-0.504254259511,2.240999936884,
    1.387389127313));
#9078 = LINE('',#9079,#9080);
#9079 = CARTESIAN_POINT('',(-0.504254259511,2.240999936884,
    1.387389127313));
#9080 = VECTOR('',#9081,1.);
#9081 = DIRECTION('',(-1.,-0.,-0.));
#9082 = ORIENTED_EDGE('',*,*,#9083,.T.);
#9083 = EDGE_CURVE('',#9076,#9084,#9086,.T.);
#9084 = VERTEX_POINT('',#9085);
#9085 = CARTESIAN_POINT('',(-0.551636026428,2.240999936884,
    1.404482746977));
#9086 = B_SPLINE_CURVE_WITH_KNOTS('',3,(#9087,#9088,#9089,#9090),
  .UNSPECIFIED.,.F.,.F.,(4,4),(5.,6.),.PIECEWISE_BEZIER_KNOTS.);
#9087 = CARTESIAN_POINT('',(-0.504254259511,2.240999936884,
    1.387389127313));
#9088 = CARTESIAN_POINT('',(-0.523562563475,2.240999936884,
    1.387389127313));
#9089 = CARTESIAN_POINT('',(-0.539377280939,2.240999936884,
    1.393066205376));
#9090 = CARTESIAN_POINT('',(-0.551636026428,2.240999936884,
    1.404482746977));
#9091 = ORIENTED_EDGE('',*,*,#9092,.T.);
#9092 = EDGE_CURVE('',#9084,#9093,#9095,.T.);
#9093 = VERTEX_POINT('',#9094);
#9094 = CARTESIAN_POINT('',(-0.570039741031,2.240999936884,
    1.449961756961));
#9095 = B_SPLINE_CURVE_WITH_KNOTS('',3,(#9096,#9097,#9098,#9099),
  .UNSPECIFIED.,.F.,.F.,(4,4),(4.,5.),.PIECEWISE_BEZIER_KNOTS.);
#9096 = CARTESIAN_POINT('',(-0.551636026428,2.240999936884,
    1.404482746977));
#9097 = CARTESIAN_POINT('',(-0.563894771917,2.240999936884,
    1.415899288579));
#9098 = CARTESIAN_POINT('',(-0.570039741031,2.240999936884,
    1.431058958573));
#9099 = CARTESIAN_POINT('',(-0.570039741031,2.240999936884,
    1.449961756961));
#9100 = ORIENTED_EDGE('',*,*,#9101,.T.);
#9101 = EDGE_CURVE('',#9093,#9102,#9104,.T.);
#9102 = VERTEX_POINT('',#9103);
#9103 = CARTESIAN_POINT('',(-0.551636026428,2.240999936884,
    1.493257275383));
#9104 = B_SPLINE_CURVE_WITH_KNOTS('',3,(#9105,#9106,#9107,#9108),
  .UNSPECIFIED.,.F.,.F.,(4,4),(3.,4.),.PIECEWISE_BEZIER_KNOTS.);
#9105 = CARTESIAN_POINT('',(-0.570039741031,2.240999936884,
    1.449961756961));
#9106 = CARTESIAN_POINT('',(-0.570039741031,2.240999936884,
    1.468053544198));
#9107 = CARTESIAN_POINT('',(-0.563894771917,2.240999936884,
    1.482464588514));
#9108 = CARTESIAN_POINT('',(-0.551636026428,2.240999936884,
    1.493257275383));
#9109 = ORIENTED_EDGE('',*,*,#9110,.T.);
#9110 = EDGE_CURVE('',#9102,#9111,#9113,.T.);
#9111 = VERTEX_POINT('',#9112);
#9112 = CARTESIAN_POINT('',(-0.505501968975,2.240999936884,
    1.509415112949));
#9113 = B_SPLINE_CURVE_WITH_KNOTS('',3,(#9114,#9115,#9116,#9117),
  .UNSPECIFIED.,.F.,.F.,(4,4),(2.,3.),.PIECEWISE_BEZIER_KNOTS.);
#9114 = CARTESIAN_POINT('',(-0.551636026428,2.240999936884,
    1.493257275383));
#9115 = CARTESIAN_POINT('',(-0.539377280939,2.240999936884,
    1.504049962251));
#9116 = CARTESIAN_POINT('',(-0.523999261787,2.240999936884,
    1.509415112949));
#9117 = CARTESIAN_POINT('',(-0.505501968975,2.240999936884,
    1.509415112949));
#9118 = ORIENTED_EDGE('',*,*,#9119,.T.);
#9119 = EDGE_CURVE('',#9111,#9120,#9122,.T.);
#9120 = VERTEX_POINT('',#9121);
#9121 = CARTESIAN_POINT('',(-0.470690874914,2.240999936884,
    1.509415112949));
#9122 = LINE('',#9123,#9124);
#9123 = CARTESIAN_POINT('',(-0.470690874914,2.240999936884,
    1.509415112949));
#9124 = VECTOR('',#9125,1.);
#9125 = DIRECTION('',(1.,0.,-6.229061000873E-15));
#9126 = ORIENTED_EDGE('',*,*,#9127,.T.);
#9127 = EDGE_CURVE('',#9120,#9074,#9128,.T.);
#9128 = LINE('',#9129,#9130);
#9129 = CARTESIAN_POINT('',(-0.470690874914,2.240999936884,
    1.387389127313));
#9130 = VECTOR('',#9131,1.);
#9131 = DIRECTION('',(-3.554004129278E-15,-0.,-1.));
#9132 = FACE_BOUND('',#9133,.T.);
#9133 = EDGE_LOOP('',(#9134,#9144,#9152,#9161,#9170,#9179,#9188));
#9134 = ORIENTED_EDGE('',*,*,#9135,.F.);
#9135 = EDGE_CURVE('',#9136,#9138,#9140,.T.);
#9136 = VERTEX_POINT('',#9137);
#9137 = CARTESIAN_POINT('',(-0.486443206903,2.240999936884,
    1.495378381473));
#9138 = VERTEX_POINT('',#9139);
#9139 = CARTESIAN_POINT('',(-0.486443206903,2.240999936884,
    1.401301087843));
#9140 = LINE('',#9141,#9142);
#9141 = CARTESIAN_POINT('',(-0.486443206903,2.240999936884,
    1.495378381473));
#9142 = VECTOR('',#9143,1.);
#9143 = DIRECTION('',(-4.60983559473E-15,0.,-1.));
#9144 = ORIENTED_EDGE('',*,*,#9145,.F.);
#9145 = EDGE_CURVE('',#9146,#9136,#9148,.T.);
#9146 = VERTEX_POINT('',#9147);
#9147 = CARTESIAN_POINT('',(-0.504878114242,2.240999936884,
    1.495378381473));
#9148 = LINE('',#9149,#9150);
#9149 = CARTESIAN_POINT('',(-0.504878114242,2.240999936884,
    1.495378381473));
#9150 = VECTOR('',#9151,1.);
#9151 = DIRECTION('',(1.,0.,0.));
#9152 = ORIENTED_EDGE('',*,*,#9153,.F.);
#9153 = EDGE_CURVE('',#9154,#9146,#9156,.T.);
#9154 = VERTEX_POINT('',#9155);
#9155 = CARTESIAN_POINT('',(-0.54009471388,2.240999936884,1.483899454398
    ));
#9156 = B_SPLINE_CURVE_WITH_KNOTS('',3,(#9157,#9158,#9159,#9160),
  .UNSPECIFIED.,.F.,.F.,(4,4),(5.,6.),.PIECEWISE_BEZIER_KNOTS.);
#9157 = CARTESIAN_POINT('',(-0.54009471388,2.240999936884,1.483899454398
    ));
#9158 = CARTESIAN_POINT('',(-0.531173591209,2.240999936884,
    1.491572867605));
#9159 = CARTESIAN_POINT('',(-0.519413929505,2.240999936884,
    1.495378381473));
#9160 = CARTESIAN_POINT('',(-0.504878114242,2.240999936884,
    1.495378381473));
#9161 = ORIENTED_EDGE('',*,*,#9162,.F.);
#9162 = EDGE_CURVE('',#9163,#9154,#9165,.T.);
#9163 = VERTEX_POINT('',#9164);
#9164 = CARTESIAN_POINT('',(-0.553476397888,2.240999936884,
    1.449525058649));
#9165 = B_SPLINE_CURVE_WITH_KNOTS('',3,(#9166,#9167,#9168,#9169),
  .UNSPECIFIED.,.F.,.F.,(4,4),(4.,5.),.PIECEWISE_BEZIER_KNOTS.);
#9166 = CARTESIAN_POINT('',(-0.553476397888,2.240999936884,
    1.449525058649));
#9167 = CARTESIAN_POINT('',(-0.553476397888,2.240999936884,
    1.464747114117));
#9168 = CARTESIAN_POINT('',(-0.549015836552,2.240999936884,
    1.476226041191));
#9169 = CARTESIAN_POINT('',(-0.54009471388,2.240999936884,1.483899454398
    ));
#9170 = ORIENTED_EDGE('',*,*,#9171,.F.);
#9171 = EDGE_CURVE('',#9172,#9163,#9174,.T.);
#9172 = VERTEX_POINT('',#9173);
#9173 = CARTESIAN_POINT('',(-0.540437833983,2.240999936884,
    1.414027724381));
#9174 = B_SPLINE_CURVE_WITH_KNOTS('',3,(#9175,#9176,#9177,#9178),
  .UNSPECIFIED.,.F.,.F.,(4,4),(3.,4.),.PIECEWISE_BEZIER_KNOTS.);
#9175 = CARTESIAN_POINT('',(-0.540437833983,2.240999936884,
    1.414027724381));
#9176 = CARTESIAN_POINT('',(-0.549140607499,2.240999936884,
    1.422449763268));
#9177 = CARTESIAN_POINT('',(-0.553476397888,2.240999936884,
    1.434303003181));
#9178 = CARTESIAN_POINT('',(-0.553476397888,2.240999936884,
    1.449525058649));
#9179 = ORIENTED_EDGE('',*,*,#9180,.F.);
#9180 = EDGE_CURVE('',#9181,#9172,#9183,.T.);
#9181 = VERTEX_POINT('',#9182);
#9182 = CARTESIAN_POINT('',(-0.5041606813,2.240999936884,1.401301087843)
  );
#9183 = B_SPLINE_CURVE_WITH_KNOTS('',3,(#9184,#9185,#9186,#9187),
  .UNSPECIFIED.,.F.,.F.,(4,4),(2.,3.),.PIECEWISE_BEZIER_KNOTS.);
#9184 = CARTESIAN_POINT('',(-0.5041606813,2.240999936884,1.401301087843)
  );
#9185 = CARTESIAN_POINT('',(-0.519663471398,2.240999936884,
    1.401301087843));
#9186 = CARTESIAN_POINT('',(-0.531766253204,2.240999936884,
    1.405543300022));
#9187 = CARTESIAN_POINT('',(-0.540437833983,2.240999936884,
    1.414027724381));
#9188 = ORIENTED_EDGE('',*,*,#9189,.F.);
#9189 = EDGE_CURVE('',#9138,#9181,#9190,.T.);
#9190 = LINE('',#9191,#9192);
#9191 = CARTESIAN_POINT('',(-0.486443206903,2.240999936884,
    1.401301087843));
#9192 = VECTOR('',#9193,1.);
#9193 = DIRECTION('',(-1.,0.,0.));
#9194 = PLANE('',#9195);
#9195 = AXIS2_PLACEMENT_3D('',#9196,#9197,#9198);
#9196 = CARTESIAN_POINT('',(-0.530908452948,2.240999936884,
    1.505383451741));
#9197 = DIRECTION('',(0.,1.,0.));
#9198 = DIRECTION('',(0.,0.,1.));
#9199 = ADVANCED_FACE('',(#9200),#9216,.F.);
#9200 = FACE_BOUND('',#9201,.T.);
#9201 = EDGE_LOOP('',(#9202,#9203,#9209,#9210));
#9202 = ORIENTED_EDGE('',*,*,#1815,.T.);
#9203 = ORIENTED_EDGE('',*,*,#9204,.F.);
#9204 = EDGE_CURVE('',#9076,#1818,#9205,.T.);
#9205 = LINE('',#9206,#9207);
#9206 = CARTESIAN_POINT('',(-0.504254259511,2.240999936884,
    1.387389127313));
#9207 = VECTOR('',#9208,1.);
#9208 = DIRECTION('',(-0.,-1.,-0.));
#9209 = ORIENTED_EDGE('',*,*,#9073,.F.);
#9210 = ORIENTED_EDGE('',*,*,#9211,.T.);
#9211 = EDGE_CURVE('',#9074,#1816,#9212,.T.);
#9212 = LINE('',#9213,#9214);
#9213 = CARTESIAN_POINT('',(-0.470690874914,2.240999936884,
    1.387389127313));
#9214 = VECTOR('',#9215,1.);
#9215 = DIRECTION('',(-0.,-1.,-0.));
#9216 = PLANE('',#9217);
#9217 = AXIS2_PLACEMENT_3D('',#9218,#9219,#9220);
#9218 = CARTESIAN_POINT('',(-0.504254259511,2.240999936884,
    1.387389127313));
#9219 = DIRECTION('',(0.,0.,1.));
#9220 = DIRECTION('',(1.,0.,0.));
#9221 = ADVANCED_FACE('',(#9222),#9233,.F.);
#9222 = FACE_BOUND('',#9223,.F.);
#9223 = EDGE_LOOP('',(#9224,#9225,#9226,#9232));
#9224 = ORIENTED_EDGE('',*,*,#9204,.F.);
#9225 = ORIENTED_EDGE('',*,*,#9083,.T.);
#9226 = ORIENTED_EDGE('',*,*,#9227,.T.);
#9227 = EDGE_CURVE('',#9084,#1860,#9228,.T.);
#9228 = LINE('',#9229,#9230);
#9229 = CARTESIAN_POINT('',(-0.551636026428,2.240999936884,
    1.404482746977));
#9230 = VECTOR('',#9231,1.);
#9231 = DIRECTION('',(-0.,-1.,-0.));
#9232 = ORIENTED_EDGE('',*,*,#1868,.F.);
#9233 = B_SPLINE_SURFACE_WITH_KNOTS('',3,1,(
    (#9234,#9235)
    ,(#9236,#9237)
    ,(#9238,#9239)
    ,(#9240,#9241
    )),.UNSPECIFIED.,.F.,.F.,.F.,(4,4),(2,2),(5.,6.),(0.,1.),
  .PIECEWISE_BEZIER_KNOTS.);
#9234 = CARTESIAN_POINT('',(-0.504254259511,2.240999936884,
    1.387389127313));
#9235 = CARTESIAN_POINT('',(-0.504254259511,2.23999993717,1.387389127313
    ));
#9236 = CARTESIAN_POINT('',(-0.523562563475,2.240999936884,
    1.387389127313));
#9237 = CARTESIAN_POINT('',(-0.523562563475,2.23999993717,1.387389127313
    ));
#9238 = CARTESIAN_POINT('',(-0.539377280939,2.240999936884,
    1.393066205376));
#9239 = CARTESIAN_POINT('',(-0.539377280939,2.23999993717,1.393066205376
    ));
#9240 = CARTESIAN_POINT('',(-0.551636026428,2.240999936884,
    1.404482746977));
#9241 = CARTESIAN_POINT('',(-0.551636026428,2.23999993717,1.404482746977
    ));
#9242 = ADVANCED_FACE('',(#9243),#9254,.F.);
#9243 = FACE_BOUND('',#9244,.F.);
#9244 = EDGE_LOOP('',(#9245,#9246,#9247,#9253));
#9245 = ORIENTED_EDGE('',*,*,#9227,.F.);
#9246 = ORIENTED_EDGE('',*,*,#9092,.T.);
#9247 = ORIENTED_EDGE('',*,*,#9248,.T.);
#9248 = EDGE_CURVE('',#9093,#1851,#9249,.T.);
#9249 = LINE('',#9250,#9251);
#9250 = CARTESIAN_POINT('',(-0.570039741031,2.240999936884,
    1.449961756961));
#9251 = VECTOR('',#9252,1.);
#9252 = DIRECTION('',(-0.,-1.,-0.));
#9253 = ORIENTED_EDGE('',*,*,#1859,.F.);
#9254 = B_SPLINE_SURFACE_WITH_KNOTS('',3,1,(
    (#9255,#9256)
    ,(#9257,#9258)
    ,(#9259,#9260)
    ,(#9261,#9262
    )),.UNSPECIFIED.,.F.,.F.,.F.,(4,4),(2,2),(4.,5.),(0.,1.),
  .PIECEWISE_BEZIER_KNOTS.);
#9255 = CARTESIAN_POINT('',(-0.551636026428,2.240999936884,
    1.404482746977));
#9256 = CARTESIAN_POINT('',(-0.551636026428,2.23999993717,1.404482746977
    ));
#9257 = CARTESIAN_POINT('',(-0.563894771917,2.240999936884,
    1.415899288579));
#9258 = CARTESIAN_POINT('',(-0.563894771917,2.23999993717,1.415899288579
    ));
#9259 = CARTESIAN_POINT('',(-0.570039741031,2.240999936884,
    1.431058958573));
#9260 = CARTESIAN_POINT('',(-0.570039741031,2.23999993717,1.431058958573
    ));
#9261 = CARTESIAN_POINT('',(-0.570039741031,2.240999936884,
    1.449961756961));
#9262 = CARTESIAN_POINT('',(-0.570039741031,2.23999993717,1.449961756961
    ));
#9263 = ADVANCED_FACE('',(#9264),#9275,.F.);
#9264 = FACE_BOUND('',#9265,.F.);
#9265 = EDGE_LOOP('',(#9266,#9267,#9268,#9274));
#9266 = ORIENTED_EDGE('',*,*,#9248,.F.);
#9267 = ORIENTED_EDGE('',*,*,#9101,.T.);
#9268 = ORIENTED_EDGE('',*,*,#9269,.T.);
#9269 = EDGE_CURVE('',#9102,#1842,#9270,.T.);
#9270 = LINE('',#9271,#9272);
#9271 = CARTESIAN_POINT('',(-0.551636026428,2.240999936884,
    1.493257275383));
#9272 = VECTOR('',#9273,1.);
#9273 = DIRECTION('',(-0.,-1.,-0.));
#9274 = ORIENTED_EDGE('',*,*,#1850,.F.);
#9275 = B_SPLINE_SURFACE_WITH_KNOTS('',3,1,(
    (#9276,#9277)
    ,(#9278,#9279)
    ,(#9280,#9281)
    ,(#9282,#9283
    )),.UNSPECIFIED.,.F.,.F.,.F.,(4,4),(2,2),(3.,4.),(0.,1.),
  .PIECEWISE_BEZIER_KNOTS.);
#9276 = CARTESIAN_POINT('',(-0.570039741031,2.240999936884,
    1.449961756961));
#9277 = CARTESIAN_POINT('',(-0.570039741031,2.23999993717,1.449961756961
    ));
#9278 = CARTESIAN_POINT('',(-0.570039741031,2.240999936884,
    1.468053544198));
#9279 = CARTESIAN_POINT('',(-0.570039741031,2.23999993717,1.468053544198
    ));
#9280 = CARTESIAN_POINT('',(-0.563894771917,2.240999936884,
    1.482464588514));
#9281 = CARTESIAN_POINT('',(-0.563894771917,2.23999993717,1.482464588514
    ));
#9282 = CARTESIAN_POINT('',(-0.551636026428,2.240999936884,
    1.493257275383));
#9283 = CARTESIAN_POINT('',(-0.551636026428,2.23999993717,1.493257275383
    ));
#9284 = ADVANCED_FACE('',(#9285),#9296,.F.);
#9285 = FACE_BOUND('',#9286,.F.);
#9286 = EDGE_LOOP('',(#9287,#9288,#9289,#9295));
#9287 = ORIENTED_EDGE('',*,*,#9269,.F.);
#9288 = ORIENTED_EDGE('',*,*,#9110,.T.);
#9289 = ORIENTED_EDGE('',*,*,#9290,.T.);
#9290 = EDGE_CURVE('',#9111,#1834,#9291,.T.);
#9291 = LINE('',#9292,#9293);
#9292 = CARTESIAN_POINT('',(-0.505501968975,2.240999936884,
    1.509415112949));
#9293 = VECTOR('',#9294,1.);
#9294 = DIRECTION('',(-0.,-1.,-0.));
#9295 = ORIENTED_EDGE('',*,*,#1841,.F.);
#9296 = B_SPLINE_SURFACE_WITH_KNOTS('',3,1,(
    (#9297,#9298)
    ,(#9299,#9300)
    ,(#9301,#9302)
    ,(#9303,#9304
    )),.UNSPECIFIED.,.F.,.F.,.F.,(4,4),(2,2),(2.,3.),(0.,1.),
  .PIECEWISE_BEZIER_KNOTS.);
#9297 = CARTESIAN_POINT('',(-0.551636026428,2.240999936884,
    1.493257275383));
#9298 = CARTESIAN_POINT('',(-0.551636026428,2.23999993717,1.493257275383
    ));
#9299 = CARTESIAN_POINT('',(-0.539377280939,2.240999936884,
    1.504049962251));
#9300 = CARTESIAN_POINT('',(-0.539377280939,2.23999993717,1.504049962251
    ));
#9301 = CARTESIAN_POINT('',(-0.523999261787,2.240999936884,
    1.509415112949));
#9302 = CARTESIAN_POINT('',(-0.523999261787,2.23999993717,1.509415112949
    ));
#9303 = CARTESIAN_POINT('',(-0.505501968975,2.240999936884,
    1.509415112949));
#9304 = CARTESIAN_POINT('',(-0.505501968975,2.23999993717,1.509415112949
    ));
#9305 = ADVANCED_FACE('',(#9306),#9317,.F.);
#9306 = FACE_BOUND('',#9307,.T.);
#9307 = EDGE_LOOP('',(#9308,#9309,#9315,#9316));
#9308 = ORIENTED_EDGE('',*,*,#1833,.T.);
#9309 = ORIENTED_EDGE('',*,*,#9310,.F.);
#9310 = EDGE_CURVE('',#9120,#1826,#9311,.T.);
#9311 = LINE('',#9312,#9313);
#9312 = CARTESIAN_POINT('',(-0.470690874914,2.240999936884,
    1.509415112949));
#9313 = VECTOR('',#9314,1.);
#9314 = DIRECTION('',(-0.,-1.,-0.));
#9315 = ORIENTED_EDGE('',*,*,#9119,.F.);
#9316 = ORIENTED_EDGE('',*,*,#9290,.T.);
#9317 = PLANE('',#9318);
#9318 = AXIS2_PLACEMENT_3D('',#9319,#9320,#9321);
#9319 = CARTESIAN_POINT('',(-0.470690874914,2.240999936884,
    1.509415112949));
#9320 = DIRECTION('',(-6.229061000873E-15,0.,-1.));
#9321 = DIRECTION('',(-1.,0.,6.229061000873E-15));
#9322 = ADVANCED_FACE('',(#9323),#9329,.F.);
#9323 = FACE_BOUND('',#9324,.T.);
#9324 = EDGE_LOOP('',(#9325,#9326,#9327,#9328));
#9325 = ORIENTED_EDGE('',*,*,#1825,.T.);
#9326 = ORIENTED_EDGE('',*,*,#9211,.F.);
#9327 = ORIENTED_EDGE('',*,*,#9127,.F.);
#9328 = ORIENTED_EDGE('',*,*,#9310,.T.);
#9329 = PLANE('',#9330);
#9330 = AXIS2_PLACEMENT_3D('',#9331,#9332,#9333);
#9331 = CARTESIAN_POINT('',(-0.470690874914,2.240999936884,
    1.387389127313));
#9332 = DIRECTION('',(-1.,0.,3.554004129278E-15));
#9333 = DIRECTION('',(3.554004129278E-15,0.,1.));
#9334 = ADVANCED_FACE('',(#9335),#9360,.T.);
#9335 = FACE_BOUND('',#9336,.T.);
#9336 = EDGE_LOOP('',(#9337,#9347,#9353,#9354));
#9337 = ORIENTED_EDGE('',*,*,#9338,.F.);
#9338 = EDGE_CURVE('',#9339,#9341,#9343,.T.);
#9339 = VERTEX_POINT('',#9340);
#9340 = CARTESIAN_POINT('',(-0.504878114242,2.23999993717,1.495378381473
    ));
#9341 = VERTEX_POINT('',#9342);
#9342 = CARTESIAN_POINT('',(-0.486443206903,2.239999936912,
    1.495378381473));
#9343 = LINE('',#9344,#9345);
#9344 = CARTESIAN_POINT('',(-0.504878114242,2.239999936912,
    1.495378381473));
#9345 = VECTOR('',#9346,1.);
#9346 = DIRECTION('',(1.,0.,0.));
#9347 = ORIENTED_EDGE('',*,*,#9348,.F.);
#9348 = EDGE_CURVE('',#9146,#9339,#9349,.T.);
#9349 = LINE('',#9350,#9351);
#9350 = CARTESIAN_POINT('',(-0.504878114242,2.240999936884,
    1.495378381473));
#9351 = VECTOR('',#9352,1.);
#9352 = DIRECTION('',(-0.,-1.,-0.));
#9353 = ORIENTED_EDGE('',*,*,#9145,.T.);
#9354 = ORIENTED_EDGE('',*,*,#9355,.T.);
#9355 = EDGE_CURVE('',#9136,#9341,#9356,.T.);
#9356 = LINE('',#9357,#9358);
#9357 = CARTESIAN_POINT('',(-0.486443206903,2.240999936884,
    1.495378381473));
#9358 = VECTOR('',#9359,1.);
#9359 = DIRECTION('',(-0.,-1.,-0.));
#9360 = PLANE('',#9361);
#9361 = AXIS2_PLACEMENT_3D('',#9362,#9363,#9364);
#9362 = CARTESIAN_POINT('',(-0.504878114242,2.240999936884,
    1.495378381473));
#9363 = DIRECTION('',(0.,0.,-1.));
#9364 = DIRECTION('',(-1.,0.,0.));
#9365 = ADVANCED_FACE('',(#9366),#9384,.T.);
#9366 = FACE_BOUND('',#9367,.T.);
#9367 = EDGE_LOOP('',(#9368,#9376,#9377,#9378));
#9368 = ORIENTED_EDGE('',*,*,#9369,.F.);
#9369 = EDGE_CURVE('',#9341,#9370,#9372,.T.);
#9370 = VERTEX_POINT('',#9371);
#9371 = CARTESIAN_POINT('',(-0.486443206903,2.239999936912,
    1.401301087843));
#9372 = LINE('',#9373,#9374);
#9373 = CARTESIAN_POINT('',(-0.486443206903,2.239999936912,
    1.495378381473));
#9374 = VECTOR('',#9375,1.);
#9375 = DIRECTION('',(-4.60983559473E-15,0.,-1.));
#9376 = ORIENTED_EDGE('',*,*,#9355,.F.);
#9377 = ORIENTED_EDGE('',*,*,#9135,.T.);
#9378 = ORIENTED_EDGE('',*,*,#9379,.T.);
#9379 = EDGE_CURVE('',#9138,#9370,#9380,.T.);
#9380 = LINE('',#9381,#9382);
#9381 = CARTESIAN_POINT('',(-0.486443206903,2.240999936884,
    1.401301087843));
#9382 = VECTOR('',#9383,1.);
#9383 = DIRECTION('',(-0.,-1.,-0.));
#9384 = PLANE('',#9385);
#9385 = AXIS2_PLACEMENT_3D('',#9386,#9387,#9388);
#9386 = CARTESIAN_POINT('',(-0.486443206903,2.240999936884,
    1.495378381473));
#9387 = DIRECTION('',(-1.,0.,4.60983559473E-15));
#9388 = DIRECTION('',(4.60983559473E-15,0.,1.));
#9389 = ADVANCED_FACE('',(#9390),#9408,.T.);
#9390 = FACE_BOUND('',#9391,.T.);
#9391 = EDGE_LOOP('',(#9392,#9400,#9401,#9402));
#9392 = ORIENTED_EDGE('',*,*,#9393,.F.);
#9393 = EDGE_CURVE('',#9370,#9394,#9396,.T.);
#9394 = VERTEX_POINT('',#9395);
#9395 = CARTESIAN_POINT('',(-0.5041606813,2.239999936912,1.401301087843)
  );
#9396 = LINE('',#9397,#9398);
#9397 = CARTESIAN_POINT('',(-0.486443206903,2.239999936912,
    1.401301087843));
#9398 = VECTOR('',#9399,1.);
#9399 = DIRECTION('',(-1.,0.,0.));
#9400 = ORIENTED_EDGE('',*,*,#9379,.F.);
#9401 = ORIENTED_EDGE('',*,*,#9189,.T.);
#9402 = ORIENTED_EDGE('',*,*,#9403,.T.);
#9403 = EDGE_CURVE('',#9181,#9394,#9404,.T.);
#9404 = LINE('',#9405,#9406);
#9405 = CARTESIAN_POINT('',(-0.5041606813,2.240999936884,1.401301087843)
  );
#9406 = VECTOR('',#9407,1.);
#9407 = DIRECTION('',(-0.,-1.,-0.));
#9408 = PLANE('',#9409);
#9409 = AXIS2_PLACEMENT_3D('',#9410,#9411,#9412);
#9410 = CARTESIAN_POINT('',(-0.486443206903,2.240999936884,
    1.401301087843));
#9411 = DIRECTION('',(0.,0.,1.));
#9412 = DIRECTION('',(1.,0.,0.));
#9413 = ADVANCED_FACE('',(#9414),#9433,.T.);
#9414 = FACE_BOUND('',#9415,.T.);
#9415 = EDGE_LOOP('',(#9416,#9425,#9426,#9427));
#9416 = ORIENTED_EDGE('',*,*,#9417,.F.);
#9417 = EDGE_CURVE('',#9394,#9418,#9420,.T.);
#9418 = VERTEX_POINT('',#9419);
#9419 = CARTESIAN_POINT('',(-0.540437833983,2.239999936912,
    1.414027724381));
#9420 = B_SPLINE_CURVE_WITH_KNOTS('',3,(#9421,#9422,#9423,#9424),
  .UNSPECIFIED.,.F.,.F.,(4,4),(2.,3.),.PIECEWISE_BEZIER_KNOTS.);
#9421 = CARTESIAN_POINT('',(-0.5041606813,2.239999936912,1.401301087843)
  );
#9422 = CARTESIAN_POINT('',(-0.519663471398,2.239999936912,
    1.401301087843));
#9423 = CARTESIAN_POINT('',(-0.531766253204,2.239999936912,
    1.405543300022));
#9424 = CARTESIAN_POINT('',(-0.540437833983,2.239999936912,
    1.414027724381));
#9425 = ORIENTED_EDGE('',*,*,#9403,.F.);
#9426 = ORIENTED_EDGE('',*,*,#9180,.T.);
#9427 = ORIENTED_EDGE('',*,*,#9428,.T.);
#9428 = EDGE_CURVE('',#9172,#9418,#9429,.T.);
#9429 = LINE('',#9430,#9431);
#9430 = CARTESIAN_POINT('',(-0.540437833983,2.240999936884,
    1.414027724381));
#9431 = VECTOR('',#9432,1.);
#9432 = DIRECTION('',(-0.,-1.,-0.));
#9433 = B_SPLINE_SURFACE_WITH_KNOTS('',3,1,(
    (#9434,#9435)
    ,(#9436,#9437)
    ,(#9438,#9439)
    ,(#9440,#9441
    )),.UNSPECIFIED.,.F.,.F.,.F.,(4,4),(2,2),(2.,3.),(0.,1.),
  .PIECEWISE_BEZIER_KNOTS.);
#9434 = CARTESIAN_POINT('',(-0.5041606813,2.240999936884,1.401301087843)
  );
#9435 = CARTESIAN_POINT('',(-0.5041606813,2.239999936912,1.401301087843)
  );
#9436 = CARTESIAN_POINT('',(-0.519663471398,2.240999936884,
    1.401301087843));
#9437 = CARTESIAN_POINT('',(-0.519663471398,2.239999936912,
    1.401301087843));
#9438 = CARTESIAN_POINT('',(-0.531766253204,2.240999936884,
    1.405543300022));
#9439 = CARTESIAN_POINT('',(-0.531766253204,2.239999936912,
    1.405543300022));
#9440 = CARTESIAN_POINT('',(-0.540437833983,2.240999936884,
    1.414027724381));
#9441 = CARTESIAN_POINT('',(-0.540437833983,2.239999936912,
    1.414027724381));
#9442 = ADVANCED_FACE('',(#9443),#9462,.T.);
#9443 = FACE_BOUND('',#9444,.T.);
#9444 = EDGE_LOOP('',(#9445,#9454,#9455,#9456));
#9445 = ORIENTED_EDGE('',*,*,#9446,.F.);
#9446 = EDGE_CURVE('',#9418,#9447,#9449,.T.);
#9447 = VERTEX_POINT('',#9448);
#9448 = CARTESIAN_POINT('',(-0.553476397888,2.239999936912,
    1.449525058649));
#9449 = B_SPLINE_CURVE_WITH_KNOTS('',3,(#9450,#9451,#9452,#9453),
  .UNSPECIFIED.,.F.,.F.,(4,4),(3.,4.),.PIECEWISE_BEZIER_KNOTS.);
#9450 = CARTESIAN_POINT('',(-0.540437833983,2.239999936912,
    1.414027724381));
#9451 = CARTESIAN_POINT('',(-0.549140607499,2.239999936912,
    1.422449763268));
#9452 = CARTESIAN_POINT('',(-0.553476397888,2.239999936912,
    1.434303003181));
#9453 = CARTESIAN_POINT('',(-0.553476397888,2.239999936912,
    1.449525058649));
#9454 = ORIENTED_EDGE('',*,*,#9428,.F.);
#9455 = ORIENTED_EDGE('',*,*,#9171,.T.);
#9456 = ORIENTED_EDGE('',*,*,#9457,.T.);
#9457 = EDGE_CURVE('',#9163,#9447,#9458,.T.);
#9458 = LINE('',#9459,#9460);
#9459 = CARTESIAN_POINT('',(-0.553476397888,2.240999936884,
    1.449525058649));
#9460 = VECTOR('',#9461,1.);
#9461 = DIRECTION('',(-0.,-1.,-0.));
#9462 = B_SPLINE_SURFACE_WITH_KNOTS('',3,1,(
    (#9463,#9464)
    ,(#9465,#9466)
    ,(#9467,#9468)
    ,(#9469,#9470
    )),.UNSPECIFIED.,.F.,.F.,.F.,(4,4),(2,2),(3.,4.),(0.,1.),
  .PIECEWISE_BEZIER_KNOTS.);
#9463 = CARTESIAN_POINT('',(-0.540437833983,2.240999936884,
    1.414027724381));
#9464 = CARTESIAN_POINT('',(-0.540437833983,2.239999936912,
    1.414027724381));
#9465 = CARTESIAN_POINT('',(-0.549140607499,2.240999936884,
    1.422449763268));
#9466 = CARTESIAN_POINT('',(-0.549140607499,2.239999936912,
    1.422449763268));
#9467 = CARTESIAN_POINT('',(-0.553476397888,2.240999936884,
    1.434303003181));
#9468 = CARTESIAN_POINT('',(-0.553476397888,2.239999936912,
    1.434303003181));
#9469 = CARTESIAN_POINT('',(-0.553476397888,2.240999936884,
    1.449525058649));
#9470 = CARTESIAN_POINT('',(-0.553476397888,2.239999936912,
    1.449525058649));
#9471 = ADVANCED_FACE('',(#9472),#9491,.T.);
#9472 = FACE_BOUND('',#9473,.T.);
#9473 = EDGE_LOOP('',(#9474,#9483,#9484,#9485));
#9474 = ORIENTED_EDGE('',*,*,#9475,.F.);
#9475 = EDGE_CURVE('',#9447,#9476,#9478,.T.);
#9476 = VERTEX_POINT('',#9477);
#9477 = CARTESIAN_POINT('',(-0.54009471388,2.239999936912,1.483899454398
    ));
#9478 = B_SPLINE_CURVE_WITH_KNOTS('',3,(#9479,#9480,#9481,#9482),
  .UNSPECIFIED.,.F.,.F.,(4,4),(4.,5.),.PIECEWISE_BEZIER_KNOTS.);
#9479 = CARTESIAN_POINT('',(-0.553476397888,2.239999936912,
    1.449525058649));
#9480 = CARTESIAN_POINT('',(-0.553476397888,2.239999936912,
    1.464747114117));
#9481 = CARTESIAN_POINT('',(-0.549015836552,2.239999936912,
    1.476226041191));
#9482 = CARTESIAN_POINT('',(-0.54009471388,2.239999936912,1.483899454398
    ));
#9483 = ORIENTED_EDGE('',*,*,#9457,.F.);
#9484 = ORIENTED_EDGE('',*,*,#9162,.T.);
#9485 = ORIENTED_EDGE('',*,*,#9486,.T.);
#9486 = EDGE_CURVE('',#9154,#9476,#9487,.T.);
#9487 = LINE('',#9488,#9489);
#9488 = CARTESIAN_POINT('',(-0.54009471388,2.240999936884,1.483899454398
    ));
#9489 = VECTOR('',#9490,1.);
#9490 = DIRECTION('',(-0.,-1.,-0.));
#9491 = B_SPLINE_SURFACE_WITH_KNOTS('',3,1,(
    (#9492,#9493)
    ,(#9494,#9495)
    ,(#9496,#9497)
    ,(#9498,#9499
    )),.UNSPECIFIED.,.F.,.F.,.F.,(4,4),(2,2),(4.,5.),(0.,1.),
  .PIECEWISE_BEZIER_KNOTS.);
#9492 = CARTESIAN_POINT('',(-0.553476397888,2.240999936884,
    1.449525058649));
#9493 = CARTESIAN_POINT('',(-0.553476397888,2.239999936912,
    1.449525058649));
#9494 = CARTESIAN_POINT('',(-0.553476397888,2.240999936884,
    1.464747114117));
#9495 = CARTESIAN_POINT('',(-0.553476397888,2.239999936912,
    1.464747114117));
#9496 = CARTESIAN_POINT('',(-0.549015836552,2.240999936884,
    1.476226041191));
#9497 = CARTESIAN_POINT('',(-0.549015836552,2.239999936912,
    1.476226041191));
#9498 = CARTESIAN_POINT('',(-0.54009471388,2.240999936884,1.483899454398
    ));
#9499 = CARTESIAN_POINT('',(-0.54009471388,2.239999936912,1.483899454398
    ));
#9500 = ADVANCED_FACE('',(#9501),#9513,.T.);
#9501 = FACE_BOUND('',#9502,.T.);
#9502 = EDGE_LOOP('',(#9503,#9510,#9511,#9512));
#9503 = ORIENTED_EDGE('',*,*,#9504,.F.);
#9504 = EDGE_CURVE('',#9476,#9339,#9505,.T.);
#9505 = B_SPLINE_CURVE_WITH_KNOTS('',3,(#9506,#9507,#9508,#9509),
  .UNSPECIFIED.,.F.,.F.,(4,4),(5.,6.),.PIECEWISE_BEZIER_KNOTS.);
#9506 = CARTESIAN_POINT('',(-0.54009471388,2.239999936912,1.483899454398
    ));
#9507 = CARTESIAN_POINT('',(-0.531173591209,2.239999936912,
    1.491572867605));
#9508 = CARTESIAN_POINT('',(-0.519413929505,2.239999936912,
    1.495378381473));
#9509 = CARTESIAN_POINT('',(-0.504878114242,2.23999993717,1.495378381473
    ));
#9510 = ORIENTED_EDGE('',*,*,#9486,.F.);
#9511 = ORIENTED_EDGE('',*,*,#9153,.T.);
#9512 = ORIENTED_EDGE('',*,*,#9348,.T.);
#9513 = B_SPLINE_SURFACE_WITH_KNOTS('',3,1,(
    (#9514,#9515)
    ,(#9516,#9517)
    ,(#9518,#9519)
    ,(#9520,#9521
    )),.UNSPECIFIED.,.F.,.F.,.F.,(4,4),(2,2),(5.,6.),(0.,1.),
  .PIECEWISE_BEZIER_KNOTS.);
#9514 = CARTESIAN_POINT('',(-0.54009471388,2.240999936884,1.483899454398
    ));
#9515 = CARTESIAN_POINT('',(-0.54009471388,2.239999936912,1.483899454398
    ));
#9516 = CARTESIAN_POINT('',(-0.531173591209,2.240999936884,
    1.491572867605));
#9517 = CARTESIAN_POINT('',(-0.531173591209,2.239999936912,
    1.491572867605));
#9518 = CARTESIAN_POINT('',(-0.519413929505,2.240999936884,
    1.495378381473));
#9519 = CARTESIAN_POINT('',(-0.519413929505,2.239999936912,
    1.495378381473));
#9520 = CARTESIAN_POINT('',(-0.504878114242,2.240999936884,
    1.495378381473));
#9521 = CARTESIAN_POINT('',(-0.504878114242,2.239999936912,
    1.495378381473));
#9522 = ADVANCED_FACE('',(#9523),#9532,.F.);
#9523 = FACE_BOUND('',#9524,.T.);
#9524 = EDGE_LOOP('',(#9525,#9526,#9527,#9528,#9529,#9530,#9531));
#9525 = ORIENTED_EDGE('',*,*,#9504,.T.);
#9526 = ORIENTED_EDGE('',*,*,#9338,.T.);
#9527 = ORIENTED_EDGE('',*,*,#9369,.T.);
#9528 = ORIENTED_EDGE('',*,*,#9393,.T.);
#9529 = ORIENTED_EDGE('',*,*,#9417,.T.);
#9530 = ORIENTED_EDGE('',*,*,#9446,.T.);
#9531 = ORIENTED_EDGE('',*,*,#9475,.T.);
#9532 = PLANE('',#9533);
#9533 = AXIS2_PLACEMENT_3D('',#9534,#9535,#9536);
#9534 = CARTESIAN_POINT('',(2.23999993717,2.23999993717,
    9.536742906491E-08));
#9535 = DIRECTION('',(0.,-1.,0.));
#9536 = DIRECTION('',(0.,0.,-1.));
#9537 = ADVANCED_FACE('',(#9538,#9604),#9656,.F.);
#9538 = FACE_BOUND('',#9539,.T.);
#9539 = EDGE_LOOP('',(#9540,#9550,#9558,#9566,#9574,#9582,#9590,#9598));
#9540 = ORIENTED_EDGE('',*,*,#9541,.T.);
#9541 = EDGE_CURVE('',#9542,#9544,#9546,.T.);
#9542 = VERTEX_POINT('',#9543);
#9543 = CARTESIAN_POINT('',(-0.686606997759,2.240999936884,
    1.387389127313));
#9544 = VERTEX_POINT('',#9545);
#9545 = CARTESIAN_POINT('',(-0.640129820204,2.240999936884,
    1.509415112949));
#9546 = LINE('',#9547,#9548);
#9547 = CARTESIAN_POINT('',(-0.640129820204,2.240999936884,
    1.509415112949));
#9548 = VECTOR('',#9549,1.);
#9549 = DIRECTION('',(0.355935724364,0.,0.934510438744));
#9550 = ORIENTED_EDGE('',*,*,#9551,.T.);
#9551 = EDGE_CURVE('',#9544,#9552,#9554,.T.);
#9552 = VERTEX_POINT('',#9553);
#9553 = CARTESIAN_POINT('',(-0.623285742431,2.240999936884,
    1.509415112949));
#9554 = LINE('',#9555,#9556);
#9555 = CARTESIAN_POINT('',(-0.623285742431,2.240999936884,
    1.509415112949));
#9556 = VECTOR('',#9557,1.);
#9557 = DIRECTION('',(1.,0.,-1.287339273434E-14));
#9558 = ORIENTED_EDGE('',*,*,#9559,.T.);
#9559 = EDGE_CURVE('',#9552,#9560,#9562,.T.);
#9560 = VERTEX_POINT('',#9561);
#9561 = CARTESIAN_POINT('',(-0.576808564875,2.240999936884,
    1.387389127313));
#9562 = LINE('',#9563,#9564);
#9563 = CARTESIAN_POINT('',(-0.576808564875,2.240999936884,
    1.387389127313));
#9564 = VECTOR('',#9565,1.);
#9565 = DIRECTION('',(0.35593572437,0.,-0.934510438742));
#9566 = ORIENTED_EDGE('',*,*,#9567,.T.);
#9567 = EDGE_CURVE('',#9560,#9568,#9570,.T.);
#9568 = VERTEX_POINT('',#9569);
#9569 = CARTESIAN_POINT('',(-0.594214111906,2.240999936884,
    1.387389127313));
#9570 = LINE('',#9571,#9572);
#9571 = CARTESIAN_POINT('',(-0.594214111906,2.240999936884,
    1.387389127313));
#9572 = VECTOR('',#9573,1.);
#9573 = DIRECTION('',(-1.,-0.,-0.));
#9574 = ORIENTED_EDGE('',*,*,#9575,.T.);
#9575 = EDGE_CURVE('',#9568,#9576,#9578,.T.);
#9576 = VERTEX_POINT('',#9577);
#9577 = CARTESIAN_POINT('',(-0.605942580873,2.240999936884,1.42076535549
    ));
#9578 = LINE('',#9579,#9580);
#9579 = CARTESIAN_POINT('',(-0.605942580873,2.240999936884,1.42076535549
    ));
#9580 = VECTOR('',#9581,1.);
#9581 = DIRECTION('',(-0.331528418358,0.,0.94344523308));
#9582 = ORIENTED_EDGE('',*,*,#9583,.T.);
#9583 = EDGE_CURVE('',#9576,#9584,#9586,.T.);
#9584 = VERTEX_POINT('',#9585);
#9585 = CARTESIAN_POINT('',(-0.656755548819,2.240999936884,1.42076535549
    ));
#9586 = LINE('',#9587,#9588);
#9587 = CARTESIAN_POINT('',(-0.656755548819,2.240999936884,1.42076535549
    ));
#9588 = VECTOR('',#9589,1.);
#9589 = DIRECTION('',(-1.,0.,4.267423006025E-15));
#9590 = ORIENTED_EDGE('',*,*,#9591,.T.);
#9591 = EDGE_CURVE('',#9584,#9592,#9594,.T.);
#9592 = VERTEX_POINT('',#9593);
#9593 = CARTESIAN_POINT('',(-0.669201450729,2.240999936884,
    1.387389127313));
#9594 = LINE('',#9595,#9596);
#9595 = CARTESIAN_POINT('',(-0.669201450729,2.240999936884,
    1.387389127313));
#9596 = VECTOR('',#9597,1.);
#9597 = DIRECTION('',(-0.349395479497,-0.,-0.936975345944));
#9598 = ORIENTED_EDGE('',*,*,#9599,.T.);
#9599 = EDGE_CURVE('',#9592,#9542,#9600,.T.);
#9600 = LINE('',#9601,#9602);
#9601 = CARTESIAN_POINT('',(-0.686606997759,2.240999936884,
    1.387389127313));
#9602 = VECTOR('',#9603,1.);
#9603 = DIRECTION('',(-1.,-0.,-0.));
#9604 = FACE_BOUND('',#9605,.T.);
#9605 = EDGE_LOOP('',(#9606,#9616,#9624,#9633,#9641,#9650));
#9606 = ORIENTED_EDGE('',*,*,#9607,.F.);
#9607 = EDGE_CURVE('',#9608,#9610,#9612,.T.);
#9608 = VERTEX_POINT('',#9609);
#9609 = CARTESIAN_POINT('',(-0.610933418733,2.240999936884,
    1.434552545074));
#9610 = VERTEX_POINT('',#9611);
#9611 = CARTESIAN_POINT('',(-0.651889481907,2.240999936884,
    1.434552545074));
#9612 = LINE('',#9613,#9614);
#9613 = CARTESIAN_POINT('',(-0.610933418733,2.240999936884,
    1.434552545074));
#9614 = VECTOR('',#9615,1.);
#9615 = DIRECTION('',(-1.,0.,5.294464643469E-15));
#9616 = ORIENTED_EDGE('',*,*,#9617,.F.);
#9617 = EDGE_CURVE('',#9618,#9608,#9620,.T.);
#9618 = VERTEX_POINT('',#9619);
#9619 = CARTESIAN_POINT('',(-0.629181169651,2.240999936884,
    1.485271934809));
#9620 = LINE('',#9621,#9622);
#9621 = CARTESIAN_POINT('',(-0.629181169651,2.240999936884,
    1.485271934809));
#9622 = VECTOR('',#9623,1.);
#9623 = DIRECTION('',(0.338535034296,0.,-0.940953787683));
#9624 = ORIENTED_EDGE('',*,*,#9625,.F.);
#9625 = EDGE_CURVE('',#9626,#9618,#9628,.T.);
#9626 = VERTEX_POINT('',#9627);
#9627 = CARTESIAN_POINT('',(-0.631177504795,2.240999936884,
    1.493818744641));
#9628 = B_SPLINE_CURVE_WITH_KNOTS('',3,(#9629,#9630,#9631,#9632),
  .UNSPECIFIED.,.F.,.F.,(4,4),(3.,4.),.PIECEWISE_BEZIER_KNOTS.);
#9629 = CARTESIAN_POINT('',(-0.631177504795,2.240999936884,
    1.493818744641));
#9630 = CARTESIAN_POINT('',(-0.630584842799,2.240999936884,
    1.490138001721));
#9631 = CARTESIAN_POINT('',(-0.629929795331,2.240999936884,
    1.487268269952));
#9632 = CARTESIAN_POINT('',(-0.629181169651,2.240999936884,
    1.485271934809));
#9633 = ORIENTED_EDGE('',*,*,#9634,.F.);
#9634 = EDGE_CURVE('',#9635,#9626,#9637,.T.);
#9635 = VERTEX_POINT('',#9636);
#9636 = CARTESIAN_POINT('',(-0.631551817635,2.240999936884,
    1.493818744641));
#9637 = LINE('',#9638,#9639);
#9638 = CARTESIAN_POINT('',(-0.631551817635,2.240999936884,
    1.493818744641));
#9639 = VECTOR('',#9640,1.);
#9640 = DIRECTION('',(1.,0.,0.));
#9641 = ORIENTED_EDGE('',*,*,#9642,.F.);
#9642 = EDGE_CURVE('',#9643,#9635,#9645,.T.);
#9643 = VERTEX_POINT('',#9644);
#9644 = CARTESIAN_POINT('',(-0.633454574568,2.240999936884,
    1.485271934809));
#9645 = B_SPLINE_CURVE_WITH_KNOTS('',3,(#9646,#9647,#9648,#9649),
  .UNSPECIFIED.,.F.,.F.,(4,4),(1.,2.),.PIECEWISE_BEZIER_KNOTS.);
#9646 = CARTESIAN_POINT('',(-0.633454574568,2.240999936884,
    1.485271934809));
#9647 = CARTESIAN_POINT('',(-0.632861912573,2.240999936884,
    1.486956342586));
#9648 = CARTESIAN_POINT('',(-0.632238057839,2.240999936884,
    1.489763688882));
#9649 = CARTESIAN_POINT('',(-0.631551817635,2.240999936884,
    1.493818744641));
#9650 = ORIENTED_EDGE('',*,*,#9651,.F.);
#9651 = EDGE_CURVE('',#9610,#9643,#9652,.T.);
#9652 = LINE('',#9653,#9654);
#9653 = CARTESIAN_POINT('',(-0.651889481907,2.240999936884,
    1.434552545074));
#9654 = VECTOR('',#9655,1.);
#9655 = DIRECTION('',(0.34160383069,0.,0.939844041774));
#9656 = PLANE('',#9657);
#9657 = AXIS2_PLACEMENT_3D('',#9658,#9659,#9660);
#9658 = CARTESIAN_POINT('',(0.,2.240999936884,2.900000014025));
#9659 = DIRECTION('',(0.,-1.,0.));
#9660 = DIRECTION('',(0.,0.,-1.));
#9661 = ADVANCED_FACE('',(#9662),#9678,.F.);
#9662 = FACE_BOUND('',#9663,.T.);
#9663 = EDGE_LOOP('',(#9664,#9665,#9671,#9672));
#9664 = ORIENTED_EDGE('',*,*,#1877,.T.);
#9665 = ORIENTED_EDGE('',*,*,#9666,.F.);
#9666 = EDGE_CURVE('',#9544,#1880,#9667,.T.);
#9667 = LINE('',#9668,#9669);
#9668 = CARTESIAN_POINT('',(-0.640129820204,2.240999936884,
    1.509415112949));
#9669 = VECTOR('',#9670,1.);
#9670 = DIRECTION('',(-0.,-1.,-0.));
#9671 = ORIENTED_EDGE('',*,*,#9541,.F.);
#9672 = ORIENTED_EDGE('',*,*,#9673,.T.);
#9673 = EDGE_CURVE('',#9542,#1878,#9674,.T.);
#9674 = LINE('',#9675,#9676);
#9675 = CARTESIAN_POINT('',(-0.686606997759,2.240999936884,
    1.387389127313));
#9676 = VECTOR('',#9677,1.);
#9677 = DIRECTION('',(-0.,-1.,-0.));
#9678 = PLANE('',#9679);
#9679 = AXIS2_PLACEMENT_3D('',#9680,#9681,#9682);
#9680 = CARTESIAN_POINT('',(-0.640129820204,2.240999936884,
    1.509415112949));
#9681 = DIRECTION('',(0.934510438744,0.,-0.355935724364));
#9682 = DIRECTION('',(-0.355935724364,0.,-0.934510438744));
#9683 = ADVANCED_FACE('',(#9684),#9695,.F.);
#9684 = FACE_BOUND('',#9685,.T.);
#9685 = EDGE_LOOP('',(#9686,#9687,#9693,#9694));
#9686 = ORIENTED_EDGE('',*,*,#1935,.T.);
#9687 = ORIENTED_EDGE('',*,*,#9688,.F.);
#9688 = EDGE_CURVE('',#9552,#1928,#9689,.T.);
#9689 = LINE('',#9690,#9691);
#9690 = CARTESIAN_POINT('',(-0.623285742431,2.240999936884,
    1.509415112949));
#9691 = VECTOR('',#9692,1.);
#9692 = DIRECTION('',(-0.,-1.,-0.));
#9693 = ORIENTED_EDGE('',*,*,#9551,.F.);
#9694 = ORIENTED_EDGE('',*,*,#9666,.T.);
#9695 = PLANE('',#9696);
#9696 = AXIS2_PLACEMENT_3D('',#9697,#9698,#9699);
#9697 = CARTESIAN_POINT('',(-0.623285742431,2.240999936884,
    1.509415112949));
#9698 = DIRECTION('',(-1.287339273434E-14,0.,-1.));
#9699 = DIRECTION('',(-1.,0.,1.287339273434E-14));
#9700 = ADVANCED_FACE('',(#9701),#9712,.F.);
#9701 = FACE_BOUND('',#9702,.T.);
#9702 = EDGE_LOOP('',(#9703,#9704,#9710,#9711));
#9703 = ORIENTED_EDGE('',*,*,#1927,.T.);
#9704 = ORIENTED_EDGE('',*,*,#9705,.F.);
#9705 = EDGE_CURVE('',#9560,#1920,#9706,.T.);
#9706 = LINE('',#9707,#9708);
#9707 = CARTESIAN_POINT('',(-0.576808564875,2.240999936884,
    1.387389127313));
#9708 = VECTOR('',#9709,1.);
#9709 = DIRECTION('',(-0.,-1.,-0.));
#9710 = ORIENTED_EDGE('',*,*,#9559,.F.);
#9711 = ORIENTED_EDGE('',*,*,#9688,.T.);
#9712 = PLANE('',#9713);
#9713 = AXIS2_PLACEMENT_3D('',#9714,#9715,#9716);
#9714 = CARTESIAN_POINT('',(-0.576808564875,2.240999936884,
    1.387389127313));
#9715 = DIRECTION('',(-0.934510438742,0.,-0.35593572437));
#9716 = DIRECTION('',(-0.35593572437,0.,0.934510438742));
#9717 = ADVANCED_FACE('',(#9718),#9729,.F.);
#9718 = FACE_BOUND('',#9719,.T.);
#9719 = EDGE_LOOP('',(#9720,#9721,#9727,#9728));
#9720 = ORIENTED_EDGE('',*,*,#1919,.T.);
#9721 = ORIENTED_EDGE('',*,*,#9722,.F.);
#9722 = EDGE_CURVE('',#9568,#1912,#9723,.T.);
#9723 = LINE('',#9724,#9725);
#9724 = CARTESIAN_POINT('',(-0.594214111906,2.240999936884,
    1.387389127313));
#9725 = VECTOR('',#9726,1.);
#9726 = DIRECTION('',(-0.,-1.,-0.));
#9727 = ORIENTED_EDGE('',*,*,#9567,.F.);
#9728 = ORIENTED_EDGE('',*,*,#9705,.T.);
#9729 = PLANE('',#9730);
#9730 = AXIS2_PLACEMENT_3D('',#9731,#9732,#9733);
#9731 = CARTESIAN_POINT('',(-0.594214111906,2.240999936884,
    1.387389127313));
#9732 = DIRECTION('',(0.,0.,1.));
#9733 = DIRECTION('',(1.,0.,0.));
#9734 = ADVANCED_FACE('',(#9735),#9746,.F.);
#9735 = FACE_BOUND('',#9736,.T.);
#9736 = EDGE_LOOP('',(#9737,#9738,#9744,#9745));
#9737 = ORIENTED_EDGE('',*,*,#1911,.T.);
#9738 = ORIENTED_EDGE('',*,*,#9739,.F.);
#9739 = EDGE_CURVE('',#9576,#1904,#9740,.T.);
#9740 = LINE('',#9741,#9742);
#9741 = CARTESIAN_POINT('',(-0.605942580873,2.240999936884,1.42076535549
    ));
#9742 = VECTOR('',#9743,1.);
#9743 = DIRECTION('',(-0.,-1.,-0.));
#9744 = ORIENTED_EDGE('',*,*,#9575,.F.);
#9745 = ORIENTED_EDGE('',*,*,#9722,.T.);
#9746 = PLANE('',#9747);
#9747 = AXIS2_PLACEMENT_3D('',#9748,#9749,#9750);
#9748 = CARTESIAN_POINT('',(-0.605942580873,2.240999936884,1.42076535549
    ));
#9749 = DIRECTION('',(0.94344523308,0.,0.331528418358));
#9750 = DIRECTION('',(0.331528418358,0.,-0.94344523308));
#9751 = ADVANCED_FACE('',(#9752),#9763,.F.);
#9752 = FACE_BOUND('',#9753,.T.);
#9753 = EDGE_LOOP('',(#9754,#9755,#9761,#9762));
#9754 = ORIENTED_EDGE('',*,*,#1903,.T.);
#9755 = ORIENTED_EDGE('',*,*,#9756,.F.);
#9756 = EDGE_CURVE('',#9584,#1896,#9757,.T.);
#9757 = LINE('',#9758,#9759);
#9758 = CARTESIAN_POINT('',(-0.656755548819,2.240999936884,1.42076535549
    ));
#9759 = VECTOR('',#9760,1.);
#9760 = DIRECTION('',(-0.,-1.,-0.));
#9761 = ORIENTED_EDGE('',*,*,#9583,.F.);
#9762 = ORIENTED_EDGE('',*,*,#9739,.T.);
#9763 = PLANE('',#9764);
#9764 = AXIS2_PLACEMENT_3D('',#9765,#9766,#9767);
#9765 = CARTESIAN_POINT('',(-0.656755548819,2.240999936884,1.42076535549
    ));
#9766 = DIRECTION('',(4.267423006025E-15,0.,1.));
#9767 = DIRECTION('',(1.,0.,-4.267423006025E-15));
#9768 = ADVANCED_FACE('',(#9769),#9780,.F.);
#9769 = FACE_BOUND('',#9770,.T.);
#9770 = EDGE_LOOP('',(#9771,#9772,#9778,#9779));
#9771 = ORIENTED_EDGE('',*,*,#1895,.T.);
#9772 = ORIENTED_EDGE('',*,*,#9773,.F.);
#9773 = EDGE_CURVE('',#9592,#1888,#9774,.T.);
#9774 = LINE('',#9775,#9776);
#9775 = CARTESIAN_POINT('',(-0.669201450729,2.240999936884,
    1.387389127313));
#9776 = VECTOR('',#9777,1.);
#9777 = DIRECTION('',(-0.,-1.,-0.));
#9778 = ORIENTED_EDGE('',*,*,#9591,.F.);
#9779 = ORIENTED_EDGE('',*,*,#9756,.T.);
#9780 = PLANE('',#9781);
#9781 = AXIS2_PLACEMENT_3D('',#9782,#9783,#9784);
#9782 = CARTESIAN_POINT('',(-0.669201450729,2.240999936884,
    1.387389127313));
#9783 = DIRECTION('',(-0.936975345944,0.,0.349395479497));
#9784 = DIRECTION('',(0.349395479497,0.,0.936975345944));
#9785 = ADVANCED_FACE('',(#9786),#9792,.F.);
#9786 = FACE_BOUND('',#9787,.T.);
#9787 = EDGE_LOOP('',(#9788,#9789,#9790,#9791));
#9788 = ORIENTED_EDGE('',*,*,#1887,.T.);
#9789 = ORIENTED_EDGE('',*,*,#9673,.F.);
#9790 = ORIENTED_EDGE('',*,*,#9599,.F.);
#9791 = ORIENTED_EDGE('',*,*,#9773,.T.);
#9792 = PLANE('',#9793);
#9793 = AXIS2_PLACEMENT_3D('',#9794,#9795,#9796);
#9794 = CARTESIAN_POINT('',(-0.686606997759,2.240999936884,
    1.387389127313));
#9795 = DIRECTION('',(0.,0.,1.));
#9796 = DIRECTION('',(1.,0.,0.));
#9797 = ADVANCED_FACE('',(#9798),#9823,.T.);
#9798 = FACE_BOUND('',#9799,.T.);
#9799 = EDGE_LOOP('',(#9800,#9810,#9816,#9817));
#9800 = ORIENTED_EDGE('',*,*,#9801,.F.);
#9801 = EDGE_CURVE('',#9802,#9804,#9806,.T.);
#9802 = VERTEX_POINT('',#9803);
#9803 = CARTESIAN_POINT('',(-0.610933418733,2.23999993717,1.434552545074
    ));
#9804 = VERTEX_POINT('',#9805);
#9805 = CARTESIAN_POINT('',(-0.651889481907,2.239999936912,
    1.434552545074));
#9806 = LINE('',#9807,#9808);
#9807 = CARTESIAN_POINT('',(-0.610933418733,2.239999936912,
    1.434552545074));
#9808 = VECTOR('',#9809,1.);
#9809 = DIRECTION('',(-1.,0.,5.294464643469E-15));
#9810 = ORIENTED_EDGE('',*,*,#9811,.F.);
#9811 = EDGE_CURVE('',#9608,#9802,#9812,.T.);
#9812 = LINE('',#9813,#9814);
#9813 = CARTESIAN_POINT('',(-0.610933418733,2.240999936884,
    1.434552545074));
#9814 = VECTOR('',#9815,1.);
#9815 = DIRECTION('',(-0.,-1.,-0.));
#9816 = ORIENTED_EDGE('',*,*,#9607,.T.);
#9817 = ORIENTED_EDGE('',*,*,#9818,.T.);
#9818 = EDGE_CURVE('',#9610,#9804,#9819,.T.);
#9819 = LINE('',#9820,#9821);
#9820 = CARTESIAN_POINT('',(-0.651889481907,2.240999936884,
    1.434552545074));
#9821 = VECTOR('',#9822,1.);
#9822 = DIRECTION('',(-0.,-1.,-0.));
#9823 = PLANE('',#9824);
#9824 = AXIS2_PLACEMENT_3D('',#9825,#9826,#9827);
#9825 = CARTESIAN_POINT('',(-0.610933418733,2.240999936884,
    1.434552545074));
#9826 = DIRECTION('',(5.294464643469E-15,0.,1.));
#9827 = DIRECTION('',(1.,0.,-5.294464643469E-15));
#9828 = ADVANCED_FACE('',(#9829),#9847,.T.);
#9829 = FACE_BOUND('',#9830,.T.);
#9830 = EDGE_LOOP('',(#9831,#9839,#9840,#9841));
#9831 = ORIENTED_EDGE('',*,*,#9832,.F.);
#9832 = EDGE_CURVE('',#9804,#9833,#9835,.T.);
#9833 = VERTEX_POINT('',#9834);
#9834 = CARTESIAN_POINT('',(-0.633454574568,2.239999936912,
    1.485271934809));
#9835 = LINE('',#9836,#9837);
#9836 = CARTESIAN_POINT('',(-0.651889481907,2.239999936912,
    1.434552545074));
#9837 = VECTOR('',#9838,1.);
#9838 = DIRECTION('',(0.34160383069,0.,0.939844041774));
#9839 = ORIENTED_EDGE('',*,*,#9818,.F.);
#9840 = ORIENTED_EDGE('',*,*,#9651,.T.);
#9841 = ORIENTED_EDGE('',*,*,#9842,.T.);
#9842 = EDGE_CURVE('',#9643,#9833,#9843,.T.);
#9843 = LINE('',#9844,#9845);
#9844 = CARTESIAN_POINT('',(-0.633454574568,2.240999936884,
    1.485271934809));
#9845 = VECTOR('',#9846,1.);
#9846 = DIRECTION('',(-0.,-1.,-0.));
#9847 = PLANE('',#9848);
#9848 = AXIS2_PLACEMENT_3D('',#9849,#9850,#9851);
#9849 = CARTESIAN_POINT('',(-0.651889481907,2.240999936884,
    1.434552545074));
#9850 = DIRECTION('',(0.939844041774,0.,-0.34160383069));
#9851 = DIRECTION('',(-0.34160383069,0.,-0.939844041774));
#9852 = ADVANCED_FACE('',(#9853),#9872,.T.);
#9853 = FACE_BOUND('',#9854,.T.);
#9854 = EDGE_LOOP('',(#9855,#9864,#9865,#9866));
#9855 = ORIENTED_EDGE('',*,*,#9856,.F.);
#9856 = EDGE_CURVE('',#9833,#9857,#9859,.T.);
#9857 = VERTEX_POINT('',#9858);
#9858 = CARTESIAN_POINT('',(-0.631551817635,2.239999936912,
    1.493818744641));
#9859 = B_SPLINE_CURVE_WITH_KNOTS('',3,(#9860,#9861,#9862,#9863),
  .UNSPECIFIED.,.F.,.F.,(4,4),(1.,2.),.PIECEWISE_BEZIER_KNOTS.);
#9860 = CARTESIAN_POINT('',(-0.633454574568,2.239999936912,
    1.485271934809));
#9861 = CARTESIAN_POINT('',(-0.632861912573,2.239999936912,
    1.486956342586));
#9862 = CARTESIAN_POINT('',(-0.632238057839,2.239999936912,
    1.489763688882));
#9863 = CARTESIAN_POINT('',(-0.631551817635,2.239999936912,
    1.493818744641));
#9864 = ORIENTED_EDGE('',*,*,#9842,.F.);
#9865 = ORIENTED_EDGE('',*,*,#9642,.T.);
#9866 = ORIENTED_EDGE('',*,*,#9867,.T.);
#9867 = EDGE_CURVE('',#9635,#9857,#9868,.T.);
#9868 = LINE('',#9869,#9870);
#9869 = CARTESIAN_POINT('',(-0.631551817635,2.240999936884,
    1.493818744641));
#9870 = VECTOR('',#9871,1.);
#9871 = DIRECTION('',(-0.,-1.,-0.));
#9872 = B_SPLINE_SURFACE_WITH_KNOTS('',3,1,(
    (#9873,#9874)
    ,(#9875,#9876)
    ,(#9877,#9878)
    ,(#9879,#9880
    )),.UNSPECIFIED.,.F.,.F.,.F.,(4,4),(2,2),(1.,2.),(0.,1.),
  .PIECEWISE_BEZIER_KNOTS.);
#9873 = CARTESIAN_POINT('',(-0.633454574568,2.240999936884,
    1.485271934809));
#9874 = CARTESIAN_POINT('',(-0.633454574568,2.239999936912,
    1.485271934809));
#9875 = CARTESIAN_POINT('',(-0.632861912573,2.240999936884,
    1.486956342586));
#9876 = CARTESIAN_POINT('',(-0.632861912573,2.239999936912,
    1.486956342586));
#9877 = CARTESIAN_POINT('',(-0.632238057839,2.240999936884,
    1.489763688882));
#9878 = CARTESIAN_POINT('',(-0.632238057839,2.239999936912,
    1.489763688882));
#9879 = CARTESIAN_POINT('',(-0.631551817635,2.240999936884,
    1.493818744641));
#9880 = CARTESIAN_POINT('',(-0.631551817635,2.239999936912,
    1.493818744641));
#9881 = ADVANCED_FACE('',(#9882),#9900,.T.);
#9882 = FACE_BOUND('',#9883,.T.);
#9883 = EDGE_LOOP('',(#9884,#9892,#9893,#9894));
#9884 = ORIENTED_EDGE('',*,*,#9885,.F.);
#9885 = EDGE_CURVE('',#9857,#9886,#9888,.T.);
#9886 = VERTEX_POINT('',#9887);
#9887 = CARTESIAN_POINT('',(-0.631177504795,2.239999936912,
    1.493818744641));
#9888 = LINE('',#9889,#9890);
#9889 = CARTESIAN_POINT('',(-0.631551817635,2.239999936912,
    1.493818744641));
#9890 = VECTOR('',#9891,1.);
#9891 = DIRECTION('',(1.,0.,0.));
#9892 = ORIENTED_EDGE('',*,*,#9867,.F.);
#9893 = ORIENTED_EDGE('',*,*,#9634,.T.);
#9894 = ORIENTED_EDGE('',*,*,#9895,.T.);
#9895 = EDGE_CURVE('',#9626,#9886,#9896,.T.);
#9896 = LINE('',#9897,#9898);
#9897 = CARTESIAN_POINT('',(-0.631177504795,2.240999936884,
    1.493818744641));
#9898 = VECTOR('',#9899,1.);
#9899 = DIRECTION('',(-0.,-1.,-0.));
#9900 = PLANE('',#9901);
#9901 = AXIS2_PLACEMENT_3D('',#9902,#9903,#9904);
#9902 = CARTESIAN_POINT('',(-0.631551817635,2.240999936884,
    1.493818744641));
#9903 = DIRECTION('',(0.,0.,-1.));
#9904 = DIRECTION('',(-1.,0.,0.));
#9905 = ADVANCED_FACE('',(#9906),#9925,.T.);
#9906 = FACE_BOUND('',#9907,.T.);
#9907 = EDGE_LOOP('',(#9908,#9917,#9918,#9919));
#9908 = ORIENTED_EDGE('',*,*,#9909,.F.);
#9909 = EDGE_CURVE('',#9886,#9910,#9912,.T.);
#9910 = VERTEX_POINT('',#9911);
#9911 = CARTESIAN_POINT('',(-0.629181169651,2.239999936912,
    1.485271934809));
#9912 = B_SPLINE_CURVE_WITH_KNOTS('',3,(#9913,#9914,#9915,#9916),
  .UNSPECIFIED.,.F.,.F.,(4,4),(3.,4.),.PIECEWISE_BEZIER_KNOTS.);
#9913 = CARTESIAN_POINT('',(-0.631177504795,2.239999936912,
    1.493818744641));
#9914 = CARTESIAN_POINT('',(-0.630584842799,2.239999936912,
    1.490138001721));
#9915 = CARTESIAN_POINT('',(-0.629929795331,2.239999936912,
    1.487268269952));
#9916 = CARTESIAN_POINT('',(-0.629181169651,2.239999936912,
    1.485271934809));
#9917 = ORIENTED_EDGE('',*,*,#9895,.F.);
#9918 = ORIENTED_EDGE('',*,*,#9625,.T.);
#9919 = ORIENTED_EDGE('',*,*,#9920,.T.);
#9920 = EDGE_CURVE('',#9618,#9910,#9921,.T.);
#9921 = LINE('',#9922,#9923);
#9922 = CARTESIAN_POINT('',(-0.629181169651,2.240999936884,
    1.485271934809));
#9923 = VECTOR('',#9924,1.);
#9924 = DIRECTION('',(-0.,-1.,-0.));
#9925 = B_SPLINE_SURFACE_WITH_KNOTS('',3,1,(
    (#9926,#9927)
    ,(#9928,#9929)
    ,(#9930,#9931)
    ,(#9932,#9933
    )),.UNSPECIFIED.,.F.,.F.,.F.,(4,4),(2,2),(3.,4.),(0.,1.),
  .PIECEWISE_BEZIER_KNOTS.);
#9926 = CARTESIAN_POINT('',(-0.631177504795,2.240999936884,
    1.493818744641));
#9927 = CARTESIAN_POINT('',(-0.631177504795,2.239999936912,
    1.493818744641));
#9928 = CARTESIAN_POINT('',(-0.630584842799,2.240999936884,
    1.490138001721));
#9929 = CARTESIAN_POINT('',(-0.630584842799,2.239999936912,
    1.490138001721));
#9930 = CARTESIAN_POINT('',(-0.629929795331,2.240999936884,
    1.487268269952));
#9931 = CARTESIAN_POINT('',(-0.629929795331,2.239999936912,
    1.487268269952));
#9932 = CARTESIAN_POINT('',(-0.629181169651,2.240999936884,
    1.485271934809));
#9933 = CARTESIAN_POINT('',(-0.629181169651,2.239999936912,
    1.485271934809));
#9934 = ADVANCED_FACE('',(#9935),#9946,.T.);
#9935 = FACE_BOUND('',#9936,.T.);
#9936 = EDGE_LOOP('',(#9937,#9943,#9944,#9945));
#9937 = ORIENTED_EDGE('',*,*,#9938,.F.);
#9938 = EDGE_CURVE('',#9910,#9802,#9939,.T.);
#9939 = LINE('',#9940,#9941);
#9940 = CARTESIAN_POINT('',(-0.629181169651,2.239999936912,
    1.485271934809));
#9941 = VECTOR('',#9942,1.);
#9942 = DIRECTION('',(0.338535034296,0.,-0.940953787683));
#9943 = ORIENTED_EDGE('',*,*,#9920,.F.);
#9944 = ORIENTED_EDGE('',*,*,#9617,.T.);
#9945 = ORIENTED_EDGE('',*,*,#9811,.T.);
#9946 = PLANE('',#9947);
#9947 = AXIS2_PLACEMENT_3D('',#9948,#9949,#9950);
#9948 = CARTESIAN_POINT('',(-0.629181169651,2.240999936884,
    1.485271934809));
#9949 = DIRECTION('',(-0.940953787683,0.,-0.338535034296));
#9950 = DIRECTION('',(-0.338535034296,0.,0.940953787683));
#9951 = ADVANCED_FACE('',(#9952),#9960,.F.);
#9952 = FACE_BOUND('',#9953,.T.);
#9953 = EDGE_LOOP('',(#9954,#9955,#9956,#9957,#9958,#9959));
#9954 = ORIENTED_EDGE('',*,*,#9938,.T.);
#9955 = ORIENTED_EDGE('',*,*,#9801,.T.);
#9956 = ORIENTED_EDGE('',*,*,#9832,.T.);
#9957 = ORIENTED_EDGE('',*,*,#9856,.T.);
#9958 = ORIENTED_EDGE('',*,*,#9885,.T.);
#9959 = ORIENTED_EDGE('',*,*,#9909,.T.);
#9960 = PLANE('',#9961);
#9961 = AXIS2_PLACEMENT_3D('',#9962,#9963,#9964);
#9962 = CARTESIAN_POINT('',(2.23999993717,2.23999993717,
    9.536742906491E-08));
#9963 = DIRECTION('',(0.,-1.,0.));
#9964 = DIRECTION('',(0.,0.,-1.));
#9965 = ADVANCED_FACE('',(#9966,#10260),#10285,.F.);
#9966 = FACE_BOUND('',#9967,.T.);
#9967 = EDGE_LOOP('',(#9968,#9979,#9988,#9997,#10006,#10015,#10024,
    #10033,#10042,#10051,#10060,#10069,#10078,#10087,#10095,#10103,
    #10111,#10120,#10129,#10138,#10147,#10156,#10165,#10174,#10183,
    #10192,#10201,#10209,#10218,#10227,#10236,#10244,#10253));
#9968 = ORIENTED_EDGE('',*,*,#9969,.T.);
#9969 = EDGE_CURVE('',#9970,#9972,#9974,.T.);
#9970 = VERTEX_POINT('',#9971);
#9971 = CARTESIAN_POINT('',(5.586909913852E-02,2.240999936884,
    1.508428840181));
#9972 = VERTEX_POINT('',#9973);
#9973 = CARTESIAN_POINT('',(0.141760714804,2.240999936884,1.622083398814
    ));
#9974 = B_SPLINE_CURVE_WITH_KNOTS('',3,(#9975,#9976,#9977,#9978),
  .UNSPECIFIED.,.F.,.F.,(4,4),(35.,36.),.PIECEWISE_BEZIER_KNOTS.);
#9975 = CARTESIAN_POINT('',(5.586909913852E-02,2.240999936884,
    1.508428840181));
#9976 = CARTESIAN_POINT('',(5.673667817835E-02,2.240999936884,
    1.560484343765));
#9977 = CARTESIAN_POINT('',(9.230798143428E-02,2.240999936884,
    1.606466744428));
#9978 = CARTESIAN_POINT('',(0.141760714804,2.240999936884,1.622083398814
    ));
#9979 = ORIENTED_EDGE('',*,*,#9980,.T.);
#9980 = EDGE_CURVE('',#9972,#9981,#9983,.T.);
#9981 = VERTEX_POINT('',#9982);
#9982 = CARTESIAN_POINT('',(0.188610711055,2.240999936884,1.690623189603
    ));
#9983 = B_SPLINE_CURVE_WITH_KNOTS('',3,(#9984,#9985,#9986,#9987),
  .UNSPECIFIED.,.F.,.F.,(4,4),(0.,1.),.PIECEWISE_BEZIER_KNOTS.);
#9984 = CARTESIAN_POINT('',(0.141760714804,2.240999936884,1.622083398814
    ));
#9985 = CARTESIAN_POINT('',(0.151304216623,2.240999936884,1.648111167153
    ));
#9986 = CARTESIAN_POINT('',(0.167788483144,2.240999936884,1.671536157006
    ));
#9987 = CARTESIAN_POINT('',(0.188610711055,2.240999936884,1.690623189603
    ));
#9988 = ORIENTED_EDGE('',*,*,#9989,.T.);
#9989 = EDGE_CURVE('',#9981,#9990,#9992,.T.);
#9990 = VERTEX_POINT('',#9991);
#9991 = CARTESIAN_POINT('',(0.306603247626,2.240999936884,1.735737990542
    ));
#9992 = B_SPLINE_CURVE_WITH_KNOTS('',3,(#9993,#9994,#9995,#9996),
  .UNSPECIFIED.,.F.,.F.,(4,4),(1.,2.),.PIECEWISE_BEZIER_KNOTS.);
#9993 = CARTESIAN_POINT('',(0.188610711055,2.240999936884,1.690623189603
    ));
#9994 = CARTESIAN_POINT('',(0.221579211,2.240999936884,1.719253737467));
#9995 = CARTESIAN_POINT('',(0.263223633725,2.240999936884,1.735737990542
    ));
#9996 = CARTESIAN_POINT('',(0.306603247626,2.240999936884,1.735737990542
    ));
#9997 = ORIENTED_EDGE('',*,*,#9998,.T.);
#9998 = EDGE_CURVE('',#9990,#9999,#10001,.T.);
#9999 = VERTEX_POINT('',#10000);
#10000 = CARTESIAN_POINT('',(0.410714320987,2.240999936884,
    1.701901890872));
#10001 = B_SPLINE_CURVE_WITH_KNOTS('',3,(#10002,#10003,#10004,#10005),
  .UNSPECIFIED.,.F.,.F.,(4,4),(2.,3.),.PIECEWISE_BEZIER_KNOTS.);
#10002 = CARTESIAN_POINT('',(0.306603247626,2.240999936884,
    1.735737990542));
#10003 = CARTESIAN_POINT('',(0.344777304548,2.240999936884,
    1.735737990542));
#10004 = CARTESIAN_POINT('',(0.380348591256,2.240999936884,
    1.723591698857));
#10005 = CARTESIAN_POINT('',(0.410714320987,2.240999936884,
    1.701901890872));
#10006 = ORIENTED_EDGE('',*,*,#10007,.T.);
#10007 = EDGE_CURVE('',#9999,#10008,#10010,.T.);
#10008 = VERTEX_POINT('',#10009);
#10009 = CARTESIAN_POINT('',(0.448888377909,2.240999936884,
    1.663727829813));
#10010 = B_SPLINE_CURVE_WITH_KNOTS('',3,(#10011,#10012,#10013,#10014),
  .UNSPECIFIED.,.F.,.F.,(4,4),(3.,4.),.PIECEWISE_BEZIER_KNOTS.);
#10011 = CARTESIAN_POINT('',(0.410714320987,2.240999936884,
    1.701901890872));
#10012 = CARTESIAN_POINT('',(0.425463396332,2.240999936884,
    1.691490781054));
#10013 = CARTESIAN_POINT('',(0.437609684914,2.240999936884,
    1.678476896884));
#10014 = CARTESIAN_POINT('',(0.448888377909,2.240999936884,
    1.663727829813));
#10015 = ORIENTED_EDGE('',*,*,#10016,.T.);
#10016 = EDGE_CURVE('',#10008,#10017,#10019,.T.);
#10017 = VERTEX_POINT('',#10018);
#10018 = CARTESIAN_POINT('',(0.468842993684,2.240999936884,
    1.665463012714));
#10019 = B_SPLINE_CURVE_WITH_KNOTS('',3,(#10020,#10021,#10022,#10023),
  .UNSPECIFIED.,.F.,.F.,(4,4),(4.,5.),.PIECEWISE_BEZIER_KNOTS.);
#10020 = CARTESIAN_POINT('',(0.448888377909,2.240999936884,
    1.663727829813));
#10021 = CARTESIAN_POINT('',(0.455829109514,2.240999936884,
    1.664595425401));
#10022 = CARTESIAN_POINT('',(0.461902262079,2.240999936884,
    1.665463012714));
#10023 = CARTESIAN_POINT('',(0.468842993684,2.240999936884,
    1.665463012714));
#10024 = ORIENTED_EDGE('',*,*,#10025,.T.);
#10025 = EDGE_CURVE('',#10017,#10026,#10028,.T.);
#10026 = VERTEX_POINT('',#10027);
#10027 = CARTESIAN_POINT('',(0.568616105655,2.240999936884,
    1.623818581715));
#10028 = B_SPLINE_CURVE_WITH_KNOTS('',3,(#10029,#10030,#10031,#10032),
  .UNSPECIFIED.,.F.,.F.,(4,4),(5.,6.),.PIECEWISE_BEZIER_KNOTS.);
#10029 = CARTESIAN_POINT('',(0.468842993684,2.240999936884,
    1.665463012714));
#10030 = CARTESIAN_POINT('',(0.506149463294,2.240999936884,
    1.665463012714));
#10031 = CARTESIAN_POINT('',(0.541720741728,2.240999936884,
    1.650713945643));
#10032 = CARTESIAN_POINT('',(0.568616105655,2.240999936884,
    1.623818581715));
#10033 = ORIENTED_EDGE('',*,*,#10034,.T.);
#10034 = EDGE_CURVE('',#10026,#10035,#10037,.T.);
#10035 = VERTEX_POINT('',#10036);
#10036 = CARTESIAN_POINT('',(0.609392965889,2.240999936884,
    1.524913073606));
#10037 = B_SPLINE_CURVE_WITH_KNOTS('',3,(#10038,#10039,#10040,#10041),
  .UNSPECIFIED.,.F.,.F.,(4,4),(6.,7.),.PIECEWISE_BEZIER_KNOTS.);
#10038 = CARTESIAN_POINT('',(0.568616105655,2.240999936884,
    1.623818581715));
#10039 = CARTESIAN_POINT('',(0.594643896749,2.240999936884,
    1.597790821649));
#10040 = CARTESIAN_POINT('',(0.609392965889,2.240999936884,1.56221953494
    ));
#10041 = CARTESIAN_POINT('',(0.609392965889,2.240999936884,
    1.524913073606));
#10042 = ORIENTED_EDGE('',*,*,#10043,.T.);
#10043 = EDGE_CURVE('',#10035,#10044,#10046,.T.);
#10044 = VERTEX_POINT('',#10045);
#10045 = CARTESIAN_POINT('',(0.572954091867,2.240999936884,1.43034553516
    ));
#10046 = B_SPLINE_CURVE_WITH_KNOTS('',3,(#10047,#10048,#10049,#10050),
  .UNSPECIFIED.,.F.,.F.,(4,4),(7.,8.),.PIECEWISE_BEZIER_KNOTS.);
#10047 = CARTESIAN_POINT('',(0.609392965889,2.240999936884,
    1.524913073606));
#10048 = CARTESIAN_POINT('',(0.609392965889,2.240999936884,
    1.490209382485));
#10049 = CARTESIAN_POINT('',(0.596379081719,2.240999936884,
    1.456373270404));
#10050 = CARTESIAN_POINT('',(0.572954091867,2.240999936884,1.43034553516
    ));
#10051 = ORIENTED_EDGE('',*,*,#10052,.T.);
#10052 = EDGE_CURVE('',#10044,#10053,#10055,.T.);
#10053 = VERTEX_POINT('',#10054);
#10054 = CARTESIAN_POINT('',(0.503546709627,2.240999936884,
    1.388701112435));
#10055 = B_SPLINE_CURVE_WITH_KNOTS('',3,(#10056,#10057,#10058,#10059),
  .UNSPECIFIED.,.F.,.F.,(4,4),(8.,9.),.PIECEWISE_BEZIER_KNOTS.);
#10056 = CARTESIAN_POINT('',(0.572954091867,2.240999936884,1.43034553516
    ));
#10057 = CARTESIAN_POINT('',(0.553867063406,2.240999936884,
    1.409523307249));
#10058 = CARTESIAN_POINT('',(0.530442065281,2.240999936884,1.39564184404
    ));
#10059 = CARTESIAN_POINT('',(0.503546709627,2.240999936884,
    1.388701112435));
#10060 = ORIENTED_EDGE('',*,*,#10061,.T.);
#10061 = EDGE_CURVE('',#10053,#10062,#10064,.T.);
#10062 = VERTEX_POINT('',#10063);
#10063 = CARTESIAN_POINT('',(0.421125434942,2.240999936884,
    1.329704844149));
#10064 = B_SPLINE_CURVE_WITH_KNOTS('',3,(#10065,#10066,#10067,#10068),
  .UNSPECIFIED.,.F.,.F.,(4,4),(9.,10.),.PIECEWISE_BEZIER_KNOTS.);
#10065 = CARTESIAN_POINT('',(0.503546709627,2.240999936884,
    1.388701112435));
#10066 = CARTESIAN_POINT('',(0.492268008358,2.240999936884,
    1.353997421314));
#10067 = CARTESIAN_POINT('',(0.459299508413,2.240999936884,
    1.329704844149));
#10068 = CARTESIAN_POINT('',(0.421125434942,2.240999936884,
    1.329704844149));
#10069 = ORIENTED_EDGE('',*,*,#10070,.T.);
#10070 = EDGE_CURVE('',#10062,#10071,#10073,.T.);
#10071 = VERTEX_POINT('',#10072);
#10072 = CARTESIAN_POINT('',(0.334366207141,2.240999936884,1.41646407195
    ));
#10073 = B_SPLINE_CURVE_WITH_KNOTS('',3,(#10074,#10075,#10076,#10077),
  .UNSPECIFIED.,.F.,.F.,(4,4),(10.,11.),.PIECEWISE_BEZIER_KNOTS.);
#10074 = CARTESIAN_POINT('',(0.421125434942,2.240999936884,
    1.329704844149));
#10075 = CARTESIAN_POINT('',(0.373407859652,2.240999936884,
    1.329704844149));
#10076 = CARTESIAN_POINT('',(0.334366207141,2.240999936884,
    1.368746496659));
#10077 = CARTESIAN_POINT('',(0.334366207141,2.240999936884,1.41646407195
    ));
#10078 = ORIENTED_EDGE('',*,*,#10079,.T.);
#10079 = EDGE_CURVE('',#10071,#10080,#10082,.T.);
#10080 = VERTEX_POINT('',#10081);
#10081 = CARTESIAN_POINT('',(0.334366207141,2.240999936884,
    1.425139994731));
#10082 = B_SPLINE_CURVE_WITH_KNOTS('',3,(#10083,#10084,#10085,#10086),
  .UNSPECIFIED.,.F.,.F.,(4,4),(11.,12.),.PIECEWISE_BEZIER_KNOTS.);
#10083 = CARTESIAN_POINT('',(0.334366207141,2.240999936884,1.41646407195
    ));
#10084 = CARTESIAN_POINT('',(0.334366207141,2.240999936884,
    1.419066842165));
#10085 = CARTESIAN_POINT('',(0.334366207141,2.240999936884,1.42166961238
    ));
#10086 = CARTESIAN_POINT('',(0.334366207141,2.240999936884,
    1.425139994731));
#10087 = ORIENTED_EDGE('',*,*,#10088,.T.);
#10088 = EDGE_CURVE('',#10080,#10089,#10091,.T.);
#10089 = VERTEX_POINT('',#10090);
#10090 = CARTESIAN_POINT('',(0.21290328822,2.240999936884,1.489341819994
    ));
#10091 = LINE('',#10092,#10093);
#10092 = CARTESIAN_POINT('',(0.334366207141,2.240999936884,
    1.425139994731));
#10093 = VECTOR('',#10094,1.);
#10094 = DIRECTION('',(-0.884094950248,0.,0.467307306755));
#10095 = ORIENTED_EDGE('',*,*,#10096,.T.);
#10096 = EDGE_CURVE('',#10089,#10097,#10099,.T.);
#10097 = VERTEX_POINT('',#10098);
#10098 = CARTESIAN_POINT('',(0.2397986356,2.240999936884,1.535324220657)
  );
#10099 = LINE('',#10100,#10101);
#10100 = CARTESIAN_POINT('',(0.21290328822,2.240999936884,1.489341819994
    ));
#10101 = VECTOR('',#10102,1.);
#10102 = DIRECTION('',(0.50488304865,0.,0.863187758941));
#10103 = ORIENTED_EDGE('',*,*,#10104,.T.);
#10104 = EDGE_CURVE('',#10097,#10105,#10107,.T.);
#10105 = VERTEX_POINT('',#10106);
#10106 = CARTESIAN_POINT('',(0.356055997543,2.240999936884,
    1.474592761196));
#10107 = LINE('',#10108,#10109);
#10108 = CARTESIAN_POINT('',(0.2397986356,2.240999936884,1.535324220657)
  );
#10109 = VECTOR('',#10110,1.);
#10110 = DIRECTION('',(0.886348842796,0.,-0.463018065387));
#10111 = ORIENTED_EDGE('',*,*,#10112,.T.);
#10112 = EDGE_CURVE('',#10105,#10113,#10115,.T.);
#10113 = VERTEX_POINT('',#10114);
#10114 = CARTESIAN_POINT('',(0.421125418394,2.240999936884,
    1.504090895339));
#10115 = B_SPLINE_CURVE_WITH_KNOTS('',3,(#10116,#10117,#10118,#10119),
  .UNSPECIFIED.,.F.,.F.,(4,4),(15.,16.),.PIECEWISE_BEZIER_KNOTS.);
#10116 = CARTESIAN_POINT('',(0.356055997543,2.240999936884,
    1.474592761196));
#10117 = CARTESIAN_POINT('',(0.371672651928,2.240999936884,
    1.492812202344));
#10118 = CARTESIAN_POINT('',(0.395097650053,2.240999936884,
    1.504090895339));
#10119 = CARTESIAN_POINT('',(0.421125418394,2.240999936884,
    1.504090895339));
#10120 = ORIENTED_EDGE('',*,*,#10121,.T.);
#10121 = EDGE_CURVE('',#10113,#10122,#10124,.T.);
#10122 = VERTEX_POINT('',#10123);
#10123 = CARTESIAN_POINT('',(0.502679089217,2.240999936884,
    1.446829801681));
#10124 = B_SPLINE_CURVE_WITH_KNOTS('',3,(#10125,#10126,#10127,#10128),
  .UNSPECIFIED.,.F.,.F.,(4,4),(16.,17.),.PIECEWISE_BEZIER_KNOTS.);
#10125 = CARTESIAN_POINT('',(0.421125418394,2.240999936884,
    1.504090895339));
#10126 = CARTESIAN_POINT('',(0.458431896277,2.240999936884,
    1.504090895339));
#10127 = CARTESIAN_POINT('',(0.490532800634,2.240999936884,
    1.479798318174));
#10128 = CARTESIAN_POINT('',(0.502679089217,2.240999936884,
    1.446829801681));
#10129 = ORIENTED_EDGE('',*,*,#10130,.T.);
#10130 = EDGE_CURVE('',#10122,#10131,#10133,.T.);
#10131 = VERTEX_POINT('',#10132);
#10132 = CARTESIAN_POINT('',(0.554734625898,2.240999936884,
    1.526648297877));
#10133 = B_SPLINE_CURVE_WITH_KNOTS('',3,(#10134,#10135,#10136,#10137),
  .UNSPECIFIED.,.F.,.F.,(4,4),(17.,18.),.PIECEWISE_BEZIER_KNOTS.);
#10134 = CARTESIAN_POINT('',(0.502679089217,2.240999936884,
    1.446829801681));
#10135 = CARTESIAN_POINT('',(0.533044818947,2.240999936884,
    1.460711281438));
#10136 = CARTESIAN_POINT('',(0.554734625898,2.240999936884,
    1.491077011168));
#10137 = CARTESIAN_POINT('',(0.554734625898,2.240999936884,
    1.526648297877));
#10138 = ORIENTED_EDGE('',*,*,#10139,.T.);
#10139 = EDGE_CURVE('',#10131,#10140,#10142,.T.);
#10140 = VERTEX_POINT('',#10141);
#10141 = CARTESIAN_POINT('',(0.467975398097,2.240999936884,
    1.613407525677));
#10142 = B_SPLINE_CURVE_WITH_KNOTS('',3,(#10143,#10144,#10145,#10146),
  .UNSPECIFIED.,.F.,.F.,(4,4),(18.,19.),.PIECEWISE_BEZIER_KNOTS.);
#10143 = CARTESIAN_POINT('',(0.554734625898,2.240999936884,
    1.526648297877));
#10144 = CARTESIAN_POINT('',(0.554734625898,2.240999936884,
    1.574365873167));
#10145 = CARTESIAN_POINT('',(0.515692973387,2.240999936884,
    1.613407525677));
#10146 = CARTESIAN_POINT('',(0.467975398097,2.240999936884,
    1.613407525677));
#10147 = ORIENTED_EDGE('',*,*,#10148,.T.);
#10148 = EDGE_CURVE('',#10140,#10149,#10151,.T.);
#10149 = VERTEX_POINT('',#10150);
#10150 = CARTESIAN_POINT('',(0.421993013982,2.240999936884,
    1.600393641507));
#10151 = B_SPLINE_CURVE_WITH_KNOTS('',3,(#10152,#10153,#10154,#10155),
  .UNSPECIFIED.,.F.,.F.,(4,4),(19.,20.),.PIECEWISE_BEZIER_KNOTS.);
#10152 = CARTESIAN_POINT('',(0.467975398097,2.240999936884,
    1.613407525677));
#10153 = CARTESIAN_POINT('',(0.451491148124,2.240999936884,
    1.613407525677));
#10154 = CARTESIAN_POINT('',(0.435006898151,2.240999936884,1.6082019687)
  );
#10155 = CARTESIAN_POINT('',(0.421993013982,2.240999936884,
    1.600393641507));
#10156 = ORIENTED_EDGE('',*,*,#10157,.T.);
#10157 = EDGE_CURVE('',#10149,#10158,#10160,.T.);
#10158 = VERTEX_POINT('',#10159);
#10159 = CARTESIAN_POINT('',(0.305735668586,2.240999936884,
    1.683682453862));
#10160 = B_SPLINE_CURVE_WITH_KNOTS('',3,(#10161,#10162,#10163,#10164),
  .UNSPECIFIED.,.F.,.F.,(4,4),(20.,21.),.PIECEWISE_BEZIER_KNOTS.);
#10161 = CARTESIAN_POINT('',(0.421993013982,2.240999936884,
    1.600393641507));
#10162 = CARTESIAN_POINT('',(0.405508780557,2.240999936884,
    1.648978762742));
#10163 = CARTESIAN_POINT('',(0.360393975481,2.240999936884,
    1.683682453862));
#10164 = CARTESIAN_POINT('',(0.305735668586,2.240999936884,
    1.683682453862));
#10165 = ORIENTED_EDGE('',*,*,#10166,.T.);
#10166 = EDGE_CURVE('',#10158,#10167,#10169,.T.);
#10167 = VERTEX_POINT('',#10168);
#10168 = CARTESIAN_POINT('',(0.184272749665,2.240999936884,
    1.575233419111));
#10169 = B_SPLINE_CURVE_WITH_KNOTS('',3,(#10170,#10171,#10172,#10173),
  .UNSPECIFIED.,.F.,.F.,(4,4),(21.,22.),.PIECEWISE_BEZIER_KNOTS.);
#10170 = CARTESIAN_POINT('',(0.305735668586,2.240999936884,
    1.683682453862));
#10171 = CARTESIAN_POINT('',(0.24326901795,2.240999936884,1.683682453862
    ));
#10172 = CARTESIAN_POINT('',(0.19121348127,2.240999936884,1.635964878571
    ));
#10173 = CARTESIAN_POINT('',(0.184272749665,2.240999936884,
    1.575233419111));
#10174 = ORIENTED_EDGE('',*,*,#10175,.T.);
#10175 = EDGE_CURVE('',#10167,#10176,#10178,.T.);
#10176 = VERTEX_POINT('',#10177);
#10177 = CARTESIAN_POINT('',(0.17733201806,2.240999936884,1.575233419111
    ));
#10178 = B_SPLINE_CURVE_WITH_KNOTS('',3,(#10179,#10180,#10181,#10182),
  .UNSPECIFIED.,.F.,.F.,(4,4),(22.,23.),.PIECEWISE_BEZIER_KNOTS.);
#10179 = CARTESIAN_POINT('',(0.184272749665,2.240999936884,
    1.575233419111));
#10180 = CARTESIAN_POINT('',(0.18166997945,2.240999936884,1.575233419111
    ));
#10181 = CARTESIAN_POINT('',(0.179934788275,2.240999936884,
    1.575233419111));
#10182 = CARTESIAN_POINT('',(0.17733201806,2.240999936884,1.575233419111
    ));
#10183 = ORIENTED_EDGE('',*,*,#10184,.T.);
#10184 = EDGE_CURVE('',#10176,#10185,#10187,.T.);
#10185 = VERTEX_POINT('',#10186);
#10186 = CARTESIAN_POINT('',(0.109659826994,2.240999936884,
    1.507561228045));
#10187 = B_SPLINE_CURVE_WITH_KNOTS('',3,(#10188,#10189,#10190,#10191),
  .UNSPECIFIED.,.F.,.F.,(4,4),(23.,24.),.PIECEWISE_BEZIER_KNOTS.);
#10188 = CARTESIAN_POINT('',(0.17733201806,2.240999936884,1.575233419111
    ));
#10189 = CARTESIAN_POINT('',(0.140025556725,2.240999936884,
    1.575233419111));
#10190 = CARTESIAN_POINT('',(0.109659826994,2.240999936884,
    1.544867689381));
#10191 = CARTESIAN_POINT('',(0.109659826994,2.240999936884,
    1.507561228045));
#10192 = ORIENTED_EDGE('',*,*,#10193,.T.);
#10193 = EDGE_CURVE('',#10185,#10194,#10196,.T.);
#10194 = VERTEX_POINT('',#10195);
#10195 = CARTESIAN_POINT('',(0.17212647763,2.240999936884,1.43988903698)
  );
#10196 = B_SPLINE_CURVE_WITH_KNOTS('',3,(#10197,#10198,#10199,#10200),
  .UNSPECIFIED.,.F.,.F.,(4,4),(24.,25.),.PIECEWISE_BEZIER_KNOTS.);
#10197 = CARTESIAN_POINT('',(0.109659826994,2.240999936884,
    1.507561228045));
#10198 = CARTESIAN_POINT('',(0.109659826994,2.240999936884,
    1.471989941337));
#10199 = CARTESIAN_POINT('',(0.136555174374,2.240999936884,
    1.442491807195));
#10200 = CARTESIAN_POINT('',(0.17212647763,2.240999936884,1.43988903698)
  );
#10201 = ORIENTED_EDGE('',*,*,#10202,.T.);
#10202 = EDGE_CURVE('',#10194,#10203,#10205,.T.);
#10203 = VERTEX_POINT('',#10204);
#10204 = CARTESIAN_POINT('',(0.21116813014,2.240999936884,1.43988903698)
  );
#10205 = LINE('',#10206,#10207);
#10206 = CARTESIAN_POINT('',(0.17212647763,2.240999936884,1.43988903698)
  );
#10207 = VECTOR('',#10208,1.);
#10208 = DIRECTION('',(1.,0.,0.));
#10209 = ORIENTED_EDGE('',*,*,#10210,.T.);
#10210 = EDGE_CURVE('',#10203,#10211,#10213,.T.);
#10211 = VERTEX_POINT('',#10212);
#10212 = CARTESIAN_POINT('',(0.21637367057,2.240999936884,1.44075661602)
  );
#10213 = B_SPLINE_CURVE_WITH_KNOTS('',3,(#10214,#10215,#10216,#10217),
  .UNSPECIFIED.,.F.,.F.,(4,4),(26.,27.),.PIECEWISE_BEZIER_KNOTS.);
#10214 = CARTESIAN_POINT('',(0.21116813014,2.240999936884,1.43988903698)
  );
#10215 = CARTESIAN_POINT('',(0.212903321316,2.240999936884,1.43988903698
    ));
#10216 = CARTESIAN_POINT('',(0.214638512491,2.240999936884,1.44075661602
    ));
#10217 = CARTESIAN_POINT('',(0.21637367057,2.240999936884,1.44075661602)
  );
#10218 = ORIENTED_EDGE('',*,*,#10219,.T.);
#10219 = EDGE_CURVE('',#10211,#10220,#10222,.T.);
#10220 = VERTEX_POINT('',#10221);
#10221 = CARTESIAN_POINT('',(0.24326901795,2.240999936884,1.41386126864)
  );
#10222 = B_SPLINE_CURVE_WITH_KNOTS('',3,(#10223,#10224,#10225,#10226),
  .UNSPECIFIED.,.F.,.F.,(4,4),(27.,28.),.PIECEWISE_BEZIER_KNOTS.);
#10223 = CARTESIAN_POINT('',(0.21637367057,2.240999936884,1.44075661602)
  );
#10224 = CARTESIAN_POINT('',(0.231122745915,2.240999936884,1.44075661602
    ));
#10225 = CARTESIAN_POINT('',(0.24326901795,2.240999936884,1.428610310889
    ));
#10226 = CARTESIAN_POINT('',(0.24326901795,2.240999936884,1.41386126864)
  );
#10227 = ORIENTED_EDGE('',*,*,#10228,.T.);
#10228 = EDGE_CURVE('',#10220,#10229,#10231,.T.);
#10229 = VERTEX_POINT('',#10230);
#10230 = CARTESIAN_POINT('',(0.218108828649,2.240999936884,
    1.386965921259));
#10231 = B_SPLINE_CURVE_WITH_KNOTS('',3,(#10232,#10233,#10234,#10235),
  .UNSPECIFIED.,.F.,.F.,(4,4),(28.,29.),.PIECEWISE_BEZIER_KNOTS.);
#10232 = CARTESIAN_POINT('',(0.24326901795,2.240999936884,1.41386126864)
  );
#10233 = CARTESIAN_POINT('',(0.24326901795,2.240999936884,1.39997980543)
  );
#10234 = CARTESIAN_POINT('',(0.231990324955,2.240999936884,
    1.387833500299));
#10235 = CARTESIAN_POINT('',(0.218108828649,2.240999936884,
    1.386965921259));
#10236 = ORIENTED_EDGE('',*,*,#10237,.T.);
#10237 = EDGE_CURVE('',#10229,#10238,#10240,.T.);
#10238 = VERTEX_POINT('',#10239);
#10239 = CARTESIAN_POINT('',(0.166920904104,2.240999936884,
    1.386965921259));
#10240 = LINE('',#10241,#10242);
#10241 = CARTESIAN_POINT('',(0.218108828649,2.240999936884,
    1.386965921259));
#10242 = VECTOR('',#10243,1.);
#10243 = DIRECTION('',(-1.,0.,4.715728263952E-15));
#10244 = ORIENTED_EDGE('',*,*,#10245,.T.);
#10245 = EDGE_CURVE('',#10238,#10246,#10248,.T.);
#10246 = VERTEX_POINT('',#10247);
#10247 = CARTESIAN_POINT('',(8.797002004437E-02,2.240999936884,
    1.42600757377));
#10248 = B_SPLINE_CURVE_WITH_KNOTS('',3,(#10249,#10250,#10251,#10252),
  .UNSPECIFIED.,.F.,.F.,(4,4),(33.,34.),.PIECEWISE_BEZIER_KNOTS.);
#10249 = CARTESIAN_POINT('',(0.166920904104,2.240999936884,
    1.386965921259));
#10250 = CARTESIAN_POINT('',(0.136555174374,2.240999936884,
    1.389568691474));
#10251 = CARTESIAN_POINT('',(0.108792214858,2.240999936884,1.40345018778
    ));
#10252 = CARTESIAN_POINT('',(8.797002004437E-02,2.240999936884,
    1.42600757377));
#10253 = ORIENTED_EDGE('',*,*,#10254,.T.);
#10254 = EDGE_CURVE('',#10246,#9970,#10255,.T.);
#10255 = B_SPLINE_CURVE_WITH_KNOTS('',3,(#10256,#10257,#10258,#10259),
  .UNSPECIFIED.,.F.,.F.,(4,4),(34.,35.),.PIECEWISE_BEZIER_KNOTS.);
#10256 = CARTESIAN_POINT('',(8.797002004437E-02,2.240999936884,
    1.42600757377));
#10257 = CARTESIAN_POINT('',(6.714779213341E-02,2.240999936884,
    1.44856495976));
#10258 = CARTESIAN_POINT('',(5.586909913852E-02,2.240999936884,
    1.478063110451));
#10259 = CARTESIAN_POINT('',(5.586909913852E-02,2.240999936884,
    1.508428840181));
#10260 = FACE_BOUND('',#10261,.T.);
#10261 = EDGE_LOOP('',(#10262,#10276));
#10262 = ORIENTED_EDGE('',*,*,#10263,.F.);
#10263 = EDGE_CURVE('',#10264,#10266,#10268,.T.);
#10264 = VERTEX_POINT('',#10265);
#10265 = CARTESIAN_POINT('',(0.42199303053,2.240999936884,1.381760314638
    ));
#10266 = VERTEX_POINT('',#10267);
#10267 = CARTESIAN_POINT('',(0.42199303053,2.240999936884,1.449432538799
    ));
#10268 = B_SPLINE_CURVE_WITH_KNOTS('',3,(#10269,#10270,#10271,#10272,
    #10273,#10274,#10275),.UNSPECIFIED.,.F.,.F.,(4,3,4),(0.,1.,2.),
  .PIECEWISE_BEZIER_KNOTS.);
#10269 = CARTESIAN_POINT('',(0.42199303053,2.240999936884,1.381760314638
    ));
#10270 = CARTESIAN_POINT('',(0.402906010342,2.240999936884,
    1.381760314638));
#10271 = CARTESIAN_POINT('',(0.388156934997,2.240999936884,
    1.397377002119));
#10272 = CARTESIAN_POINT('',(0.388156934997,2.240999936884,
    1.415596426719));
#10273 = CARTESIAN_POINT('',(0.388156934997,2.240999936884,
    1.434683463454));
#10274 = CARTESIAN_POINT('',(0.403773589382,2.240999936884,
    1.449432538799));
#10275 = CARTESIAN_POINT('',(0.42199303053,2.240999936884,1.449432538799
    ));
#10276 = ORIENTED_EDGE('',*,*,#10277,.F.);
#10277 = EDGE_CURVE('',#10266,#10264,#10278,.T.);
#10278 = B_SPLINE_CURVE_WITH_KNOTS('',3,(#10279,#10280,#10281,#10282,
    #10283,#10284),.UNSPECIFIED.,.F.,.F.,(4,2,4),(2.,3.,4.),
  .UNSPECIFIED.);
#10279 = CARTESIAN_POINT('',(0.42199303053,2.240999936884,1.449432538799
    ));
#10280 = CARTESIAN_POINT('',(0.440212471677,2.240999936884,
    1.449432538799));
#10281 = CARTESIAN_POINT('',(0.455829126062,2.240999936884,
    1.434683463454));
#10282 = CARTESIAN_POINT('',(0.455829126062,2.240999936884,
    1.396509389983));
#10283 = CARTESIAN_POINT('',(0.440212471677,2.240999936884,
    1.381760314638));
#10284 = CARTESIAN_POINT('',(0.42199303053,2.240999936884,1.381760314638
    ));
#10285 = PLANE('',#10286);
#10286 = AXIS2_PLACEMENT_3D('',#10287,#10288,#10289);
#10287 = CARTESIAN_POINT('',(8.059547409752E-02,2.240999936884,
    1.578920687947));
#10288 = DIRECTION('',(0.,-1.,0.));
#10289 = DIRECTION('',(0.,0.,-1.));
#10290 = ADVANCED_FACE('',(#10291),#10307,.F.);
#10291 = FACE_BOUND('',#10292,.F.);
#10292 = EDGE_LOOP('',(#10293,#10299,#10300,#10306));
#10293 = ORIENTED_EDGE('',*,*,#10294,.F.);
#10294 = EDGE_CURVE('',#9970,#1944,#10295,.T.);
#10295 = LINE('',#10296,#10297);
#10296 = CARTESIAN_POINT('',(5.586909913852E-02,2.240999936884,
    1.508428840181));
#10297 = VECTOR('',#10298,1.);
#10298 = DIRECTION('',(-0.,-1.,-0.));
#10299 = ORIENTED_EDGE('',*,*,#9969,.T.);
#10300 = ORIENTED_EDGE('',*,*,#10301,.T.);
#10301 = EDGE_CURVE('',#9972,#1946,#10302,.T.);
#10302 = LINE('',#10303,#10304);
#10303 = CARTESIAN_POINT('',(0.141760714804,2.240999936884,
    1.622083398814));
#10304 = VECTOR('',#10305,1.);
#10305 = DIRECTION('',(-0.,-1.,-0.));
#10306 = ORIENTED_EDGE('',*,*,#1943,.F.);
#10307 = B_SPLINE_SURFACE_WITH_KNOTS('',3,1,(
    (#10308,#10309)
    ,(#10310,#10311)
    ,(#10312,#10313)
    ,(#10314,#10315
    )),.UNSPECIFIED.,.F.,.F.,.F.,(4,4),(2,2),(35.,36.),(0.,1.),
  .PIECEWISE_BEZIER_KNOTS.);
#10308 = CARTESIAN_POINT('',(5.586909913852E-02,2.240999936884,
    1.508428840181));
#10309 = CARTESIAN_POINT('',(5.586909913852E-02,2.239999936912,
    1.508428840181));
#10310 = CARTESIAN_POINT('',(5.673667817835E-02,2.240999936884,
    1.560484343765));
#10311 = CARTESIAN_POINT('',(5.673667817835E-02,2.239999936912,
    1.560484343765));
#10312 = CARTESIAN_POINT('',(9.230798143428E-02,2.240999936884,
    1.606466744428));
#10313 = CARTESIAN_POINT('',(9.230798143428E-02,2.239999936912,
    1.606466744428));
#10314 = CARTESIAN_POINT('',(0.141760714804,2.240999936884,
    1.622083398814));
#10315 = CARTESIAN_POINT('',(0.141760714804,2.239999936912,
    1.622083398814));
#10316 = ADVANCED_FACE('',(#10317),#10328,.F.);
#10317 = FACE_BOUND('',#10318,.F.);
#10318 = EDGE_LOOP('',(#10319,#10320,#10321,#10327));
#10319 = ORIENTED_EDGE('',*,*,#10301,.F.);
#10320 = ORIENTED_EDGE('',*,*,#9980,.T.);
#10321 = ORIENTED_EDGE('',*,*,#10322,.T.);
#10322 = EDGE_CURVE('',#9981,#2220,#10323,.T.);
#10323 = LINE('',#10324,#10325);
#10324 = CARTESIAN_POINT('',(0.188610711055,2.240999936884,
    1.690623189603));
#10325 = VECTOR('',#10326,1.);
#10326 = DIRECTION('',(-0.,-1.,-0.));
#10327 = ORIENTED_EDGE('',*,*,#2228,.F.);
#10328 = B_SPLINE_SURFACE_WITH_KNOTS('',3,1,(
    (#10329,#10330)
    ,(#10331,#10332)
    ,(#10333,#10334)
    ,(#10335,#10336
    )),.UNSPECIFIED.,.F.,.F.,.F.,(4,4),(2,2),(0.,1.),(0.,1.),
  .PIECEWISE_BEZIER_KNOTS.);
#10329 = CARTESIAN_POINT('',(0.141760714804,2.240999936884,
    1.622083398814));
#10330 = CARTESIAN_POINT('',(0.141760714804,2.23999993717,1.622083398814
    ));
#10331 = CARTESIAN_POINT('',(0.151304216623,2.240999936884,
    1.648111167153));
#10332 = CARTESIAN_POINT('',(0.151304216623,2.23999993717,1.648111167153
    ));
#10333 = CARTESIAN_POINT('',(0.167788483144,2.240999936884,
    1.671536157006));
#10334 = CARTESIAN_POINT('',(0.167788483144,2.23999993717,1.671536157006
    ));
#10335 = CARTESIAN_POINT('',(0.188610711055,2.240999936884,
    1.690623189603));
#10336 = CARTESIAN_POINT('',(0.188610711055,2.23999993717,1.690623189603
    ));
#10337 = ADVANCED_FACE('',(#10338),#10349,.F.);
#10338 = FACE_BOUND('',#10339,.F.);
#10339 = EDGE_LOOP('',(#10340,#10341,#10342,#10348));
#10340 = ORIENTED_EDGE('',*,*,#10322,.F.);
#10341 = ORIENTED_EDGE('',*,*,#9989,.T.);
#10342 = ORIENTED_EDGE('',*,*,#10343,.T.);
#10343 = EDGE_CURVE('',#9990,#2211,#10344,.T.);
#10344 = LINE('',#10345,#10346);
#10345 = CARTESIAN_POINT('',(0.306603247626,2.240999936884,
    1.735737990542));
#10346 = VECTOR('',#10347,1.);
#10347 = DIRECTION('',(-0.,-1.,-0.));
#10348 = ORIENTED_EDGE('',*,*,#2219,.F.);
#10349 = B_SPLINE_SURFACE_WITH_KNOTS('',3,1,(
    (#10350,#10351)
    ,(#10352,#10353)
    ,(#10354,#10355)
    ,(#10356,#10357
    )),.UNSPECIFIED.,.F.,.F.,.F.,(4,4),(2,2),(1.,2.),(0.,1.),
  .PIECEWISE_BEZIER_KNOTS.);
#10350 = CARTESIAN_POINT('',(0.188610711055,2.240999936884,
    1.690623189603));
#10351 = CARTESIAN_POINT('',(0.188610711055,2.23999993717,1.690623189603
    ));
#10352 = CARTESIAN_POINT('',(0.221579211,2.240999936884,1.719253737467)
  );
#10353 = CARTESIAN_POINT('',(0.221579211,2.23999993717,1.719253737467));
#10354 = CARTESIAN_POINT('',(0.263223633725,2.240999936884,
    1.735737990542));
#10355 = CARTESIAN_POINT('',(0.263223633725,2.23999993717,1.735737990542
    ));
#10356 = CARTESIAN_POINT('',(0.306603247626,2.240999936884,
    1.735737990542));
#10357 = CARTESIAN_POINT('',(0.306603247626,2.23999993717,1.735737990542
    ));
#10358 = ADVANCED_FACE('',(#10359),#10370,.F.);
#10359 = FACE_BOUND('',#10360,.F.);
#10360 = EDGE_LOOP('',(#10361,#10362,#10363,#10369));
#10361 = ORIENTED_EDGE('',*,*,#10343,.F.);
#10362 = ORIENTED_EDGE('',*,*,#9998,.T.);
#10363 = ORIENTED_EDGE('',*,*,#10364,.T.);
#10364 = EDGE_CURVE('',#9999,#2202,#10365,.T.);
#10365 = LINE('',#10366,#10367);
#10366 = CARTESIAN_POINT('',(0.410714320987,2.240999936884,
    1.701901890872));
#10367 = VECTOR('',#10368,1.);
#10368 = DIRECTION('',(-0.,-1.,-0.));
#10369 = ORIENTED_EDGE('',*,*,#2210,.F.);
#10370 = B_SPLINE_SURFACE_WITH_KNOTS('',3,1,(
    (#10371,#10372)
    ,(#10373,#10374)
    ,(#10375,#10376)
    ,(#10377,#10378
    )),.UNSPECIFIED.,.F.,.F.,.F.,(4,4),(2,2),(2.,3.),(0.,1.),
  .PIECEWISE_BEZIER_KNOTS.);
#10371 = CARTESIAN_POINT('',(0.306603247626,2.240999936884,
    1.735737990542));
#10372 = CARTESIAN_POINT('',(0.306603247626,2.23999993717,1.735737990542
    ));
#10373 = CARTESIAN_POINT('',(0.344777304548,2.240999936884,
    1.735737990542));
#10374 = CARTESIAN_POINT('',(0.344777304548,2.23999993717,1.735737990542
    ));
#10375 = CARTESIAN_POINT('',(0.380348591256,2.240999936884,
    1.723591698857));
#10376 = CARTESIAN_POINT('',(0.380348591256,2.23999993717,1.723591698857
    ));
#10377 = CARTESIAN_POINT('',(0.410714320987,2.240999936884,
    1.701901890872));
#10378 = CARTESIAN_POINT('',(0.410714320987,2.23999993717,1.701901890872
    ));
#10379 = ADVANCED_FACE('',(#10380),#10391,.F.);
#10380 = FACE_BOUND('',#10381,.F.);
#10381 = EDGE_LOOP('',(#10382,#10383,#10384,#10390));
#10382 = ORIENTED_EDGE('',*,*,#10364,.F.);
#10383 = ORIENTED_EDGE('',*,*,#10007,.T.);
#10384 = ORIENTED_EDGE('',*,*,#10385,.T.);
#10385 = EDGE_CURVE('',#10008,#2193,#10386,.T.);
#10386 = LINE('',#10387,#10388);
#10387 = CARTESIAN_POINT('',(0.448888377909,2.240999936884,
    1.663727829813));
#10388 = VECTOR('',#10389,1.);
#10389 = DIRECTION('',(-0.,-1.,-0.));
#10390 = ORIENTED_EDGE('',*,*,#2201,.F.);
#10391 = B_SPLINE_SURFACE_WITH_KNOTS('',3,1,(
    (#10392,#10393)
    ,(#10394,#10395)
    ,(#10396,#10397)
    ,(#10398,#10399
    )),.UNSPECIFIED.,.F.,.F.,.F.,(4,4),(2,2),(3.,4.),(0.,1.),
  .PIECEWISE_BEZIER_KNOTS.);
#10392 = CARTESIAN_POINT('',(0.410714320987,2.240999936884,
    1.701901890872));
#10393 = CARTESIAN_POINT('',(0.410714320987,2.23999993717,1.701901890872
    ));
#10394 = CARTESIAN_POINT('',(0.425463396332,2.240999936884,
    1.691490781054));
#10395 = CARTESIAN_POINT('',(0.425463396332,2.23999993717,1.691490781054
    ));
#10396 = CARTESIAN_POINT('',(0.437609684914,2.240999936884,
    1.678476896884));
#10397 = CARTESIAN_POINT('',(0.437609684914,2.23999993717,1.678476896884
    ));
#10398 = CARTESIAN_POINT('',(0.448888377909,2.240999936884,
    1.663727829813));
#10399 = CARTESIAN_POINT('',(0.448888377909,2.23999993717,1.663727829813
    ));
#10400 = ADVANCED_FACE('',(#10401),#10412,.F.);
#10401 = FACE_BOUND('',#10402,.F.);
#10402 = EDGE_LOOP('',(#10403,#10404,#10405,#10411));
#10403 = ORIENTED_EDGE('',*,*,#10385,.F.);
#10404 = ORIENTED_EDGE('',*,*,#10016,.T.);
#10405 = ORIENTED_EDGE('',*,*,#10406,.T.);
#10406 = EDGE_CURVE('',#10017,#2184,#10407,.T.);
#10407 = LINE('',#10408,#10409);
#10408 = CARTESIAN_POINT('',(0.468842993684,2.240999936884,
    1.665463012714));
#10409 = VECTOR('',#10410,1.);
#10410 = DIRECTION('',(-0.,-1.,-0.));
#10411 = ORIENTED_EDGE('',*,*,#2192,.F.);
#10412 = B_SPLINE_SURFACE_WITH_KNOTS('',3,1,(
    (#10413,#10414)
    ,(#10415,#10416)
    ,(#10417,#10418)
    ,(#10419,#10420
    )),.UNSPECIFIED.,.F.,.F.,.F.,(4,4),(2,2),(4.,5.),(0.,1.),
  .PIECEWISE_BEZIER_KNOTS.);
#10413 = CARTESIAN_POINT('',(0.448888377909,2.240999936884,
    1.663727829813));
#10414 = CARTESIAN_POINT('',(0.448888377909,2.23999993717,1.663727829813
    ));
#10415 = CARTESIAN_POINT('',(0.455829109514,2.240999936884,
    1.664595425401));
#10416 = CARTESIAN_POINT('',(0.455829109514,2.23999993717,1.664595425401
    ));
#10417 = CARTESIAN_POINT('',(0.461902262079,2.240999936884,
    1.665463012714));
#10418 = CARTESIAN_POINT('',(0.461902262079,2.23999993717,1.665463012714
    ));
#10419 = CARTESIAN_POINT('',(0.468842993684,2.240999936884,
    1.665463012714));
#10420 = CARTESIAN_POINT('',(0.468842993684,2.23999993717,1.665463012714
    ));
#10421 = ADVANCED_FACE('',(#10422),#10433,.F.);
#10422 = FACE_BOUND('',#10423,.F.);
#10423 = EDGE_LOOP('',(#10424,#10425,#10426,#10432));
#10424 = ORIENTED_EDGE('',*,*,#10406,.F.);
#10425 = ORIENTED_EDGE('',*,*,#10025,.T.);
#10426 = ORIENTED_EDGE('',*,*,#10427,.T.);
#10427 = EDGE_CURVE('',#10026,#2175,#10428,.T.);
#10428 = LINE('',#10429,#10430);
#10429 = CARTESIAN_POINT('',(0.568616105655,2.240999936884,
    1.623818581715));
#10430 = VECTOR('',#10431,1.);
#10431 = DIRECTION('',(-0.,-1.,-0.));
#10432 = ORIENTED_EDGE('',*,*,#2183,.F.);
#10433 = B_SPLINE_SURFACE_WITH_KNOTS('',3,1,(
    (#10434,#10435)
    ,(#10436,#10437)
    ,(#10438,#10439)
    ,(#10440,#10441
    )),.UNSPECIFIED.,.F.,.F.,.F.,(4,4),(2,2),(5.,6.),(0.,1.),
  .PIECEWISE_BEZIER_KNOTS.);
#10434 = CARTESIAN_POINT('',(0.468842993684,2.240999936884,
    1.665463012714));
#10435 = CARTESIAN_POINT('',(0.468842993684,2.23999993717,1.665463012714
    ));
#10436 = CARTESIAN_POINT('',(0.506149463294,2.240999936884,
    1.665463012714));
#10437 = CARTESIAN_POINT('',(0.506149463294,2.23999993717,1.665463012714
    ));
#10438 = CARTESIAN_POINT('',(0.541720741728,2.240999936884,
    1.650713945643));
#10439 = CARTESIAN_POINT('',(0.541720741728,2.23999993717,1.650713945643
    ));
#10440 = CARTESIAN_POINT('',(0.568616105655,2.240999936884,
    1.623818581715));
#10441 = CARTESIAN_POINT('',(0.568616105655,2.23999993717,1.623818581715
    ));
#10442 = ADVANCED_FACE('',(#10443),#10454,.F.);
#10443 = FACE_BOUND('',#10444,.F.);
#10444 = EDGE_LOOP('',(#10445,#10446,#10447,#10453));
#10445 = ORIENTED_EDGE('',*,*,#10427,.F.);
#10446 = ORIENTED_EDGE('',*,*,#10034,.T.);
#10447 = ORIENTED_EDGE('',*,*,#10448,.T.);
#10448 = EDGE_CURVE('',#10035,#2166,#10449,.T.);
#10449 = LINE('',#10450,#10451);
#10450 = CARTESIAN_POINT('',(0.609392965889,2.240999936884,
    1.524913073606));
#10451 = VECTOR('',#10452,1.);
#10452 = DIRECTION('',(-0.,-1.,-0.));
#10453 = ORIENTED_EDGE('',*,*,#2174,.F.);
#10454 = B_SPLINE_SURFACE_WITH_KNOTS('',3,1,(
    (#10455,#10456)
    ,(#10457,#10458)
    ,(#10459,#10460)
    ,(#10461,#10462
    )),.UNSPECIFIED.,.F.,.F.,.F.,(4,4),(2,2),(6.,7.),(0.,1.),
  .PIECEWISE_BEZIER_KNOTS.);
#10455 = CARTESIAN_POINT('',(0.568616105655,2.240999936884,
    1.623818581715));
#10456 = CARTESIAN_POINT('',(0.568616105655,2.23999993717,1.623818581715
    ));
#10457 = CARTESIAN_POINT('',(0.594643896749,2.240999936884,
    1.597790821649));
#10458 = CARTESIAN_POINT('',(0.594643896749,2.23999993717,1.597790821649
    ));
#10459 = CARTESIAN_POINT('',(0.609392965889,2.240999936884,1.56221953494
    ));
#10460 = CARTESIAN_POINT('',(0.609392965889,2.23999993717,1.56221953494)
  );
#10461 = CARTESIAN_POINT('',(0.609392965889,2.240999936884,
    1.524913073606));
#10462 = CARTESIAN_POINT('',(0.609392965889,2.23999993717,1.524913073606
    ));
#10463 = ADVANCED_FACE('',(#10464),#10475,.F.);
#10464 = FACE_BOUND('',#10465,.F.);
#10465 = EDGE_LOOP('',(#10466,#10467,#10468,#10474));
#10466 = ORIENTED_EDGE('',*,*,#10448,.F.);
#10467 = ORIENTED_EDGE('',*,*,#10043,.T.);
#10468 = ORIENTED_EDGE('',*,*,#10469,.T.);
#10469 = EDGE_CURVE('',#10044,#2157,#10470,.T.);
#10470 = LINE('',#10471,#10472);
#10471 = CARTESIAN_POINT('',(0.572954091867,2.240999936884,1.43034553516
    ));
#10472 = VECTOR('',#10473,1.);
#10473 = DIRECTION('',(-0.,-1.,-0.));
#10474 = ORIENTED_EDGE('',*,*,#2165,.F.);
#10475 = B_SPLINE_SURFACE_WITH_KNOTS('',3,1,(
    (#10476,#10477)
    ,(#10478,#10479)
    ,(#10480,#10481)
    ,(#10482,#10483
    )),.UNSPECIFIED.,.F.,.F.,.F.,(4,4),(2,2),(7.,8.),(0.,1.),
  .PIECEWISE_BEZIER_KNOTS.);
#10476 = CARTESIAN_POINT('',(0.609392965889,2.240999936884,
    1.524913073606));
#10477 = CARTESIAN_POINT('',(0.609392965889,2.23999993717,1.524913073606
    ));
#10478 = CARTESIAN_POINT('',(0.609392965889,2.240999936884,
    1.490209382485));
#10479 = CARTESIAN_POINT('',(0.609392965889,2.23999993717,1.490209382485
    ));
#10480 = CARTESIAN_POINT('',(0.596379081719,2.240999936884,
    1.456373270404));
#10481 = CARTESIAN_POINT('',(0.596379081719,2.23999993717,1.456373270404
    ));
#10482 = CARTESIAN_POINT('',(0.572954091867,2.240999936884,1.43034553516
    ));
#10483 = CARTESIAN_POINT('',(0.572954091867,2.23999993717,1.43034553516)
  );
#10484 = ADVANCED_FACE('',(#10485),#10496,.F.);
#10485 = FACE_BOUND('',#10486,.F.);
#10486 = EDGE_LOOP('',(#10487,#10488,#10489,#10495));
#10487 = ORIENTED_EDGE('',*,*,#10469,.F.);
#10488 = ORIENTED_EDGE('',*,*,#10052,.T.);
#10489 = ORIENTED_EDGE('',*,*,#10490,.T.);
#10490 = EDGE_CURVE('',#10053,#2148,#10491,.T.);
#10491 = LINE('',#10492,#10493);
#10492 = CARTESIAN_POINT('',(0.503546709627,2.240999936884,
    1.388701112435));
#10493 = VECTOR('',#10494,1.);
#10494 = DIRECTION('',(-0.,-1.,-0.));
#10495 = ORIENTED_EDGE('',*,*,#2156,.F.);
#10496 = B_SPLINE_SURFACE_WITH_KNOTS('',3,1,(
    (#10497,#10498)
    ,(#10499,#10500)
    ,(#10501,#10502)
    ,(#10503,#10504
    )),.UNSPECIFIED.,.F.,.F.,.F.,(4,4),(2,2),(8.,9.),(0.,1.),
  .PIECEWISE_BEZIER_KNOTS.);
#10497 = CARTESIAN_POINT('',(0.572954091867,2.240999936884,1.43034553516
    ));
#10498 = CARTESIAN_POINT('',(0.572954091867,2.23999993717,1.43034553516)
  );
#10499 = CARTESIAN_POINT('',(0.553867063406,2.240999936884,
    1.409523307249));
#10500 = CARTESIAN_POINT('',(0.553867063406,2.23999993717,1.409523307249
    ));
#10501 = CARTESIAN_POINT('',(0.530442065281,2.240999936884,1.39564184404
    ));
#10502 = CARTESIAN_POINT('',(0.530442065281,2.23999993717,1.39564184404)
  );
#10503 = CARTESIAN_POINT('',(0.503546709627,2.240999936884,
    1.388701112435));
#10504 = CARTESIAN_POINT('',(0.503546709627,2.23999993717,1.388701112435
    ));
#10505 = ADVANCED_FACE('',(#10506),#10517,.F.);
#10506 = FACE_BOUND('',#10507,.F.);
#10507 = EDGE_LOOP('',(#10508,#10509,#10510,#10516));
#10508 = ORIENTED_EDGE('',*,*,#10490,.F.);
#10509 = ORIENTED_EDGE('',*,*,#10061,.T.);
#10510 = ORIENTED_EDGE('',*,*,#10511,.T.);
#10511 = EDGE_CURVE('',#10062,#2139,#10512,.T.);
#10512 = LINE('',#10513,#10514);
#10513 = CARTESIAN_POINT('',(0.421125434942,2.240999936884,
    1.329704844149));
#10514 = VECTOR('',#10515,1.);
#10515 = DIRECTION('',(-0.,-1.,-0.));
#10516 = ORIENTED_EDGE('',*,*,#2147,.F.);
#10517 = B_SPLINE_SURFACE_WITH_KNOTS('',3,1,(
    (#10518,#10519)
    ,(#10520,#10521)
    ,(#10522,#10523)
    ,(#10524,#10525
    )),.UNSPECIFIED.,.F.,.F.,.F.,(4,4),(2,2),(9.,10.),(0.,1.),
  .PIECEWISE_BEZIER_KNOTS.);
#10518 = CARTESIAN_POINT('',(0.503546709627,2.240999936884,
    1.388701112435));
#10519 = CARTESIAN_POINT('',(0.503546709627,2.23999993717,1.388701112435
    ));
#10520 = CARTESIAN_POINT('',(0.492268008358,2.240999936884,
    1.353997421314));
#10521 = CARTESIAN_POINT('',(0.492268008358,2.23999993717,1.353997421314
    ));
#10522 = CARTESIAN_POINT('',(0.459299508413,2.240999936884,
    1.329704844149));
#10523 = CARTESIAN_POINT('',(0.459299508413,2.23999993717,1.329704844149
    ));
#10524 = CARTESIAN_POINT('',(0.421125434942,2.240999936884,
    1.329704844149));
#10525 = CARTESIAN_POINT('',(0.421125434942,2.23999993717,1.329704844149
    ));
#10526 = ADVANCED_FACE('',(#10527),#10538,.F.);
#10527 = FACE_BOUND('',#10528,.F.);
#10528 = EDGE_LOOP('',(#10529,#10530,#10531,#10537));
#10529 = ORIENTED_EDGE('',*,*,#10511,.F.);
#10530 = ORIENTED_EDGE('',*,*,#10070,.T.);
#10531 = ORIENTED_EDGE('',*,*,#10532,.T.);
#10532 = EDGE_CURVE('',#10071,#2130,#10533,.T.);
#10533 = LINE('',#10534,#10535);
#10534 = CARTESIAN_POINT('',(0.334366207141,2.240999936884,1.41646407195
    ));
#10535 = VECTOR('',#10536,1.);
#10536 = DIRECTION('',(-0.,-1.,-0.));
#10537 = ORIENTED_EDGE('',*,*,#2138,.F.);
#10538 = B_SPLINE_SURFACE_WITH_KNOTS('',3,1,(
    (#10539,#10540)
    ,(#10541,#10542)
    ,(#10543,#10544)
    ,(#10545,#10546
    )),.UNSPECIFIED.,.F.,.F.,.F.,(4,4),(2,2),(10.,11.),(0.,1.),
  .PIECEWISE_BEZIER_KNOTS.);
#10539 = CARTESIAN_POINT('',(0.421125434942,2.240999936884,
    1.329704844149));
#10540 = CARTESIAN_POINT('',(0.421125434942,2.23999993717,1.329704844149
    ));
#10541 = CARTESIAN_POINT('',(0.373407859652,2.240999936884,
    1.329704844149));
#10542 = CARTESIAN_POINT('',(0.373407859652,2.23999993717,1.329704844149
    ));
#10543 = CARTESIAN_POINT('',(0.334366207141,2.240999936884,
    1.368746496659));
#10544 = CARTESIAN_POINT('',(0.334366207141,2.23999993717,1.368746496659
    ));
#10545 = CARTESIAN_POINT('',(0.334366207141,2.240999936884,1.41646407195
    ));
#10546 = CARTESIAN_POINT('',(0.334366207141,2.23999993717,1.41646407195)
  );
#10547 = ADVANCED_FACE('',(#10548),#10559,.F.);
#10548 = FACE_BOUND('',#10549,.T.);
#10549 = EDGE_LOOP('',(#10550,#10551,#10557,#10558));
#10550 = ORIENTED_EDGE('',*,*,#2129,.T.);
#10551 = ORIENTED_EDGE('',*,*,#10552,.F.);
#10552 = EDGE_CURVE('',#10080,#2122,#10553,.T.);
#10553 = LINE('',#10554,#10555);
#10554 = CARTESIAN_POINT('',(0.334366207141,2.240999936884,
    1.425139994731));
#10555 = VECTOR('',#10556,1.);
#10556 = DIRECTION('',(-0.,-1.,-0.));
#10557 = ORIENTED_EDGE('',*,*,#10079,.F.);
#10558 = ORIENTED_EDGE('',*,*,#10532,.T.);
#10559 = PLANE('',#10560);
#10560 = AXIS2_PLACEMENT_3D('',#10561,#10562,#10563);
#10561 = CARTESIAN_POINT('',(0.334366207141,2.240999936884,1.41646407195
    ));
#10562 = DIRECTION('',(1.,0.,-6.248339049842E-15));
#10563 = DIRECTION('',(-6.248339049842E-15,0.,-1.));
#10564 = ADVANCED_FACE('',(#10565),#10576,.F.);
#10565 = FACE_BOUND('',#10566,.T.);
#10566 = EDGE_LOOP('',(#10567,#10568,#10574,#10575));
#10567 = ORIENTED_EDGE('',*,*,#2121,.T.);
#10568 = ORIENTED_EDGE('',*,*,#10569,.F.);
#10569 = EDGE_CURVE('',#10089,#2114,#10570,.T.);
#10570 = LINE('',#10571,#10572);
#10571 = CARTESIAN_POINT('',(0.21290328822,2.240999936884,1.489341819994
    ));
#10572 = VECTOR('',#10573,1.);
#10573 = DIRECTION('',(-0.,-1.,-0.));
#10574 = ORIENTED_EDGE('',*,*,#10088,.F.);
#10575 = ORIENTED_EDGE('',*,*,#10552,.T.);
#10576 = PLANE('',#10577);
#10577 = AXIS2_PLACEMENT_3D('',#10578,#10579,#10580);
#10578 = CARTESIAN_POINT('',(0.334366207141,2.240999936884,
    1.425139994731));
#10579 = DIRECTION('',(0.467307306755,0.,0.884094950248));
#10580 = DIRECTION('',(0.884094950248,0.,-0.467307306755));
#10581 = ADVANCED_FACE('',(#10582),#10593,.F.);
#10582 = FACE_BOUND('',#10583,.T.);
#10583 = EDGE_LOOP('',(#10584,#10585,#10591,#10592));
#10584 = ORIENTED_EDGE('',*,*,#2113,.T.);
#10585 = ORIENTED_EDGE('',*,*,#10586,.F.);
#10586 = EDGE_CURVE('',#10097,#2106,#10587,.T.);
#10587 = LINE('',#10588,#10589);
#10588 = CARTESIAN_POINT('',(0.2397986356,2.240999936884,1.535324220657)
  );
#10589 = VECTOR('',#10590,1.);
#10590 = DIRECTION('',(-0.,-1.,-0.));
#10591 = ORIENTED_EDGE('',*,*,#10096,.F.);
#10592 = ORIENTED_EDGE('',*,*,#10569,.T.);
#10593 = PLANE('',#10594);
#10594 = AXIS2_PLACEMENT_3D('',#10595,#10596,#10597);
#10595 = CARTESIAN_POINT('',(0.21290328822,2.240999936884,1.489341819994
    ));
#10596 = DIRECTION('',(0.863187758941,0.,-0.50488304865));
#10597 = DIRECTION('',(-0.50488304865,0.,-0.863187758941));
#10598 = ADVANCED_FACE('',(#10599),#10610,.F.);
#10599 = FACE_BOUND('',#10600,.T.);
#10600 = EDGE_LOOP('',(#10601,#10602,#10608,#10609));
#10601 = ORIENTED_EDGE('',*,*,#2105,.T.);
#10602 = ORIENTED_EDGE('',*,*,#10603,.F.);
#10603 = EDGE_CURVE('',#10105,#2097,#10604,.T.);
#10604 = LINE('',#10605,#10606);
#10605 = CARTESIAN_POINT('',(0.356055997543,2.240999936884,
    1.474592761196));
#10606 = VECTOR('',#10607,1.);
#10607 = DIRECTION('',(-0.,-1.,-0.));
#10608 = ORIENTED_EDGE('',*,*,#10104,.F.);
#10609 = ORIENTED_EDGE('',*,*,#10586,.T.);
#10610 = PLANE('',#10611);
#10611 = AXIS2_PLACEMENT_3D('',#10612,#10613,#10614);
#10612 = CARTESIAN_POINT('',(0.2397986356,2.240999936884,1.535324220657)
  );
#10613 = DIRECTION('',(-0.463018065387,0.,-0.886348842796));
#10614 = DIRECTION('',(-0.886348842796,0.,0.463018065387));
#10615 = ADVANCED_FACE('',(#10616),#10627,.F.);
#10616 = FACE_BOUND('',#10617,.F.);
#10617 = EDGE_LOOP('',(#10618,#10619,#10620,#10626));
#10618 = ORIENTED_EDGE('',*,*,#10603,.F.);
#10619 = ORIENTED_EDGE('',*,*,#10112,.T.);
#10620 = ORIENTED_EDGE('',*,*,#10621,.T.);
#10621 = EDGE_CURVE('',#10113,#2088,#10622,.T.);
#10622 = LINE('',#10623,#10624);
#10623 = CARTESIAN_POINT('',(0.421125418394,2.240999936884,
    1.504090895339));
#10624 = VECTOR('',#10625,1.);
#10625 = DIRECTION('',(-0.,-1.,-0.));
#10626 = ORIENTED_EDGE('',*,*,#2096,.F.);
#10627 = B_SPLINE_SURFACE_WITH_KNOTS('',3,1,(
    (#10628,#10629)
    ,(#10630,#10631)
    ,(#10632,#10633)
    ,(#10634,#10635
    )),.UNSPECIFIED.,.F.,.F.,.F.,(4,4),(2,2),(15.,16.),(0.,1.),
  .PIECEWISE_BEZIER_KNOTS.);
#10628 = CARTESIAN_POINT('',(0.356055997543,2.240999936884,
    1.474592761196));
#10629 = CARTESIAN_POINT('',(0.356055997543,2.23999993717,1.474592761196
    ));
#10630 = CARTESIAN_POINT('',(0.371672651928,2.240999936884,
    1.492812202344));
#10631 = CARTESIAN_POINT('',(0.371672651928,2.23999993717,1.492812202344
    ));
#10632 = CARTESIAN_POINT('',(0.395097650053,2.240999936884,
    1.504090895339));
#10633 = CARTESIAN_POINT('',(0.395097650053,2.23999993717,1.504090895339
    ));
#10634 = CARTESIAN_POINT('',(0.421125418394,2.240999936884,
    1.504090895339));
#10635 = CARTESIAN_POINT('',(0.421125418394,2.23999993717,1.504090895339
    ));
#10636 = ADVANCED_FACE('',(#10637),#10648,.F.);
#10637 = FACE_BOUND('',#10638,.F.);
#10638 = EDGE_LOOP('',(#10639,#10640,#10641,#10647));
#10639 = ORIENTED_EDGE('',*,*,#10621,.F.);
#10640 = ORIENTED_EDGE('',*,*,#10121,.T.);
#10641 = ORIENTED_EDGE('',*,*,#10642,.T.);
#10642 = EDGE_CURVE('',#10122,#2079,#10643,.T.);
#10643 = LINE('',#10644,#10645);
#10644 = CARTESIAN_POINT('',(0.502679089217,2.240999936884,
    1.446829801681));
#10645 = VECTOR('',#10646,1.);
#10646 = DIRECTION('',(-0.,-1.,-0.));
#10647 = ORIENTED_EDGE('',*,*,#2087,.F.);
#10648 = B_SPLINE_SURFACE_WITH_KNOTS('',3,1,(
    (#10649,#10650)
    ,(#10651,#10652)
    ,(#10653,#10654)
    ,(#10655,#10656
    )),.UNSPECIFIED.,.F.,.F.,.F.,(4,4),(2,2),(16.,17.),(0.,1.),
  .PIECEWISE_BEZIER_KNOTS.);
#10649 = CARTESIAN_POINT('',(0.421125418394,2.240999936884,
    1.504090895339));
#10650 = CARTESIAN_POINT('',(0.421125418394,2.23999993717,1.504090895339
    ));
#10651 = CARTESIAN_POINT('',(0.458431896277,2.240999936884,
    1.504090895339));
#10652 = CARTESIAN_POINT('',(0.458431896277,2.23999993717,1.504090895339
    ));
#10653 = CARTESIAN_POINT('',(0.490532800634,2.240999936884,
    1.479798318174));
#10654 = CARTESIAN_POINT('',(0.490532800634,2.23999993717,1.479798318174
    ));
#10655 = CARTESIAN_POINT('',(0.502679089217,2.240999936884,
    1.446829801681));
#10656 = CARTESIAN_POINT('',(0.502679089217,2.23999993717,1.446829801681
    ));
#10657 = ADVANCED_FACE('',(#10658),#10669,.F.);
#10658 = FACE_BOUND('',#10659,.F.);
#10659 = EDGE_LOOP('',(#10660,#10661,#10662,#10668));
#10660 = ORIENTED_EDGE('',*,*,#10642,.F.);
#10661 = ORIENTED_EDGE('',*,*,#10130,.T.);
#10662 = ORIENTED_EDGE('',*,*,#10663,.T.);
#10663 = EDGE_CURVE('',#10131,#2070,#10664,.T.);
#10664 = LINE('',#10665,#10666);
#10665 = CARTESIAN_POINT('',(0.554734625898,2.240999936884,
    1.526648297877));
#10666 = VECTOR('',#10667,1.);
#10667 = DIRECTION('',(-0.,-1.,-0.));
#10668 = ORIENTED_EDGE('',*,*,#2078,.F.);
#10669 = B_SPLINE_SURFACE_WITH_KNOTS('',3,1,(
    (#10670,#10671)
    ,(#10672,#10673)
    ,(#10674,#10675)
    ,(#10676,#10677
    )),.UNSPECIFIED.,.F.,.F.,.F.,(4,4),(2,2),(17.,18.),(0.,1.),
  .PIECEWISE_BEZIER_KNOTS.);
#10670 = CARTESIAN_POINT('',(0.502679089217,2.240999936884,
    1.446829801681));
#10671 = CARTESIAN_POINT('',(0.502679089217,2.23999993717,1.446829801681
    ));
#10672 = CARTESIAN_POINT('',(0.533044818947,2.240999936884,
    1.460711281438));
#10673 = CARTESIAN_POINT('',(0.533044818947,2.23999993717,1.460711281438
    ));
#10674 = CARTESIAN_POINT('',(0.554734625898,2.240999936884,
    1.491077011168));
#10675 = CARTESIAN_POINT('',(0.554734625898,2.23999993717,1.491077011168
    ));
#10676 = CARTESIAN_POINT('',(0.554734625898,2.240999936884,
    1.526648297877));
#10677 = CARTESIAN_POINT('',(0.554734625898,2.23999993717,1.526648297877
    ));
#10678 = ADVANCED_FACE('',(#10679),#10690,.F.);
#10679 = FACE_BOUND('',#10680,.F.);
#10680 = EDGE_LOOP('',(#10681,#10682,#10683,#10689));
#10681 = ORIENTED_EDGE('',*,*,#10663,.F.);
#10682 = ORIENTED_EDGE('',*,*,#10139,.T.);
#10683 = ORIENTED_EDGE('',*,*,#10684,.T.);
#10684 = EDGE_CURVE('',#10140,#2061,#10685,.T.);
#10685 = LINE('',#10686,#10687);
#10686 = CARTESIAN_POINT('',(0.467975398097,2.240999936884,
    1.613407525677));
#10687 = VECTOR('',#10688,1.);
#10688 = DIRECTION('',(-0.,-1.,-0.));
#10689 = ORIENTED_EDGE('',*,*,#2069,.F.);
#10690 = B_SPLINE_SURFACE_WITH_KNOTS('',3,1,(
    (#10691,#10692)
    ,(#10693,#10694)
    ,(#10695,#10696)
    ,(#10697,#10698
    )),.UNSPECIFIED.,.F.,.F.,.F.,(4,4),(2,2),(18.,19.),(0.,1.),
  .PIECEWISE_BEZIER_KNOTS.);
#10691 = CARTESIAN_POINT('',(0.554734625898,2.240999936884,
    1.526648297877));
#10692 = CARTESIAN_POINT('',(0.554734625898,2.23999993717,1.526648297877
    ));
#10693 = CARTESIAN_POINT('',(0.554734625898,2.240999936884,
    1.574365873167));
#10694 = CARTESIAN_POINT('',(0.554734625898,2.23999993717,1.574365873167
    ));
#10695 = CARTESIAN_POINT('',(0.515692973387,2.240999936884,
    1.613407525677));
#10696 = CARTESIAN_POINT('',(0.515692973387,2.23999993717,1.613407525677
    ));
#10697 = CARTESIAN_POINT('',(0.467975398097,2.240999936884,
    1.613407525677));
#10698 = CARTESIAN_POINT('',(0.467975398097,2.23999993717,1.613407525677
    ));
#10699 = ADVANCED_FACE('',(#10700),#10711,.F.);
#10700 = FACE_BOUND('',#10701,.F.);
#10701 = EDGE_LOOP('',(#10702,#10703,#10704,#10710));
#10702 = ORIENTED_EDGE('',*,*,#10684,.F.);
#10703 = ORIENTED_EDGE('',*,*,#10148,.T.);
#10704 = ORIENTED_EDGE('',*,*,#10705,.T.);
#10705 = EDGE_CURVE('',#10149,#2052,#10706,.T.);
#10706 = LINE('',#10707,#10708);
#10707 = CARTESIAN_POINT('',(0.421993013982,2.240999936884,
    1.600393641507));
#10708 = VECTOR('',#10709,1.);
#10709 = DIRECTION('',(-0.,-1.,-0.));
#10710 = ORIENTED_EDGE('',*,*,#2060,.F.);
#10711 = B_SPLINE_SURFACE_WITH_KNOTS('',3,1,(
    (#10712,#10713)
    ,(#10714,#10715)
    ,(#10716,#10717)
    ,(#10718,#10719
    )),.UNSPECIFIED.,.F.,.F.,.F.,(4,4),(2,2),(19.,20.),(0.,1.),
  .PIECEWISE_BEZIER_KNOTS.);
#10712 = CARTESIAN_POINT('',(0.467975398097,2.240999936884,
    1.613407525677));
#10713 = CARTESIAN_POINT('',(0.467975398097,2.23999993717,1.613407525677
    ));
#10714 = CARTESIAN_POINT('',(0.451491148124,2.240999936884,
    1.613407525677));
#10715 = CARTESIAN_POINT('',(0.451491148124,2.23999993717,1.613407525677
    ));
#10716 = CARTESIAN_POINT('',(0.435006898151,2.240999936884,1.6082019687)
  );
#10717 = CARTESIAN_POINT('',(0.435006898151,2.23999993717,1.6082019687)
  );
#10718 = CARTESIAN_POINT('',(0.421993013982,2.240999936884,
    1.600393641507));
#10719 = CARTESIAN_POINT('',(0.421993013982,2.23999993717,1.600393641507
    ));
#10720 = ADVANCED_FACE('',(#10721),#10732,.F.);
#10721 = FACE_BOUND('',#10722,.F.);
#10722 = EDGE_LOOP('',(#10723,#10724,#10725,#10731));
#10723 = ORIENTED_EDGE('',*,*,#10705,.F.);
#10724 = ORIENTED_EDGE('',*,*,#10157,.T.);
#10725 = ORIENTED_EDGE('',*,*,#10726,.T.);
#10726 = EDGE_CURVE('',#10158,#2043,#10727,.T.);
#10727 = LINE('',#10728,#10729);
#10728 = CARTESIAN_POINT('',(0.305735668586,2.240999936884,
    1.683682453862));
#10729 = VECTOR('',#10730,1.);
#10730 = DIRECTION('',(-0.,-1.,-0.));
#10731 = ORIENTED_EDGE('',*,*,#2051,.F.);
#10732 = B_SPLINE_SURFACE_WITH_KNOTS('',3,1,(
    (#10733,#10734)
    ,(#10735,#10736)
    ,(#10737,#10738)
    ,(#10739,#10740
    )),.UNSPECIFIED.,.F.,.F.,.F.,(4,4),(2,2),(20.,21.),(0.,1.),
  .PIECEWISE_BEZIER_KNOTS.);
#10733 = CARTESIAN_POINT('',(0.421993013982,2.240999936884,
    1.600393641507));
#10734 = CARTESIAN_POINT('',(0.421993013982,2.23999993717,1.600393641507
    ));
#10735 = CARTESIAN_POINT('',(0.405508780557,2.240999936884,
    1.648978762742));
#10736 = CARTESIAN_POINT('',(0.405508780557,2.23999993717,1.648978762742
    ));
#10737 = CARTESIAN_POINT('',(0.360393975481,2.240999936884,
    1.683682453862));
#10738 = CARTESIAN_POINT('',(0.360393975481,2.23999993717,1.683682453862
    ));
#10739 = CARTESIAN_POINT('',(0.305735668586,2.240999936884,
    1.683682453862));
#10740 = CARTESIAN_POINT('',(0.305735668586,2.23999993717,1.683682453862
    ));
#10741 = ADVANCED_FACE('',(#10742),#10753,.F.);
#10742 = FACE_BOUND('',#10743,.F.);
#10743 = EDGE_LOOP('',(#10744,#10745,#10746,#10752));
#10744 = ORIENTED_EDGE('',*,*,#10726,.F.);
#10745 = ORIENTED_EDGE('',*,*,#10166,.T.);
#10746 = ORIENTED_EDGE('',*,*,#10747,.T.);
#10747 = EDGE_CURVE('',#10167,#2034,#10748,.T.);
#10748 = LINE('',#10749,#10750);
#10749 = CARTESIAN_POINT('',(0.184272749665,2.240999936884,
    1.575233419111));
#10750 = VECTOR('',#10751,1.);
#10751 = DIRECTION('',(-0.,-1.,-0.));
#10752 = ORIENTED_EDGE('',*,*,#2042,.F.);
#10753 = B_SPLINE_SURFACE_WITH_KNOTS('',3,1,(
    (#10754,#10755)
    ,(#10756,#10757)
    ,(#10758,#10759)
    ,(#10760,#10761
    )),.UNSPECIFIED.,.F.,.F.,.F.,(4,4),(2,2),(21.,22.),(0.,1.),
  .PIECEWISE_BEZIER_KNOTS.);
#10754 = CARTESIAN_POINT('',(0.305735668586,2.240999936884,
    1.683682453862));
#10755 = CARTESIAN_POINT('',(0.305735668586,2.23999993717,1.683682453862
    ));
#10756 = CARTESIAN_POINT('',(0.24326901795,2.240999936884,1.683682453862
    ));
#10757 = CARTESIAN_POINT('',(0.24326901795,2.23999993717,1.683682453862)
  );
#10758 = CARTESIAN_POINT('',(0.19121348127,2.240999936884,1.635964878571
    ));
#10759 = CARTESIAN_POINT('',(0.19121348127,2.23999993717,1.635964878571)
  );
#10760 = CARTESIAN_POINT('',(0.184272749665,2.240999936884,
    1.575233419111));
#10761 = CARTESIAN_POINT('',(0.184272749665,2.23999993717,1.575233419111
    ));
#10762 = ADVANCED_FACE('',(#10763),#10774,.F.);
#10763 = FACE_BOUND('',#10764,.T.);
#10764 = EDGE_LOOP('',(#10765,#10766,#10772,#10773));
#10765 = ORIENTED_EDGE('',*,*,#2033,.T.);
#10766 = ORIENTED_EDGE('',*,*,#10767,.F.);
#10767 = EDGE_CURVE('',#10176,#2025,#10768,.T.);
#10768 = LINE('',#10769,#10770);
#10769 = CARTESIAN_POINT('',(0.17733201806,2.240999936884,1.575233419111
    ));
#10770 = VECTOR('',#10771,1.);
#10771 = DIRECTION('',(-0.,-1.,-0.));
#10772 = ORIENTED_EDGE('',*,*,#10175,.F.);
#10773 = ORIENTED_EDGE('',*,*,#10747,.T.);
#10774 = PLANE('',#10775);
#10775 = AXIS2_PLACEMENT_3D('',#10776,#10777,#10778);
#10776 = CARTESIAN_POINT('',(0.184272749665,2.240999936884,
    1.575233419111));
#10777 = DIRECTION('',(0.,0.,1.));
#10778 = DIRECTION('',(1.,0.,0.));
#10779 = ADVANCED_FACE('',(#10780),#10791,.F.);
#10780 = FACE_BOUND('',#10781,.F.);
#10781 = EDGE_LOOP('',(#10782,#10783,#10784,#10790));
#10782 = ORIENTED_EDGE('',*,*,#10767,.F.);
#10783 = ORIENTED_EDGE('',*,*,#10184,.T.);
#10784 = ORIENTED_EDGE('',*,*,#10785,.T.);
#10785 = EDGE_CURVE('',#10185,#2016,#10786,.T.);
#10786 = LINE('',#10787,#10788);
#10787 = CARTESIAN_POINT('',(0.109659826994,2.240999936884,
    1.507561228045));
#10788 = VECTOR('',#10789,1.);
#10789 = DIRECTION('',(-0.,-1.,-0.));
#10790 = ORIENTED_EDGE('',*,*,#2024,.F.);
#10791 = B_SPLINE_SURFACE_WITH_KNOTS('',3,1,(
    (#10792,#10793)
    ,(#10794,#10795)
    ,(#10796,#10797)
    ,(#10798,#10799
    )),.UNSPECIFIED.,.F.,.F.,.F.,(4,4),(2,2),(23.,24.),(0.,1.),
  .PIECEWISE_BEZIER_KNOTS.);
#10792 = CARTESIAN_POINT('',(0.17733201806,2.240999936884,1.575233419111
    ));
#10793 = CARTESIAN_POINT('',(0.17733201806,2.23999993717,1.575233419111)
  );
#10794 = CARTESIAN_POINT('',(0.140025556725,2.240999936884,
    1.575233419111));
#10795 = CARTESIAN_POINT('',(0.140025556725,2.23999993717,1.575233419111
    ));
#10796 = CARTESIAN_POINT('',(0.109659826994,2.240999936884,
    1.544867689381));
#10797 = CARTESIAN_POINT('',(0.109659826994,2.23999993717,1.544867689381
    ));
#10798 = CARTESIAN_POINT('',(0.109659826994,2.240999936884,
    1.507561228045));
#10799 = CARTESIAN_POINT('',(0.109659826994,2.23999993717,1.507561228045
    ));
#10800 = ADVANCED_FACE('',(#10801),#10812,.F.);
#10801 = FACE_BOUND('',#10802,.F.);
#10802 = EDGE_LOOP('',(#10803,#10804,#10805,#10811));
#10803 = ORIENTED_EDGE('',*,*,#10785,.F.);
#10804 = ORIENTED_EDGE('',*,*,#10193,.T.);
#10805 = ORIENTED_EDGE('',*,*,#10806,.T.);
#10806 = EDGE_CURVE('',#10194,#2008,#10807,.T.);
#10807 = LINE('',#10808,#10809);
#10808 = CARTESIAN_POINT('',(0.17212647763,2.240999936884,1.43988903698)
  );
#10809 = VECTOR('',#10810,1.);
#10810 = DIRECTION('',(-0.,-1.,-0.));
#10811 = ORIENTED_EDGE('',*,*,#2015,.F.);
#10812 = B_SPLINE_SURFACE_WITH_KNOTS('',3,1,(
    (#10813,#10814)
    ,(#10815,#10816)
    ,(#10817,#10818)
    ,(#10819,#10820
    )),.UNSPECIFIED.,.F.,.F.,.F.,(4,4),(2,2),(24.,25.),(0.,1.),
  .PIECEWISE_BEZIER_KNOTS.);
#10813 = CARTESIAN_POINT('',(0.109659826994,2.240999936884,
    1.507561228045));
#10814 = CARTESIAN_POINT('',(0.109659826994,2.23999993717,1.507561228045
    ));
#10815 = CARTESIAN_POINT('',(0.109659826994,2.240999936884,
    1.471989941337));
#10816 = CARTESIAN_POINT('',(0.109659826994,2.23999993717,1.471989941337
    ));
#10817 = CARTESIAN_POINT('',(0.136555174374,2.240999936884,
    1.442491807195));
#10818 = CARTESIAN_POINT('',(0.136555174374,2.23999993717,1.442491807195
    ));
#10819 = CARTESIAN_POINT('',(0.17212647763,2.240999936884,1.43988903698)
  );
#10820 = CARTESIAN_POINT('',(0.17212647763,2.23999993717,1.43988903698)
  );
#10821 = ADVANCED_FACE('',(#10822),#10833,.F.);
#10822 = FACE_BOUND('',#10823,.T.);
#10823 = EDGE_LOOP('',(#10824,#10825,#10831,#10832));
#10824 = ORIENTED_EDGE('',*,*,#2007,.T.);
#10825 = ORIENTED_EDGE('',*,*,#10826,.F.);
#10826 = EDGE_CURVE('',#10203,#1999,#10827,.T.);
#10827 = LINE('',#10828,#10829);
#10828 = CARTESIAN_POINT('',(0.21116813014,2.240999936884,1.43988903698)
  );
#10829 = VECTOR('',#10830,1.);
#10830 = DIRECTION('',(-0.,-1.,-0.));
#10831 = ORIENTED_EDGE('',*,*,#10202,.F.);
#10832 = ORIENTED_EDGE('',*,*,#10806,.T.);
#10833 = PLANE('',#10834);
#10834 = AXIS2_PLACEMENT_3D('',#10835,#10836,#10837);
#10835 = CARTESIAN_POINT('',(0.17212647763,2.240999936884,1.43988903698)
  );
#10836 = DIRECTION('',(0.,0.,-1.));
#10837 = DIRECTION('',(-1.,0.,0.));
#10838 = ADVANCED_FACE('',(#10839),#10850,.F.);
#10839 = FACE_BOUND('',#10840,.F.);
#10840 = EDGE_LOOP('',(#10841,#10842,#10843,#10849));
#10841 = ORIENTED_EDGE('',*,*,#10826,.F.);
#10842 = ORIENTED_EDGE('',*,*,#10210,.T.);
#10843 = ORIENTED_EDGE('',*,*,#10844,.T.);
#10844 = EDGE_CURVE('',#10211,#1990,#10845,.T.);
#10845 = LINE('',#10846,#10847);
#10846 = CARTESIAN_POINT('',(0.21637367057,2.240999936884,1.44075661602)
  );
#10847 = VECTOR('',#10848,1.);
#10848 = DIRECTION('',(-0.,-1.,-0.));
#10849 = ORIENTED_EDGE('',*,*,#1998,.F.);
#10850 = B_SPLINE_SURFACE_WITH_KNOTS('',3,1,(
    (#10851,#10852)
    ,(#10853,#10854)
    ,(#10855,#10856)
    ,(#10857,#10858
    )),.UNSPECIFIED.,.F.,.F.,.F.,(4,4),(2,2),(26.,27.),(0.,1.),
  .PIECEWISE_BEZIER_KNOTS.);
#10851 = CARTESIAN_POINT('',(0.21116813014,2.240999936884,1.43988903698)
  );
#10852 = CARTESIAN_POINT('',(0.21116813014,2.23999993717,1.43988903698)
  );
#10853 = CARTESIAN_POINT('',(0.212903321316,2.240999936884,1.43988903698
    ));
#10854 = CARTESIAN_POINT('',(0.212903321316,2.23999993717,1.43988903698)
  );
#10855 = CARTESIAN_POINT('',(0.214638512491,2.240999936884,1.44075661602
    ));
#10856 = CARTESIAN_POINT('',(0.214638512491,2.23999993717,1.44075661602)
  );
#10857 = CARTESIAN_POINT('',(0.21637367057,2.240999936884,1.44075661602)
  );
#10858 = CARTESIAN_POINT('',(0.21637367057,2.23999993717,1.44075661602)
  );
#10859 = ADVANCED_FACE('',(#10860),#10871,.F.);
#10860 = FACE_BOUND('',#10861,.F.);
#10861 = EDGE_LOOP('',(#10862,#10863,#10864,#10870));
#10862 = ORIENTED_EDGE('',*,*,#10844,.F.);
#10863 = ORIENTED_EDGE('',*,*,#10219,.T.);
#10864 = ORIENTED_EDGE('',*,*,#10865,.T.);
#10865 = EDGE_CURVE('',#10220,#1981,#10866,.T.);
#10866 = LINE('',#10867,#10868);
#10867 = CARTESIAN_POINT('',(0.24326901795,2.240999936884,1.41386126864)
  );
#10868 = VECTOR('',#10869,1.);
#10869 = DIRECTION('',(-0.,-1.,-0.));
#10870 = ORIENTED_EDGE('',*,*,#1989,.F.);
#10871 = B_SPLINE_SURFACE_WITH_KNOTS('',3,1,(
    (#10872,#10873)
    ,(#10874,#10875)
    ,(#10876,#10877)
    ,(#10878,#10879
    )),.UNSPECIFIED.,.F.,.F.,.F.,(4,4),(2,2),(27.,28.),(0.,1.),
  .PIECEWISE_BEZIER_KNOTS.);
#10872 = CARTESIAN_POINT('',(0.21637367057,2.240999936884,1.44075661602)
  );
#10873 = CARTESIAN_POINT('',(0.21637367057,2.23999993717,1.44075661602)
  );
#10874 = CARTESIAN_POINT('',(0.231122745915,2.240999936884,1.44075661602
    ));
#10875 = CARTESIAN_POINT('',(0.231122745915,2.23999993717,1.44075661602)
  );
#10876 = CARTESIAN_POINT('',(0.24326901795,2.240999936884,1.428610310889
    ));
#10877 = CARTESIAN_POINT('',(0.24326901795,2.23999993717,1.428610310889)
  );
#10878 = CARTESIAN_POINT('',(0.24326901795,2.240999936884,1.41386126864)
  );
#10879 = CARTESIAN_POINT('',(0.24326901795,2.23999993717,1.41386126864)
  );
#10880 = ADVANCED_FACE('',(#10881),#10892,.F.);
#10881 = FACE_BOUND('',#10882,.F.);
#10882 = EDGE_LOOP('',(#10883,#10884,#10885,#10891));
#10883 = ORIENTED_EDGE('',*,*,#10865,.F.);
#10884 = ORIENTED_EDGE('',*,*,#10228,.T.);
#10885 = ORIENTED_EDGE('',*,*,#10886,.T.);
#10886 = EDGE_CURVE('',#10229,#1973,#10887,.T.);
#10887 = LINE('',#10888,#10889);
#10888 = CARTESIAN_POINT('',(0.218108828649,2.240999936884,
    1.386965921259));
#10889 = VECTOR('',#10890,1.);
#10890 = DIRECTION('',(-0.,-1.,-0.));
#10891 = ORIENTED_EDGE('',*,*,#1980,.F.);
#10892 = B_SPLINE_SURFACE_WITH_KNOTS('',3,1,(
    (#10893,#10894)
    ,(#10895,#10896)
    ,(#10897,#10898)
    ,(#10899,#10900
    )),.UNSPECIFIED.,.F.,.F.,.F.,(4,4),(2,2),(28.,29.),(0.,1.),
  .PIECEWISE_BEZIER_KNOTS.);
#10893 = CARTESIAN_POINT('',(0.24326901795,2.240999936884,1.41386126864)
  );
#10894 = CARTESIAN_POINT('',(0.24326901795,2.23999993717,1.41386126864)
  );
#10895 = CARTESIAN_POINT('',(0.24326901795,2.240999936884,1.39997980543)
  );
#10896 = CARTESIAN_POINT('',(0.24326901795,2.23999993717,1.39997980543)
  );
#10897 = CARTESIAN_POINT('',(0.231990324955,2.240999936884,
    1.387833500299));
#10898 = CARTESIAN_POINT('',(0.231990324955,2.23999993717,1.387833500299
    ));
#10899 = CARTESIAN_POINT('',(0.218108828649,2.240999936884,
    1.386965921259));
#10900 = CARTESIAN_POINT('',(0.218108828649,2.23999993717,1.386965921259
    ));
#10901 = ADVANCED_FACE('',(#10902),#10913,.F.);
#10902 = FACE_BOUND('',#10903,.T.);
#10903 = EDGE_LOOP('',(#10904,#10905,#10911,#10912));
#10904 = ORIENTED_EDGE('',*,*,#1972,.T.);
#10905 = ORIENTED_EDGE('',*,*,#10906,.F.);
#10906 = EDGE_CURVE('',#10238,#1964,#10907,.T.);
#10907 = LINE('',#10908,#10909);
#10908 = CARTESIAN_POINT('',(0.166920904104,2.240999936884,
    1.386965921259));
#10909 = VECTOR('',#10910,1.);
#10910 = DIRECTION('',(-0.,-1.,-0.));
#10911 = ORIENTED_EDGE('',*,*,#10237,.F.);
#10912 = ORIENTED_EDGE('',*,*,#10886,.T.);
#10913 = PLANE('',#10914);
#10914 = AXIS2_PLACEMENT_3D('',#10915,#10916,#10917);
#10915 = CARTESIAN_POINT('',(0.169523674319,2.240999936884,
    1.386965921259));
#10916 = DIRECTION('',(0.,0.,1.));
#10917 = DIRECTION('',(1.,0.,0.));
#10918 = ADVANCED_FACE('',(#10919),#10930,.F.);
#10919 = FACE_BOUND('',#10920,.F.);
#10920 = EDGE_LOOP('',(#10921,#10922,#10923,#10929));
#10921 = ORIENTED_EDGE('',*,*,#10906,.F.);
#10922 = ORIENTED_EDGE('',*,*,#10245,.T.);
#10923 = ORIENTED_EDGE('',*,*,#10924,.T.);
#10924 = EDGE_CURVE('',#10246,#1955,#10925,.T.);
#10925 = LINE('',#10926,#10927);
#10926 = CARTESIAN_POINT('',(8.797002004437E-02,2.240999936884,
    1.42600757377));
#10927 = VECTOR('',#10928,1.);
#10928 = DIRECTION('',(-0.,-1.,-0.));
#10929 = ORIENTED_EDGE('',*,*,#1963,.F.);
#10930 = B_SPLINE_SURFACE_WITH_KNOTS('',3,1,(
    (#10931,#10932)
    ,(#10933,#10934)
    ,(#10935,#10936)
    ,(#10937,#10938
    )),.UNSPECIFIED.,.F.,.F.,.F.,(4,4),(2,2),(33.,34.),(0.,1.),
  .PIECEWISE_BEZIER_KNOTS.);
#10931 = CARTESIAN_POINT('',(0.166920904104,2.240999936884,
    1.386965921259));
#10932 = CARTESIAN_POINT('',(0.166920904104,2.23999993717,1.386965921259
    ));
#10933 = CARTESIAN_POINT('',(0.136555174374,2.240999936884,
    1.389568691474));
#10934 = CARTESIAN_POINT('',(0.136555174374,2.23999993717,1.389568691474
    ));
#10935 = CARTESIAN_POINT('',(0.108792214858,2.240999936884,1.40345018778
    ));
#10936 = CARTESIAN_POINT('',(0.108792214858,2.23999993717,1.40345018778)
  );
#10937 = CARTESIAN_POINT('',(8.797002004437E-02,2.240999936884,
    1.42600757377));
#10938 = CARTESIAN_POINT('',(8.797002004437E-02,2.23999993717,
    1.42600757377));
#10939 = ADVANCED_FACE('',(#10940),#10946,.F.);
#10940 = FACE_BOUND('',#10941,.F.);
#10941 = EDGE_LOOP('',(#10942,#10943,#10944,#10945));
#10942 = ORIENTED_EDGE('',*,*,#10924,.F.);
#10943 = ORIENTED_EDGE('',*,*,#10254,.T.);
#10944 = ORIENTED_EDGE('',*,*,#10294,.T.);
#10945 = ORIENTED_EDGE('',*,*,#1954,.F.);
#10946 = B_SPLINE_SURFACE_WITH_KNOTS('',3,1,(
    (#10947,#10948)
    ,(#10949,#10950)
    ,(#10951,#10952)
    ,(#10953,#10954
    )),.UNSPECIFIED.,.F.,.F.,.F.,(4,4),(2,2),(34.,35.),(0.,1.),
  .PIECEWISE_BEZIER_KNOTS.);
#10947 = CARTESIAN_POINT('',(8.797002004437E-02,2.240999936884,
    1.42600757377));
#10948 = CARTESIAN_POINT('',(8.797002004437E-02,2.239999936912,
    1.42600757377));
#10949 = CARTESIAN_POINT('',(6.714779213341E-02,2.240999936884,
    1.44856495976));
#10950 = CARTESIAN_POINT('',(6.714779213341E-02,2.239999936912,
    1.44856495976));
#10951 = CARTESIAN_POINT('',(5.586909913852E-02,2.240999936884,
    1.478063110451));
#10952 = CARTESIAN_POINT('',(5.586909913852E-02,2.239999936912,
    1.478063110451));
#10953 = CARTESIAN_POINT('',(5.586909913852E-02,2.240999936884,
    1.508428840181));
#10954 = CARTESIAN_POINT('',(5.586909913852E-02,2.239999936912,
    1.508428840181));
#10955 = ADVANCED_FACE('',(#10956),#10985,.T.);
#10956 = FACE_BOUND('',#10957,.T.);
#10957 = EDGE_LOOP('',(#10958,#10972,#10978,#10979));
#10958 = ORIENTED_EDGE('',*,*,#10959,.F.);
#10959 = EDGE_CURVE('',#10960,#10962,#10964,.T.);
#10960 = VERTEX_POINT('',#10961);
#10961 = CARTESIAN_POINT('',(0.42199303053,2.23999993717,1.381760314638)
  );
#10962 = VERTEX_POINT('',#10963);
#10963 = CARTESIAN_POINT('',(0.42199303053,2.239999936912,1.449432538799
    ));
#10964 = B_SPLINE_CURVE_WITH_KNOTS('',3,(#10965,#10966,#10967,#10968,
    #10969,#10970,#10971),.UNSPECIFIED.,.F.,.F.,(4,3,4),(0.,1.,2.),
  .PIECEWISE_BEZIER_KNOTS.);
#10965 = CARTESIAN_POINT('',(0.42199303053,2.23999993717,1.381760314638)
  );
#10966 = CARTESIAN_POINT('',(0.402906010342,2.239999936912,
    1.381760314638));
#10967 = CARTESIAN_POINT('',(0.388156934997,2.239999936912,
    1.397377002119));
#10968 = CARTESIAN_POINT('',(0.388156934997,2.239999936912,
    1.415596426719));
#10969 = CARTESIAN_POINT('',(0.388156934997,2.239999936912,
    1.434683463454));
#10970 = CARTESIAN_POINT('',(0.403773589382,2.239999936912,
    1.449432538799));
#10971 = CARTESIAN_POINT('',(0.42199303053,2.239999936912,1.449432538799
    ));
#10972 = ORIENTED_EDGE('',*,*,#10973,.F.);
#10973 = EDGE_CURVE('',#10264,#10960,#10974,.T.);
#10974 = LINE('',#10975,#10976);
#10975 = CARTESIAN_POINT('',(0.42199303053,2.240999936884,1.381760314638
    ));
#10976 = VECTOR('',#10977,1.);
#10977 = DIRECTION('',(-0.,-1.,-0.));
#10978 = ORIENTED_EDGE('',*,*,#10263,.T.);
#10979 = ORIENTED_EDGE('',*,*,#10980,.T.);
#10980 = EDGE_CURVE('',#10266,#10962,#10981,.T.);
#10981 = LINE('',#10982,#10983);
#10982 = CARTESIAN_POINT('',(0.42199303053,2.240999936884,1.449432538799
    ));
#10983 = VECTOR('',#10984,1.);
#10984 = DIRECTION('',(-0.,-1.,-0.));
#10985 = B_SPLINE_SURFACE_WITH_KNOTS('',3,1,(
    (#10986,#10987)
    ,(#10988,#10989)
    ,(#10990,#10991)
    ,(#10992,#10993)
    ,(#10994,#10995)
    ,(#10996,#10997)
    ,(#10998,#10999
  )),.UNSPECIFIED.,.F.,.F.,.F.,(4,3,4),(2,2),(0.,1.,2.),(0.,1.),
  .PIECEWISE_BEZIER_KNOTS.);
#10986 = CARTESIAN_POINT('',(0.42199303053,2.240999936884,1.381760314638
    ));
#10987 = CARTESIAN_POINT('',(0.42199303053,2.239999936912,1.381760314638
    ));
#10988 = CARTESIAN_POINT('',(0.402906010342,2.240999936884,
    1.381760314638));
#10989 = CARTESIAN_POINT('',(0.402906010342,2.239999936912,
    1.381760314638));
#10990 = CARTESIAN_POINT('',(0.388156934997,2.240999936884,
    1.397377002119));
#10991 = CARTESIAN_POINT('',(0.388156934997,2.239999936912,
    1.397377002119));
#10992 = CARTESIAN_POINT('',(0.388156934997,2.240999936884,
    1.415596426719));
#10993 = CARTESIAN_POINT('',(0.388156934997,2.239999936912,
    1.415596426719));
#10994 = CARTESIAN_POINT('',(0.388156934997,2.240999936884,
    1.434683463454));
#10995 = CARTESIAN_POINT('',(0.388156934997,2.239999936912,
    1.434683463454));
#10996 = CARTESIAN_POINT('',(0.403773589382,2.240999936884,
    1.449432538799));
#10997 = CARTESIAN_POINT('',(0.403773589382,2.239999936912,
    1.449432538799));
#10998 = CARTESIAN_POINT('',(0.42199303053,2.240999936884,1.449432538799
    ));
#10999 = CARTESIAN_POINT('',(0.42199303053,2.239999936912,1.449432538799
    ));
#11000 = ADVANCED_FACE('',(#11001),#11015,.T.);
#11001 = FACE_BOUND('',#11002,.T.);
#11002 = EDGE_LOOP('',(#11003,#11012,#11013,#11014));
#11003 = ORIENTED_EDGE('',*,*,#11004,.F.);
#11004 = EDGE_CURVE('',#10962,#10960,#11005,.T.);
#11005 = B_SPLINE_CURVE_WITH_KNOTS('',3,(#11006,#11007,#11008,#11009,
    #11010,#11011),.UNSPECIFIED.,.F.,.F.,(4,2,4),(2.,3.,4.),
  .UNSPECIFIED.);
#11006 = CARTESIAN_POINT('',(0.42199303053,2.239999936912,1.449432538799
    ));
#11007 = CARTESIAN_POINT('',(0.440212471677,2.239999936912,
    1.449432538799));
#11008 = CARTESIAN_POINT('',(0.455829126062,2.239999936912,
    1.434683463454));
#11009 = CARTESIAN_POINT('',(0.455829126062,2.239999936912,
    1.396509389983));
#11010 = CARTESIAN_POINT('',(0.440212471677,2.239999936912,
    1.381760314638));
#11011 = CARTESIAN_POINT('',(0.42199303053,2.23999993717,1.381760314638)
  );
#11012 = ORIENTED_EDGE('',*,*,#10980,.F.);
#11013 = ORIENTED_EDGE('',*,*,#10277,.T.);
#11014 = ORIENTED_EDGE('',*,*,#10973,.T.);
#11015 = B_SPLINE_SURFACE_WITH_KNOTS('',3,1,(
    (#11016,#11017)
    ,(#11018,#11019)
    ,(#11020,#11021)
    ,(#11022,#11023)
    ,(#11024,#11025)
    ,(#11026,#11027
  )),.UNSPECIFIED.,.F.,.F.,.F.,(4,2,4),(2,2),(2.,3.,4.),(0.,1.),
  .UNSPECIFIED.);
#11016 = CARTESIAN_POINT('',(0.42199303053,2.240999936884,1.449432538799
    ));
#11017 = CARTESIAN_POINT('',(0.42199303053,2.239999936912,1.449432538799
    ));
#11018 = CARTESIAN_POINT('',(0.440212471677,2.240999936884,
    1.449432538799));
#11019 = CARTESIAN_POINT('',(0.440212471677,2.239999936912,
    1.449432538799));
#11020 = CARTESIAN_POINT('',(0.455829126062,2.240999936884,
    1.434683463454));
#11021 = CARTESIAN_POINT('',(0.455829126062,2.239999936912,
    1.434683463454));
#11022 = CARTESIAN_POINT('',(0.455829126062,2.240999936884,
    1.396509389983));
#11023 = CARTESIAN_POINT('',(0.455829126062,2.239999936912,
    1.396509389983));
#11024 = CARTESIAN_POINT('',(0.440212471677,2.240999936884,
    1.381760314638));
#11025 = CARTESIAN_POINT('',(0.440212471677,2.239999936912,
    1.381760314638));
#11026 = CARTESIAN_POINT('',(0.42199303053,2.240999936884,1.381760314638
    ));
#11027 = CARTESIAN_POINT('',(0.42199303053,2.239999936912,1.381760314638
    ));
#11028 = ADVANCED_FACE('',(#11029),#11033,.F.);
#11029 = FACE_BOUND('',#11030,.T.);
#11030 = EDGE_LOOP('',(#11031,#11032));
#11031 = ORIENTED_EDGE('',*,*,#11004,.T.);
#11032 = ORIENTED_EDGE('',*,*,#10959,.T.);
#11033 = PLANE('',#11034);
#11034 = AXIS2_PLACEMENT_3D('',#11035,#11036,#11037);
#11035 = CARTESIAN_POINT('',(2.23999993717,2.23999993717,
    9.536742906491E-08));
#11036 = DIRECTION('',(0.,-1.,0.));
#11037 = DIRECTION('',(0.,0.,-1.));
#11038 = ( GEOMETRIC_REPRESENTATION_CONTEXT(3) 
GLOBAL_UNCERTAINTY_ASSIGNED_CONTEXT((#11042)) 
GLOBAL_UNIT_ASSIGNED_CONTEXT((#11039,#11040,#11041)) 
REPRESENTATION_CONTEXT('Context #1',
  '3D Context with UNIT and UNCERTAINTY') );
#11039 = ( LENGTH_UNIT() NAMED_UNIT(*) SI_UNIT(.MILLI.,.METRE.) );
#11040 = ( NAMED_UNIT(*) PLANE_ANGLE_UNIT() SI_UNIT($,.RADIAN.) );
#11041 = ( NAMED_UNIT(*) SI_UNIT($,.STERADIAN.) SOLID_ANGLE_UNIT() );
#11042 = UNCERTAINTY_MEASURE_WITH_UNIT(LENGTH_MEASURE(1.E-07),#11039,
  'distance_accuracy_value','confusion accuracy');
#11043 = CONTEXT_DEPENDENT_SHAPE_REPRESENTATION(#11044,#11046);
#11044 = ( REPRESENTATION_RELATIONSHIP('','',#320,#297) 
REPRESENTATION_RELATIONSHIP_WITH_TRANSFORMATION(#11045) 
SHAPE_REPRESENTATION_RELATIONSHIP() );
#11045 = ITEM_DEFINED_TRANSFORMATION('','',#11,#298);
#11046 = PRODUCT_DEFINITION_SHAPE('Placement','Placement of an item',
  #11047);
#11047 = NEXT_ASSEMBLY_USAGE_OCCURRENCE('6','=>[0:1:1:8]','',#292,#315,$
  );
#11048 = PRODUCT_RELATED_PRODUCT_CATEGORY('part',$,(#317));
#11049 = MECHANICAL_DESIGN_GEOMETRIC_PRESENTATION_REPRESENTATION('',(
    #11050,#11060,#11070,#11079,#11088,#11097,#11106,#11115,#11124,
    #11133,#11142,#11151,#11160,#11169,#11178,#11187,#11196,#11205,
    #11214,#11223,#11232,#11241,#11250,#11259,#11268,#11277,#11286,
    #11295,#11304,#11313,#11322,#11331,#11340,#11349,#11358,#11367,
    #11376,#11385,#11394,#11403,#11412,#11421,#11430,#11439,#11448,
    #11457,#11466,#11475,#11484,#11493,#11502,#11511,#11520,#11529,
    #11538,#11547,#11556,#11565,#11574,#11583,#11592,#11601,#11610,
    #11619,#11628,#11637,#11646,#11655,#11664,#11673,#11682,#11691,
    #11700,#11709,#11718,#11727,#11736,#11745,#11754,#11763,#11772,
    #11781,#11790,#11799,#11808,#11817,#11826,#11835,#11844,#11853,
    #11862,#11871,#11880,#11889,#11898,#11907,#11916,#11925,#11934,
    #11943,#11952,#11961,#11970,#11979,#11988,#11997,#12006,#12015,
    #12024,#12033,#12042,#12051,#12060,#12069,#12078,#12087,#12096,
    #12105,#12114,#12123,#12132,#12141,#12150,#12159,#12168,#12177,
    #12186,#12195,#12204,#12213,#12222,#12231,#12240,#12249,#12258,
    #12267,#12276,#12285,#12294,#12303,#12312,#12321,#12330,#12339,
    #12348,#12357,#12366,#12375,#12384,#12393,#12402,#12411,#12420,
    #12429,#12438,#12447,#12456,#12465,#12474,#12483,#12492,#12501,
    #12510,#12519,#12528,#12537,#12546,#12555,#12564,#12573,#12582,
    #12591,#12600,#12609,#12618,#12627,#12636,#12645,#12654,#12663,
    #12672,#12681,#12690,#12699,#12708,#12717,#12726,#12735,#12744,
    #12753,#12762,#12771,#12780,#12789,#12798,#12807,#12816,#12825,
    #12834,#12843,#12852,#12861,#12870,#12879,#12888,#12897,#12906,
    #12915,#12924,#12933,#12942,#12951,#12960,#12969,#12978,#12987,
    #12996,#13005,#13014,#13023,#13032,#13041,#13050,#13059,#13068,
    #13077,#13086,#13095,#13104,#13113,#13122,#13131,#13140,#13149,
    #13158,#13167,#13176,#13185,#13194,#13203,#13212,#13221,#13230,
    #13239,#13248,#13257,#13266,#13275,#13284,#13293,#13302,#13311,
    #13320,#13329,#13338,#13347,#13356,#13365,#13374,#13383,#13392,
    #13401,#13410,#13419,#13428,#13437,#13446,#13455,#13464,#13473,
    #13482,#13491,#13500,#13509,#13518,#13527,#13536,#13545,#13554,
    #13563,#13572,#13581),#11038);
#11050 = STYLED_ITEM('color',(#11051),#321);
#11051 = PRESENTATION_STYLE_ASSIGNMENT((#11052,#11058));
#11052 = SURFACE_STYLE_USAGE(.BOTH.,#11053);
#11053 = SURFACE_SIDE_STYLE('',(#11054));
#11054 = SURFACE_STYLE_FILL_AREA(#11055);
#11055 = FILL_AREA_STYLE('',(#11056));
#11056 = FILL_AREA_STYLE_COLOUR('',#11057);
#11057 = DRAUGHTING_PRE_DEFINED_COLOUR('white');
#11058 = CURVE_STYLE('',#11059,POSITIVE_LENGTH_MEASURE(0.1),#11057);
#11059 = DRAUGHTING_PRE_DEFINED_CURVE_FONT('continuous');
#11060 = OVER_RIDING_STYLED_ITEM('overriding color',(#11061),#323,#11050
  );
#11061 = PRESENTATION_STYLE_ASSIGNMENT((#11062,#11068));
#11062 = SURFACE_STYLE_USAGE(.BOTH.,#11063);
#11063 = SURFACE_SIDE_STYLE('',(#11064));
#11064 = SURFACE_STYLE_FILL_AREA(#11065);
#11065 = FILL_AREA_STYLE('',(#11066));
#11066 = FILL_AREA_STYLE_COLOUR('',#11067);
#11067 = COLOUR_RGB('',0.250980388104,0.250980388104,0.250980388104);
#11068 = CURVE_STYLE('',#11069,POSITIVE_LENGTH_MEASURE(0.1),#11067);
#11069 = DRAUGHTING_PRE_DEFINED_CURVE_FONT('continuous');
#11070 = OVER_RIDING_STYLED_ITEM('overriding color',(#11071),#367,#11050
  );
#11071 = PRESENTATION_STYLE_ASSIGNMENT((#11072,#11077));
#11072 = SURFACE_STYLE_USAGE(.BOTH.,#11073);
#11073 = SURFACE_SIDE_STYLE('',(#11074));
#11074 = SURFACE_STYLE_FILL_AREA(#11075);
#11075 = FILL_AREA_STYLE('',(#11076));
#11076 = FILL_AREA_STYLE_COLOUR('',#11067);
#11077 = CURVE_STYLE('',#11078,POSITIVE_LENGTH_MEASURE(0.1),#11067);
#11078 = DRAUGHTING_PRE_DEFINED_CURVE_FONT('continuous');
#11079 = OVER_RIDING_STYLED_ITEM('overriding color',(#11080),#411,#11050
  );
#11080 = PRESENTATION_STYLE_ASSIGNMENT((#11081,#11086));
#11081 = SURFACE_STYLE_USAGE(.BOTH.,#11082);
#11082 = SURFACE_SIDE_STYLE('',(#11083));
#11083 = SURFACE_STYLE_FILL_AREA(#11084);
#11084 = FILL_AREA_STYLE('',(#11085));
#11085 = FILL_AREA_STYLE_COLOUR('',#11067);
#11086 = CURVE_STYLE('',#11087,POSITIVE_LENGTH_MEASURE(0.1),#11067);
#11087 = DRAUGHTING_PRE_DEFINED_CURVE_FONT('continuous');
#11088 = OVER_RIDING_STYLED_ITEM('overriding color',(#11089),#455,#11050
  );
#11089 = PRESENTATION_STYLE_ASSIGNMENT((#11090,#11095));
#11090 = SURFACE_STYLE_USAGE(.BOTH.,#11091);
#11091 = SURFACE_SIDE_STYLE('',(#11092));
#11092 = SURFACE_STYLE_FILL_AREA(#11093);
#11093 = FILL_AREA_STYLE('',(#11094));
#11094 = FILL_AREA_STYLE_COLOUR('',#11067);
#11095 = CURVE_STYLE('',#11096,POSITIVE_LENGTH_MEASURE(0.1),#11067);
#11096 = DRAUGHTING_PRE_DEFINED_CURVE_FONT('continuous');
#11097 = OVER_RIDING_STYLED_ITEM('overriding color',(#11098),#499,#11050
  );
#11098 = PRESENTATION_STYLE_ASSIGNMENT((#11099,#11104));
#11099 = SURFACE_STYLE_USAGE(.BOTH.,#11100);
#11100 = SURFACE_SIDE_STYLE('',(#11101));
#11101 = SURFACE_STYLE_FILL_AREA(#11102);
#11102 = FILL_AREA_STYLE('',(#11103));
#11103 = FILL_AREA_STYLE_COLOUR('',#11067);
#11104 = CURVE_STYLE('',#11105,POSITIVE_LENGTH_MEASURE(0.1),#11067);
#11105 = DRAUGHTING_PRE_DEFINED_CURVE_FONT('continuous');
#11106 = OVER_RIDING_STYLED_ITEM('overriding color',(#11107),#531,#11050
  );
#11107 = PRESENTATION_STYLE_ASSIGNMENT((#11108,#11113));
#11108 = SURFACE_STYLE_USAGE(.BOTH.,#11109);
#11109 = SURFACE_SIDE_STYLE('',(#11110));
#11110 = SURFACE_STYLE_FILL_AREA(#11111);
#11111 = FILL_AREA_STYLE('',(#11112));
#11112 = FILL_AREA_STYLE_COLOUR('',#11067);
#11113 = CURVE_STYLE('',#11114,POSITIVE_LENGTH_MEASURE(0.1),#11067);
#11114 = DRAUGHTING_PRE_DEFINED_CURVE_FONT('continuous');
#11115 = OVER_RIDING_STYLED_ITEM('overriding color',(#11116),#563,#11050
  );
#11116 = PRESENTATION_STYLE_ASSIGNMENT((#11117,#11122));
#11117 = SURFACE_STYLE_USAGE(.BOTH.,#11118);
#11118 = SURFACE_SIDE_STYLE('',(#11119));
#11119 = SURFACE_STYLE_FILL_AREA(#11120);
#11120 = FILL_AREA_STYLE('',(#11121));
#11121 = FILL_AREA_STYLE_COLOUR('',#11067);
#11122 = CURVE_STYLE('',#11123,POSITIVE_LENGTH_MEASURE(0.1),#11067);
#11123 = DRAUGHTING_PRE_DEFINED_CURVE_FONT('continuous');
#11124 = OVER_RIDING_STYLED_ITEM('overriding color',(#11125),#607,#11050
  );
#11125 = PRESENTATION_STYLE_ASSIGNMENT((#11126,#11131));
#11126 = SURFACE_STYLE_USAGE(.BOTH.,#11127);
#11127 = SURFACE_SIDE_STYLE('',(#11128));
#11128 = SURFACE_STYLE_FILL_AREA(#11129);
#11129 = FILL_AREA_STYLE('',(#11130));
#11130 = FILL_AREA_STYLE_COLOUR('',#11067);
#11131 = CURVE_STYLE('',#11132,POSITIVE_LENGTH_MEASURE(0.1),#11067);
#11132 = DRAUGHTING_PRE_DEFINED_CURVE_FONT('continuous');
#11133 = OVER_RIDING_STYLED_ITEM('overriding color',(#11134),#639,#11050
  );
#11134 = PRESENTATION_STYLE_ASSIGNMENT((#11135,#11140));
#11135 = SURFACE_STYLE_USAGE(.BOTH.,#11136);
#11136 = SURFACE_SIDE_STYLE('',(#11137));
#11137 = SURFACE_STYLE_FILL_AREA(#11138);
#11138 = FILL_AREA_STYLE('',(#11139));
#11139 = FILL_AREA_STYLE_COLOUR('',#11067);
#11140 = CURVE_STYLE('',#11141,POSITIVE_LENGTH_MEASURE(0.1),#11067);
#11141 = DRAUGHTING_PRE_DEFINED_CURVE_FONT('continuous');
#11142 = OVER_RIDING_STYLED_ITEM('overriding color',(#11143),#671,#11050
  );
#11143 = PRESENTATION_STYLE_ASSIGNMENT((#11144,#11149));
#11144 = SURFACE_STYLE_USAGE(.BOTH.,#11145);
#11145 = SURFACE_SIDE_STYLE('',(#11146));
#11146 = SURFACE_STYLE_FILL_AREA(#11147);
#11147 = FILL_AREA_STYLE('',(#11148));
#11148 = FILL_AREA_STYLE_COLOUR('',#11067);
#11149 = CURVE_STYLE('',#11150,POSITIVE_LENGTH_MEASURE(0.1),#11067);
#11150 = DRAUGHTING_PRE_DEFINED_CURVE_FONT('continuous');
#11151 = OVER_RIDING_STYLED_ITEM('overriding color',(#11152),#709,#11050
  );
#11152 = PRESENTATION_STYLE_ASSIGNMENT((#11153,#11158));
#11153 = SURFACE_STYLE_USAGE(.BOTH.,#11154);
#11154 = SURFACE_SIDE_STYLE('',(#11155));
#11155 = SURFACE_STYLE_FILL_AREA(#11156);
#11156 = FILL_AREA_STYLE('',(#11157));
#11157 = FILL_AREA_STYLE_COLOUR('',#11067);
#11158 = CURVE_STYLE('',#11159,POSITIVE_LENGTH_MEASURE(0.1),#11067);
#11159 = DRAUGHTING_PRE_DEFINED_CURVE_FONT('continuous');
#11160 = OVER_RIDING_STYLED_ITEM('overriding color',(#11161),#2239,
  #11050);
#11161 = PRESENTATION_STYLE_ASSIGNMENT((#11162,#11167));
#11162 = SURFACE_STYLE_USAGE(.BOTH.,#11163);
#11163 = SURFACE_SIDE_STYLE('',(#11164));
#11164 = SURFACE_STYLE_FILL_AREA(#11165);
#11165 = FILL_AREA_STYLE('',(#11166));
#11166 = FILL_AREA_STYLE_COLOUR('',#11067);
#11167 = CURVE_STYLE('',#11168,POSITIVE_LENGTH_MEASURE(0.1),#11067);
#11168 = DRAUGHTING_PRE_DEFINED_CURVE_FONT('continuous');
#11169 = OVER_RIDING_STYLED_ITEM('overriding color',(#11170),#2534,
  #11050);
#11170 = PRESENTATION_STYLE_ASSIGNMENT((#11171,#11176));
#11171 = SURFACE_STYLE_USAGE(.BOTH.,#11172);
#11172 = SURFACE_SIDE_STYLE('',(#11173));
#11173 = SURFACE_STYLE_FILL_AREA(#11174);
#11174 = FILL_AREA_STYLE('',(#11175));
#11175 = FILL_AREA_STYLE_COLOUR('',#11067);
#11176 = CURVE_STYLE('',#11177,POSITIVE_LENGTH_MEASURE(0.1),#11067);
#11177 = DRAUGHTING_PRE_DEFINED_CURVE_FONT('continuous');
#11178 = OVER_RIDING_STYLED_ITEM('overriding color',(#11179),#2649,
  #11050);
#11179 = PRESENTATION_STYLE_ASSIGNMENT((#11180,#11185));
#11180 = SURFACE_STYLE_USAGE(.BOTH.,#11181);
#11181 = SURFACE_SIDE_STYLE('',(#11182));
#11182 = SURFACE_STYLE_FILL_AREA(#11183);
#11183 = FILL_AREA_STYLE('',(#11184));
#11184 = FILL_AREA_STYLE_COLOUR('',#11067);
#11185 = CURVE_STYLE('',#11186,POSITIVE_LENGTH_MEASURE(0.1),#11067);
#11186 = DRAUGHTING_PRE_DEFINED_CURVE_FONT('continuous');
#11187 = OVER_RIDING_STYLED_ITEM('overriding color',(#11188),#2764,
  #11050);
#11188 = PRESENTATION_STYLE_ASSIGNMENT((#11189,#11194));
#11189 = SURFACE_STYLE_USAGE(.BOTH.,#11190);
#11190 = SURFACE_SIDE_STYLE('',(#11191));
#11191 = SURFACE_STYLE_FILL_AREA(#11192);
#11192 = FILL_AREA_STYLE('',(#11193));
#11193 = FILL_AREA_STYLE_COLOUR('',#11067);
#11194 = CURVE_STYLE('',#11195,POSITIVE_LENGTH_MEASURE(0.1),#11067);
#11195 = DRAUGHTING_PRE_DEFINED_CURVE_FONT('continuous');
#11196 = OVER_RIDING_STYLED_ITEM('overriding color',(#11197),#2799,
  #11050);
#11197 = PRESENTATION_STYLE_ASSIGNMENT((#11198,#11203));
#11198 = SURFACE_STYLE_USAGE(.BOTH.,#11199);
#11199 = SURFACE_SIDE_STYLE('',(#11200));
#11200 = SURFACE_STYLE_FILL_AREA(#11201);
#11201 = FILL_AREA_STYLE('',(#11202));
#11202 = FILL_AREA_STYLE_COLOUR('',#11067);
#11203 = CURVE_STYLE('',#11204,POSITIVE_LENGTH_MEASURE(0.1),#11067);
#11204 = DRAUGHTING_PRE_DEFINED_CURVE_FONT('continuous');
#11205 = OVER_RIDING_STYLED_ITEM('overriding color',(#11206),#2839,
  #11050);
#11206 = PRESENTATION_STYLE_ASSIGNMENT((#11207,#11212));
#11207 = SURFACE_STYLE_USAGE(.BOTH.,#11208);
#11208 = SURFACE_SIDE_STYLE('',(#11209));
#11209 = SURFACE_STYLE_FILL_AREA(#11210);
#11210 = FILL_AREA_STYLE('',(#11211));
#11211 = FILL_AREA_STYLE_COLOUR('',#11067);
#11212 = CURVE_STYLE('',#11213,POSITIVE_LENGTH_MEASURE(0.1),#11067);
#11213 = DRAUGHTING_PRE_DEFINED_CURVE_FONT('continuous');
#11214 = OVER_RIDING_STYLED_ITEM('overriding color',(#11215),#2851,
  #11050);
#11215 = PRESENTATION_STYLE_ASSIGNMENT((#11216,#11221));
#11216 = SURFACE_STYLE_USAGE(.BOTH.,#11217);
#11217 = SURFACE_SIDE_STYLE('',(#11218));
#11218 = SURFACE_STYLE_FILL_AREA(#11219);
#11219 = FILL_AREA_STYLE('',(#11220));
#11220 = FILL_AREA_STYLE_COLOUR('',#11067);
#11221 = CURVE_STYLE('',#11222,POSITIVE_LENGTH_MEASURE(0.1),#11067);
#11222 = DRAUGHTING_PRE_DEFINED_CURVE_FONT('continuous');
#11223 = OVER_RIDING_STYLED_ITEM('overriding color',(#11224),#2867,
  #11050);
#11224 = PRESENTATION_STYLE_ASSIGNMENT((#11225,#11230));
#11225 = SURFACE_STYLE_USAGE(.BOTH.,#11226);
#11226 = SURFACE_SIDE_STYLE('',(#11227));
#11227 = SURFACE_STYLE_FILL_AREA(#11228);
#11228 = FILL_AREA_STYLE('',(#11229));
#11229 = FILL_AREA_STYLE_COLOUR('',#11067);
#11230 = CURVE_STYLE('',#11231,POSITIVE_LENGTH_MEASURE(0.1),#11067);
#11231 = DRAUGHTING_PRE_DEFINED_CURVE_FONT('continuous');
#11232 = OVER_RIDING_STYLED_ITEM('overriding color',(#11233),#2991,
  #11050);
#11233 = PRESENTATION_STYLE_ASSIGNMENT((#11234,#11239));
#11234 = SURFACE_STYLE_USAGE(.BOTH.,#11235);
#11235 = SURFACE_SIDE_STYLE('',(#11236));
#11236 = SURFACE_STYLE_FILL_AREA(#11237);
#11237 = FILL_AREA_STYLE('',(#11238));
#11238 = FILL_AREA_STYLE_COLOUR('',#11067);
#11239 = CURVE_STYLE('',#11240,POSITIVE_LENGTH_MEASURE(0.1),#11067);
#11240 = DRAUGHTING_PRE_DEFINED_CURVE_FONT('continuous');
#11241 = OVER_RIDING_STYLED_ITEM('overriding color',(#11242),#3003,
  #11050);
#11242 = PRESENTATION_STYLE_ASSIGNMENT((#11243,#11248));
#11243 = SURFACE_STYLE_USAGE(.BOTH.,#11244);
#11244 = SURFACE_SIDE_STYLE('',(#11245));
#11245 = SURFACE_STYLE_FILL_AREA(#11246);
#11246 = FILL_AREA_STYLE('',(#11247));
#11247 = FILL_AREA_STYLE_COLOUR('',#11067);
#11248 = CURVE_STYLE('',#11249,POSITIVE_LENGTH_MEASURE(0.1),#11067);
#11249 = DRAUGHTING_PRE_DEFINED_CURVE_FONT('continuous');
#11250 = OVER_RIDING_STYLED_ITEM('overriding color',(#11251),#3015,
  #11050);
#11251 = PRESENTATION_STYLE_ASSIGNMENT((#11252,#11257));
#11252 = SURFACE_STYLE_USAGE(.BOTH.,#11253);
#11253 = SURFACE_SIDE_STYLE('',(#11254));
#11254 = SURFACE_STYLE_FILL_AREA(#11255);
#11255 = FILL_AREA_STYLE('',(#11256));
#11256 = FILL_AREA_STYLE_COLOUR('',#11067);
#11257 = CURVE_STYLE('',#11258,POSITIVE_LENGTH_MEASURE(0.1),#11067);
#11258 = DRAUGHTING_PRE_DEFINED_CURVE_FONT('continuous');
#11259 = OVER_RIDING_STYLED_ITEM('overriding color',(#11260),#3033,
  #11050);
#11260 = PRESENTATION_STYLE_ASSIGNMENT((#11261,#11266));
#11261 = SURFACE_STYLE_USAGE(.BOTH.,#11262);
#11262 = SURFACE_SIDE_STYLE('',(#11263));
#11263 = SURFACE_STYLE_FILL_AREA(#11264);
#11264 = FILL_AREA_STYLE('',(#11265));
#11265 = FILL_AREA_STYLE_COLOUR('',#11067);
#11266 = CURVE_STYLE('',#11267,POSITIVE_LENGTH_MEASURE(0.1),#11067);
#11267 = DRAUGHTING_PRE_DEFINED_CURVE_FONT('continuous');
#11268 = OVER_RIDING_STYLED_ITEM('overriding color',(#11269),#3049,
  #11050);
#11269 = PRESENTATION_STYLE_ASSIGNMENT((#11270,#11275));
#11270 = SURFACE_STYLE_USAGE(.BOTH.,#11271);
#11271 = SURFACE_SIDE_STYLE('',(#11272));
#11272 = SURFACE_STYLE_FILL_AREA(#11273);
#11273 = FILL_AREA_STYLE('',(#11274));
#11274 = FILL_AREA_STYLE_COLOUR('',#11067);
#11275 = CURVE_STYLE('',#11276,POSITIVE_LENGTH_MEASURE(0.1),#11067);
#11276 = DRAUGHTING_PRE_DEFINED_CURVE_FONT('continuous');
#11277 = OVER_RIDING_STYLED_ITEM('overriding color',(#11278),#3067,
  #11050);
#11278 = PRESENTATION_STYLE_ASSIGNMENT((#11279,#11284));
#11279 = SURFACE_STYLE_USAGE(.BOTH.,#11280);
#11280 = SURFACE_SIDE_STYLE('',(#11281));
#11281 = SURFACE_STYLE_FILL_AREA(#11282);
#11282 = FILL_AREA_STYLE('',(#11283));
#11283 = FILL_AREA_STYLE_COLOUR('',#11067);
#11284 = CURVE_STYLE('',#11285,POSITIVE_LENGTH_MEASURE(0.1),#11067);
#11285 = DRAUGHTING_PRE_DEFINED_CURVE_FONT('continuous');
#11286 = OVER_RIDING_STYLED_ITEM('overriding color',(#11287),#3083,
  #11050);
#11287 = PRESENTATION_STYLE_ASSIGNMENT((#11288,#11293));
#11288 = SURFACE_STYLE_USAGE(.BOTH.,#11289);
#11289 = SURFACE_SIDE_STYLE('',(#11290));
#11290 = SURFACE_STYLE_FILL_AREA(#11291);
#11291 = FILL_AREA_STYLE('',(#11292));
#11292 = FILL_AREA_STYLE_COLOUR('',#11067);
#11293 = CURVE_STYLE('',#11294,POSITIVE_LENGTH_MEASURE(0.1),#11067);
#11294 = DRAUGHTING_PRE_DEFINED_CURVE_FONT('continuous');
#11295 = OVER_RIDING_STYLED_ITEM('overriding color',(#11296),#3095,
  #11050);
#11296 = PRESENTATION_STYLE_ASSIGNMENT((#11297,#11302));
#11297 = SURFACE_STYLE_USAGE(.BOTH.,#11298);
#11298 = SURFACE_SIDE_STYLE('',(#11299));
#11299 = SURFACE_STYLE_FILL_AREA(#11300);
#11300 = FILL_AREA_STYLE('',(#11301));
#11301 = FILL_AREA_STYLE_COLOUR('',#11067);
#11302 = CURVE_STYLE('',#11303,POSITIVE_LENGTH_MEASURE(0.1),#11067);
#11303 = DRAUGHTING_PRE_DEFINED_CURVE_FONT('continuous');
#11304 = OVER_RIDING_STYLED_ITEM('overriding color',(#11305),#3113,
  #11050);
#11305 = PRESENTATION_STYLE_ASSIGNMENT((#11306,#11311));
#11306 = SURFACE_STYLE_USAGE(.BOTH.,#11307);
#11307 = SURFACE_SIDE_STYLE('',(#11308));
#11308 = SURFACE_STYLE_FILL_AREA(#11309);
#11309 = FILL_AREA_STYLE('',(#11310));
#11310 = FILL_AREA_STYLE_COLOUR('',#11067);
#11311 = CURVE_STYLE('',#11312,POSITIVE_LENGTH_MEASURE(0.1),#11067);
#11312 = DRAUGHTING_PRE_DEFINED_CURVE_FONT('continuous');
#11313 = OVER_RIDING_STYLED_ITEM('overriding color',(#11314),#3129,
  #11050);
#11314 = PRESENTATION_STYLE_ASSIGNMENT((#11315,#11320));
#11315 = SURFACE_STYLE_USAGE(.BOTH.,#11316);
#11316 = SURFACE_SIDE_STYLE('',(#11317));
#11317 = SURFACE_STYLE_FILL_AREA(#11318);
#11318 = FILL_AREA_STYLE('',(#11319));
#11319 = FILL_AREA_STYLE_COLOUR('',#11067);
#11320 = CURVE_STYLE('',#11321,POSITIVE_LENGTH_MEASURE(0.1),#11067);
#11321 = DRAUGHTING_PRE_DEFINED_CURVE_FONT('continuous');
#11322 = OVER_RIDING_STYLED_ITEM('overriding color',(#11323),#3147,
  #11050);
#11323 = PRESENTATION_STYLE_ASSIGNMENT((#11324,#11329));
#11324 = SURFACE_STYLE_USAGE(.BOTH.,#11325);
#11325 = SURFACE_SIDE_STYLE('',(#11326));
#11326 = SURFACE_STYLE_FILL_AREA(#11327);
#11327 = FILL_AREA_STYLE('',(#11328));
#11328 = FILL_AREA_STYLE_COLOUR('',#11067);
#11329 = CURVE_STYLE('',#11330,POSITIVE_LENGTH_MEASURE(0.1),#11067);
#11330 = DRAUGHTING_PRE_DEFINED_CURVE_FONT('continuous');
#11331 = OVER_RIDING_STYLED_ITEM('overriding color',(#11332),#3163,
  #11050);
#11332 = PRESENTATION_STYLE_ASSIGNMENT((#11333,#11338));
#11333 = SURFACE_STYLE_USAGE(.BOTH.,#11334);
#11334 = SURFACE_SIDE_STYLE('',(#11335));
#11335 = SURFACE_STYLE_FILL_AREA(#11336);
#11336 = FILL_AREA_STYLE('',(#11337));
#11337 = FILL_AREA_STYLE_COLOUR('',#11067);
#11338 = CURVE_STYLE('',#11339,POSITIVE_LENGTH_MEASURE(0.1),#11067);
#11339 = DRAUGHTING_PRE_DEFINED_CURVE_FONT('continuous');
#11340 = OVER_RIDING_STYLED_ITEM('overriding color',(#11341),#3175,
  #11050);
#11341 = PRESENTATION_STYLE_ASSIGNMENT((#11342,#11347));
#11342 = SURFACE_STYLE_USAGE(.BOTH.,#11343);
#11343 = SURFACE_SIDE_STYLE('',(#11344));
#11344 = SURFACE_STYLE_FILL_AREA(#11345);
#11345 = FILL_AREA_STYLE('',(#11346));
#11346 = FILL_AREA_STYLE_COLOUR('',#11067);
#11347 = CURVE_STYLE('',#11348,POSITIVE_LENGTH_MEASURE(0.1),#11067);
#11348 = DRAUGHTING_PRE_DEFINED_CURVE_FONT('continuous');
#11349 = OVER_RIDING_STYLED_ITEM('overriding color',(#11350),#3187,
  #11050);
#11350 = PRESENTATION_STYLE_ASSIGNMENT((#11351,#11356));
#11351 = SURFACE_STYLE_USAGE(.BOTH.,#11352);
#11352 = SURFACE_SIDE_STYLE('',(#11353));
#11353 = SURFACE_STYLE_FILL_AREA(#11354);
#11354 = FILL_AREA_STYLE('',(#11355));
#11355 = FILL_AREA_STYLE_COLOUR('',#11067);
#11356 = CURVE_STYLE('',#11357,POSITIVE_LENGTH_MEASURE(0.1),#11067);
#11357 = DRAUGHTING_PRE_DEFINED_CURVE_FONT('continuous');
#11358 = OVER_RIDING_STYLED_ITEM('overriding color',(#11359),#3199,
  #11050);
#11359 = PRESENTATION_STYLE_ASSIGNMENT((#11360,#11365));
#11360 = SURFACE_STYLE_USAGE(.BOTH.,#11361);
#11361 = SURFACE_SIDE_STYLE('',(#11362));
#11362 = SURFACE_STYLE_FILL_AREA(#11363);
#11363 = FILL_AREA_STYLE('',(#11364));
#11364 = FILL_AREA_STYLE_COLOUR('',#11067);
#11365 = CURVE_STYLE('',#11366,POSITIVE_LENGTH_MEASURE(0.1),#11067);
#11366 = DRAUGHTING_PRE_DEFINED_CURVE_FONT('continuous');
#11367 = OVER_RIDING_STYLED_ITEM('overriding color',(#11368),#4451,
  #11050);
#11368 = PRESENTATION_STYLE_ASSIGNMENT((#11369,#11374));
#11369 = SURFACE_STYLE_USAGE(.BOTH.,#11370);
#11370 = SURFACE_SIDE_STYLE('',(#11371));
#11371 = SURFACE_STYLE_FILL_AREA(#11372);
#11372 = FILL_AREA_STYLE('',(#11373));
#11373 = FILL_AREA_STYLE_COLOUR('',#11067);
#11374 = CURVE_STYLE('',#11375,POSITIVE_LENGTH_MEASURE(0.1),#11067);
#11375 = DRAUGHTING_PRE_DEFINED_CURVE_FONT('continuous');
#11376 = OVER_RIDING_STYLED_ITEM('overriding color',(#11377),#4475,
  #11050);
#11377 = PRESENTATION_STYLE_ASSIGNMENT((#11378,#11383));
#11378 = SURFACE_STYLE_USAGE(.BOTH.,#11379);
#11379 = SURFACE_SIDE_STYLE('',(#11380));
#11380 = SURFACE_STYLE_FILL_AREA(#11381);
#11381 = FILL_AREA_STYLE('',(#11382));
#11382 = FILL_AREA_STYLE_COLOUR('',#11067);
#11383 = CURVE_STYLE('',#11384,POSITIVE_LENGTH_MEASURE(0.1),#11067);
#11384 = DRAUGHTING_PRE_DEFINED_CURVE_FONT('continuous');
#11385 = OVER_RIDING_STYLED_ITEM('overriding color',(#11386),#4499,
  #11050);
#11386 = PRESENTATION_STYLE_ASSIGNMENT((#11387,#11392));
#11387 = SURFACE_STYLE_USAGE(.BOTH.,#11388);
#11388 = SURFACE_SIDE_STYLE('',(#11389));
#11389 = SURFACE_STYLE_FILL_AREA(#11390);
#11390 = FILL_AREA_STYLE('',(#11391));
#11391 = FILL_AREA_STYLE_COLOUR('',#11067);
#11392 = CURVE_STYLE('',#11393,POSITIVE_LENGTH_MEASURE(0.1),#11067);
#11393 = DRAUGHTING_PRE_DEFINED_CURVE_FONT('continuous');
#11394 = OVER_RIDING_STYLED_ITEM('overriding color',(#11395),#4516,
  #11050);
#11395 = PRESENTATION_STYLE_ASSIGNMENT((#11396,#11401));
#11396 = SURFACE_STYLE_USAGE(.BOTH.,#11397);
#11397 = SURFACE_SIDE_STYLE('',(#11398));
#11398 = SURFACE_STYLE_FILL_AREA(#11399);
#11399 = FILL_AREA_STYLE('',(#11400));
#11400 = FILL_AREA_STYLE_COLOUR('',#11067);
#11401 = CURVE_STYLE('',#11402,POSITIVE_LENGTH_MEASURE(0.1),#11067);
#11402 = DRAUGHTING_PRE_DEFINED_CURVE_FONT('continuous');
#11403 = OVER_RIDING_STYLED_ITEM('overriding color',(#11404),#4528,
  #11050);
#11404 = PRESENTATION_STYLE_ASSIGNMENT((#11405,#11410));
#11405 = SURFACE_STYLE_USAGE(.BOTH.,#11406);
#11406 = SURFACE_SIDE_STYLE('',(#11407));
#11407 = SURFACE_STYLE_FILL_AREA(#11408);
#11408 = FILL_AREA_STYLE('',(#11409));
#11409 = FILL_AREA_STYLE_COLOUR('',#11067);
#11410 = CURVE_STYLE('',#11411,POSITIVE_LENGTH_MEASURE(0.1),#11067);
#11411 = DRAUGHTING_PRE_DEFINED_CURVE_FONT('continuous');
#11412 = OVER_RIDING_STYLED_ITEM('overriding color',(#11413),#4552,
  #11050);
#11413 = PRESENTATION_STYLE_ASSIGNMENT((#11414,#11419));
#11414 = SURFACE_STYLE_USAGE(.BOTH.,#11415);
#11415 = SURFACE_SIDE_STYLE('',(#11416));
#11416 = SURFACE_STYLE_FILL_AREA(#11417);
#11417 = FILL_AREA_STYLE('',(#11418));
#11418 = FILL_AREA_STYLE_COLOUR('',#11067);
#11419 = CURVE_STYLE('',#11420,POSITIVE_LENGTH_MEASURE(0.1),#11067);
#11420 = DRAUGHTING_PRE_DEFINED_CURVE_FONT('continuous');
#11421 = OVER_RIDING_STYLED_ITEM('overriding color',(#11422),#4576,
  #11050);
#11422 = PRESENTATION_STYLE_ASSIGNMENT((#11423,#11428));
#11423 = SURFACE_STYLE_USAGE(.BOTH.,#11424);
#11424 = SURFACE_SIDE_STYLE('',(#11425));
#11425 = SURFACE_STYLE_FILL_AREA(#11426);
#11426 = FILL_AREA_STYLE('',(#11427));
#11427 = FILL_AREA_STYLE_COLOUR('',#11067);
#11428 = CURVE_STYLE('',#11429,POSITIVE_LENGTH_MEASURE(0.1),#11067);
#11429 = DRAUGHTING_PRE_DEFINED_CURVE_FONT('continuous');
#11430 = OVER_RIDING_STYLED_ITEM('overriding color',(#11431),#4593,
  #11050);
#11431 = PRESENTATION_STYLE_ASSIGNMENT((#11432,#11437));
#11432 = SURFACE_STYLE_USAGE(.BOTH.,#11433);
#11433 = SURFACE_SIDE_STYLE('',(#11434));
#11434 = SURFACE_STYLE_FILL_AREA(#11435);
#11435 = FILL_AREA_STYLE('',(#11436));
#11436 = FILL_AREA_STYLE_COLOUR('',#11067);
#11437 = CURVE_STYLE('',#11438,POSITIVE_LENGTH_MEASURE(0.1),#11067);
#11438 = DRAUGHTING_PRE_DEFINED_CURVE_FONT('continuous');
#11439 = OVER_RIDING_STYLED_ITEM('overriding color',(#11440),#4605,
  #11050);
#11440 = PRESENTATION_STYLE_ASSIGNMENT((#11441,#11446));
#11441 = SURFACE_STYLE_USAGE(.BOTH.,#11442);
#11442 = SURFACE_SIDE_STYLE('',(#11443));
#11443 = SURFACE_STYLE_FILL_AREA(#11444);
#11444 = FILL_AREA_STYLE('',(#11445));
#11445 = FILL_AREA_STYLE_COLOUR('',#11067);
#11446 = CURVE_STYLE('',#11447,POSITIVE_LENGTH_MEASURE(0.1),#11067);
#11447 = DRAUGHTING_PRE_DEFINED_CURVE_FONT('continuous');
#11448 = OVER_RIDING_STYLED_ITEM('overriding color',(#11449),#4636,
  #11050);
#11449 = PRESENTATION_STYLE_ASSIGNMENT((#11450,#11455));
#11450 = SURFACE_STYLE_USAGE(.BOTH.,#11451);
#11451 = SURFACE_SIDE_STYLE('',(#11452));
#11452 = SURFACE_STYLE_FILL_AREA(#11453);
#11453 = FILL_AREA_STYLE('',(#11454));
#11454 = FILL_AREA_STYLE_COLOUR('',#11067);
#11455 = CURVE_STYLE('',#11456,POSITIVE_LENGTH_MEASURE(0.1),#11067);
#11456 = DRAUGHTING_PRE_DEFINED_CURVE_FONT('continuous');
#11457 = OVER_RIDING_STYLED_ITEM('overriding color',(#11458),#4660,
  #11050);
#11458 = PRESENTATION_STYLE_ASSIGNMENT((#11459,#11464));
#11459 = SURFACE_STYLE_USAGE(.BOTH.,#11460);
#11460 = SURFACE_SIDE_STYLE('',(#11461));
#11461 = SURFACE_STYLE_FILL_AREA(#11462);
#11462 = FILL_AREA_STYLE('',(#11463));
#11463 = FILL_AREA_STYLE_COLOUR('',#11067);
#11464 = CURVE_STYLE('',#11465,POSITIVE_LENGTH_MEASURE(0.1),#11067);
#11465 = DRAUGHTING_PRE_DEFINED_CURVE_FONT('continuous');
#11466 = OVER_RIDING_STYLED_ITEM('overriding color',(#11467),#4684,
  #11050);
#11467 = PRESENTATION_STYLE_ASSIGNMENT((#11468,#11473));
#11468 = SURFACE_STYLE_USAGE(.BOTH.,#11469);
#11469 = SURFACE_SIDE_STYLE('',(#11470));
#11470 = SURFACE_STYLE_FILL_AREA(#11471);
#11471 = FILL_AREA_STYLE('',(#11472));
#11472 = FILL_AREA_STYLE_COLOUR('',#11067);
#11473 = CURVE_STYLE('',#11474,POSITIVE_LENGTH_MEASURE(0.1),#11067);
#11474 = DRAUGHTING_PRE_DEFINED_CURVE_FONT('continuous');
#11475 = OVER_RIDING_STYLED_ITEM('overriding color',(#11476),#4701,
  #11050);
#11476 = PRESENTATION_STYLE_ASSIGNMENT((#11477,#11482));
#11477 = SURFACE_STYLE_USAGE(.BOTH.,#11478);
#11478 = SURFACE_SIDE_STYLE('',(#11479));
#11479 = SURFACE_STYLE_FILL_AREA(#11480);
#11480 = FILL_AREA_STYLE('',(#11481));
#11481 = FILL_AREA_STYLE_COLOUR('',#11067);
#11482 = CURVE_STYLE('',#11483,POSITIVE_LENGTH_MEASURE(0.1),#11067);
#11483 = DRAUGHTING_PRE_DEFINED_CURVE_FONT('continuous');
#11484 = OVER_RIDING_STYLED_ITEM('overriding color',(#11485),#4713,
  #11050);
#11485 = PRESENTATION_STYLE_ASSIGNMENT((#11486,#11491));
#11486 = SURFACE_STYLE_USAGE(.BOTH.,#11487);
#11487 = SURFACE_SIDE_STYLE('',(#11488));
#11488 = SURFACE_STYLE_FILL_AREA(#11489);
#11489 = FILL_AREA_STYLE('',(#11490));
#11490 = FILL_AREA_STYLE_COLOUR('',#11067);
#11491 = CURVE_STYLE('',#11492,POSITIVE_LENGTH_MEASURE(0.1),#11067);
#11492 = DRAUGHTING_PRE_DEFINED_CURVE_FONT('continuous');
#11493 = OVER_RIDING_STYLED_ITEM('overriding color',(#11494),#4744,
  #11050);
#11494 = PRESENTATION_STYLE_ASSIGNMENT((#11495,#11500));
#11495 = SURFACE_STYLE_USAGE(.BOTH.,#11496);
#11496 = SURFACE_SIDE_STYLE('',(#11497));
#11497 = SURFACE_STYLE_FILL_AREA(#11498);
#11498 = FILL_AREA_STYLE('',(#11499));
#11499 = FILL_AREA_STYLE_COLOUR('',#11067);
#11500 = CURVE_STYLE('',#11501,POSITIVE_LENGTH_MEASURE(0.1),#11067);
#11501 = DRAUGHTING_PRE_DEFINED_CURVE_FONT('continuous');
#11502 = OVER_RIDING_STYLED_ITEM('overriding color',(#11503),#4768,
  #11050);
#11503 = PRESENTATION_STYLE_ASSIGNMENT((#11504,#11509));
#11504 = SURFACE_STYLE_USAGE(.BOTH.,#11505);
#11505 = SURFACE_SIDE_STYLE('',(#11506));
#11506 = SURFACE_STYLE_FILL_AREA(#11507);
#11507 = FILL_AREA_STYLE('',(#11508));
#11508 = FILL_AREA_STYLE_COLOUR('',#11067);
#11509 = CURVE_STYLE('',#11510,POSITIVE_LENGTH_MEASURE(0.1),#11067);
#11510 = DRAUGHTING_PRE_DEFINED_CURVE_FONT('continuous');
#11511 = OVER_RIDING_STYLED_ITEM('overriding color',(#11512),#4792,
  #11050);
#11512 = PRESENTATION_STYLE_ASSIGNMENT((#11513,#11518));
#11513 = SURFACE_STYLE_USAGE(.BOTH.,#11514);
#11514 = SURFACE_SIDE_STYLE('',(#11515));
#11515 = SURFACE_STYLE_FILL_AREA(#11516);
#11516 = FILL_AREA_STYLE('',(#11517));
#11517 = FILL_AREA_STYLE_COLOUR('',#11067);
#11518 = CURVE_STYLE('',#11519,POSITIVE_LENGTH_MEASURE(0.1),#11067);
#11519 = DRAUGHTING_PRE_DEFINED_CURVE_FONT('continuous');
#11520 = OVER_RIDING_STYLED_ITEM('overriding color',(#11521),#4809,
  #11050);
#11521 = PRESENTATION_STYLE_ASSIGNMENT((#11522,#11527));
#11522 = SURFACE_STYLE_USAGE(.BOTH.,#11523);
#11523 = SURFACE_SIDE_STYLE('',(#11524));
#11524 = SURFACE_STYLE_FILL_AREA(#11525);
#11525 = FILL_AREA_STYLE('',(#11526));
#11526 = FILL_AREA_STYLE_COLOUR('',#11067);
#11527 = CURVE_STYLE('',#11528,POSITIVE_LENGTH_MEASURE(0.1),#11067);
#11528 = DRAUGHTING_PRE_DEFINED_CURVE_FONT('continuous');
#11529 = OVER_RIDING_STYLED_ITEM('overriding color',(#11530),#4821,
  #11050);
#11530 = PRESENTATION_STYLE_ASSIGNMENT((#11531,#11536));
#11531 = SURFACE_STYLE_USAGE(.BOTH.,#11532);
#11532 = SURFACE_SIDE_STYLE('',(#11533));
#11533 = SURFACE_STYLE_FILL_AREA(#11534);
#11534 = FILL_AREA_STYLE('',(#11535));
#11535 = FILL_AREA_STYLE_COLOUR('',#11067);
#11536 = CURVE_STYLE('',#11537,POSITIVE_LENGTH_MEASURE(0.1),#11067);
#11537 = DRAUGHTING_PRE_DEFINED_CURVE_FONT('continuous');
#11538 = OVER_RIDING_STYLED_ITEM('overriding color',(#11539),#4852,
  #11050);
#11539 = PRESENTATION_STYLE_ASSIGNMENT((#11540,#11545));
#11540 = SURFACE_STYLE_USAGE(.BOTH.,#11541);
#11541 = SURFACE_SIDE_STYLE('',(#11542));
#11542 = SURFACE_STYLE_FILL_AREA(#11543);
#11543 = FILL_AREA_STYLE('',(#11544));
#11544 = FILL_AREA_STYLE_COLOUR('',#11067);
#11545 = CURVE_STYLE('',#11546,POSITIVE_LENGTH_MEASURE(0.1),#11067);
#11546 = DRAUGHTING_PRE_DEFINED_CURVE_FONT('continuous');
#11547 = OVER_RIDING_STYLED_ITEM('overriding color',(#11548),#4876,
  #11050);
#11548 = PRESENTATION_STYLE_ASSIGNMENT((#11549,#11554));
#11549 = SURFACE_STYLE_USAGE(.BOTH.,#11550);
#11550 = SURFACE_SIDE_STYLE('',(#11551));
#11551 = SURFACE_STYLE_FILL_AREA(#11552);
#11552 = FILL_AREA_STYLE('',(#11553));
#11553 = FILL_AREA_STYLE_COLOUR('',#11067);
#11554 = CURVE_STYLE('',#11555,POSITIVE_LENGTH_MEASURE(0.1),#11067);
#11555 = DRAUGHTING_PRE_DEFINED_CURVE_FONT('continuous');
#11556 = OVER_RIDING_STYLED_ITEM('overriding color',(#11557),#4900,
  #11050);
#11557 = PRESENTATION_STYLE_ASSIGNMENT((#11558,#11563));
#11558 = SURFACE_STYLE_USAGE(.BOTH.,#11559);
#11559 = SURFACE_SIDE_STYLE('',(#11560));
#11560 = SURFACE_STYLE_FILL_AREA(#11561);
#11561 = FILL_AREA_STYLE('',(#11562));
#11562 = FILL_AREA_STYLE_COLOUR('',#11067);
#11563 = CURVE_STYLE('',#11564,POSITIVE_LENGTH_MEASURE(0.1),#11067);
#11564 = DRAUGHTING_PRE_DEFINED_CURVE_FONT('continuous');
#11565 = OVER_RIDING_STYLED_ITEM('overriding color',(#11566),#4917,
  #11050);
#11566 = PRESENTATION_STYLE_ASSIGNMENT((#11567,#11572));
#11567 = SURFACE_STYLE_USAGE(.BOTH.,#11568);
#11568 = SURFACE_SIDE_STYLE('',(#11569));
#11569 = SURFACE_STYLE_FILL_AREA(#11570);
#11570 = FILL_AREA_STYLE('',(#11571));
#11571 = FILL_AREA_STYLE_COLOUR('',#11067);
#11572 = CURVE_STYLE('',#11573,POSITIVE_LENGTH_MEASURE(0.1),#11067);
#11573 = DRAUGHTING_PRE_DEFINED_CURVE_FONT('continuous');
#11574 = OVER_RIDING_STYLED_ITEM('overriding color',(#11575),#4929,
  #11050);
#11575 = PRESENTATION_STYLE_ASSIGNMENT((#11576,#11581));
#11576 = SURFACE_STYLE_USAGE(.BOTH.,#11577);
#11577 = SURFACE_SIDE_STYLE('',(#11578));
#11578 = SURFACE_STYLE_FILL_AREA(#11579);
#11579 = FILL_AREA_STYLE('',(#11580));
#11580 = FILL_AREA_STYLE_COLOUR('',#11057);
#11581 = CURVE_STYLE('',#11582,POSITIVE_LENGTH_MEASURE(0.1),#11057);
#11582 = DRAUGHTING_PRE_DEFINED_CURVE_FONT('continuous');
#11583 = OVER_RIDING_STYLED_ITEM('overriding color',(#11584),#4960,
  #11050);
#11584 = PRESENTATION_STYLE_ASSIGNMENT((#11585,#11590));
#11585 = SURFACE_STYLE_USAGE(.BOTH.,#11586);
#11586 = SURFACE_SIDE_STYLE('',(#11587));
#11587 = SURFACE_STYLE_FILL_AREA(#11588);
#11588 = FILL_AREA_STYLE('',(#11589));
#11589 = FILL_AREA_STYLE_COLOUR('',#11057);
#11590 = CURVE_STYLE('',#11591,POSITIVE_LENGTH_MEASURE(0.1),#11057);
#11591 = DRAUGHTING_PRE_DEFINED_CURVE_FONT('continuous');
#11592 = OVER_RIDING_STYLED_ITEM('overriding color',(#11593),#4984,
  #11050);
#11593 = PRESENTATION_STYLE_ASSIGNMENT((#11594,#11599));
#11594 = SURFACE_STYLE_USAGE(.BOTH.,#11595);
#11595 = SURFACE_SIDE_STYLE('',(#11596));
#11596 = SURFACE_STYLE_FILL_AREA(#11597);
#11597 = FILL_AREA_STYLE('',(#11598));
#11598 = FILL_AREA_STYLE_COLOUR('',#11057);
#11599 = CURVE_STYLE('',#11600,POSITIVE_LENGTH_MEASURE(0.1),#11057);
#11600 = DRAUGHTING_PRE_DEFINED_CURVE_FONT('continuous');
#11601 = OVER_RIDING_STYLED_ITEM('overriding color',(#11602),#5008,
  #11050);
#11602 = PRESENTATION_STYLE_ASSIGNMENT((#11603,#11608));
#11603 = SURFACE_STYLE_USAGE(.BOTH.,#11604);
#11604 = SURFACE_SIDE_STYLE('',(#11605));
#11605 = SURFACE_STYLE_FILL_AREA(#11606);
#11606 = FILL_AREA_STYLE('',(#11607));
#11607 = FILL_AREA_STYLE_COLOUR('',#11057);
#11608 = CURVE_STYLE('',#11609,POSITIVE_LENGTH_MEASURE(0.1),#11057);
#11609 = DRAUGHTING_PRE_DEFINED_CURVE_FONT('continuous');
#11610 = OVER_RIDING_STYLED_ITEM('overriding color',(#11611),#5032,
  #11050);
#11611 = PRESENTATION_STYLE_ASSIGNMENT((#11612,#11617));
#11612 = SURFACE_STYLE_USAGE(.BOTH.,#11613);
#11613 = SURFACE_SIDE_STYLE('',(#11614));
#11614 = SURFACE_STYLE_FILL_AREA(#11615);
#11615 = FILL_AREA_STYLE('',(#11616));
#11616 = FILL_AREA_STYLE_COLOUR('',#11057);
#11617 = CURVE_STYLE('',#11618,POSITIVE_LENGTH_MEASURE(0.1),#11057);
#11618 = DRAUGHTING_PRE_DEFINED_CURVE_FONT('continuous');
#11619 = OVER_RIDING_STYLED_ITEM('overriding color',(#11620),#5056,
  #11050);
#11620 = PRESENTATION_STYLE_ASSIGNMENT((#11621,#11626));
#11621 = SURFACE_STYLE_USAGE(.BOTH.,#11622);
#11622 = SURFACE_SIDE_STYLE('',(#11623));
#11623 = SURFACE_STYLE_FILL_AREA(#11624);
#11624 = FILL_AREA_STYLE('',(#11625));
#11625 = FILL_AREA_STYLE_COLOUR('',#11057);
#11626 = CURVE_STYLE('',#11627,POSITIVE_LENGTH_MEASURE(0.1),#11057);
#11627 = DRAUGHTING_PRE_DEFINED_CURVE_FONT('continuous');
#11628 = OVER_RIDING_STYLED_ITEM('overriding color',(#11629),#5073,
  #11050);
#11629 = PRESENTATION_STYLE_ASSIGNMENT((#11630,#11635));
#11630 = SURFACE_STYLE_USAGE(.BOTH.,#11631);
#11631 = SURFACE_SIDE_STYLE('',(#11632));
#11632 = SURFACE_STYLE_FILL_AREA(#11633);
#11633 = FILL_AREA_STYLE('',(#11634));
#11634 = FILL_AREA_STYLE_COLOUR('',#11057);
#11635 = CURVE_STYLE('',#11636,POSITIVE_LENGTH_MEASURE(0.1),#11057);
#11636 = DRAUGHTING_PRE_DEFINED_CURVE_FONT('continuous');
#11637 = OVER_RIDING_STYLED_ITEM('overriding color',(#11638),#5087,
  #11050);
#11638 = PRESENTATION_STYLE_ASSIGNMENT((#11639,#11644));
#11639 = SURFACE_STYLE_USAGE(.BOTH.,#11640);
#11640 = SURFACE_SIDE_STYLE('',(#11641));
#11641 = SURFACE_STYLE_FILL_AREA(#11642);
#11642 = FILL_AREA_STYLE('',(#11643));
#11643 = FILL_AREA_STYLE_COLOUR('',#11057);
#11644 = CURVE_STYLE('',#11645,POSITIVE_LENGTH_MEASURE(0.1),#11057);
#11645 = DRAUGHTING_PRE_DEFINED_CURVE_FONT('continuous');
#11646 = OVER_RIDING_STYLED_ITEM('overriding color',(#11647),#5123,
  #11050);
#11647 = PRESENTATION_STYLE_ASSIGNMENT((#11648,#11653));
#11648 = SURFACE_STYLE_USAGE(.BOTH.,#11649);
#11649 = SURFACE_SIDE_STYLE('',(#11650));
#11650 = SURFACE_STYLE_FILL_AREA(#11651);
#11651 = FILL_AREA_STYLE('',(#11652));
#11652 = FILL_AREA_STYLE_COLOUR('',#11057);
#11653 = CURVE_STYLE('',#11654,POSITIVE_LENGTH_MEASURE(0.1),#11057);
#11654 = DRAUGHTING_PRE_DEFINED_CURVE_FONT('continuous');
#11655 = OVER_RIDING_STYLED_ITEM('overriding color',(#11656),#5147,
  #11050);
#11656 = PRESENTATION_STYLE_ASSIGNMENT((#11657,#11662));
#11657 = SURFACE_STYLE_USAGE(.BOTH.,#11658);
#11658 = SURFACE_SIDE_STYLE('',(#11659));
#11659 = SURFACE_STYLE_FILL_AREA(#11660);
#11660 = FILL_AREA_STYLE('',(#11661));
#11661 = FILL_AREA_STYLE_COLOUR('',#11057);
#11662 = CURVE_STYLE('',#11663,POSITIVE_LENGTH_MEASURE(0.1),#11057);
#11663 = DRAUGHTING_PRE_DEFINED_CURVE_FONT('continuous');
#11664 = OVER_RIDING_STYLED_ITEM('overriding color',(#11665),#5176,
  #11050);
#11665 = PRESENTATION_STYLE_ASSIGNMENT((#11666,#11671));
#11666 = SURFACE_STYLE_USAGE(.BOTH.,#11667);
#11667 = SURFACE_SIDE_STYLE('',(#11668));
#11668 = SURFACE_STYLE_FILL_AREA(#11669);
#11669 = FILL_AREA_STYLE('',(#11670));
#11670 = FILL_AREA_STYLE_COLOUR('',#11057);
#11671 = CURVE_STYLE('',#11672,POSITIVE_LENGTH_MEASURE(0.1),#11057);
#11672 = DRAUGHTING_PRE_DEFINED_CURVE_FONT('continuous');
#11673 = OVER_RIDING_STYLED_ITEM('overriding color',(#11674),#5205,
  #11050);
#11674 = PRESENTATION_STYLE_ASSIGNMENT((#11675,#11680));
#11675 = SURFACE_STYLE_USAGE(.BOTH.,#11676);
#11676 = SURFACE_SIDE_STYLE('',(#11677));
#11677 = SURFACE_STYLE_FILL_AREA(#11678);
#11678 = FILL_AREA_STYLE('',(#11679));
#11679 = FILL_AREA_STYLE_COLOUR('',#11057);
#11680 = CURVE_STYLE('',#11681,POSITIVE_LENGTH_MEASURE(0.1),#11057);
#11681 = DRAUGHTING_PRE_DEFINED_CURVE_FONT('continuous');
#11682 = OVER_RIDING_STYLED_ITEM('overriding color',(#11683),#5234,
  #11050);
#11683 = PRESENTATION_STYLE_ASSIGNMENT((#11684,#11689));
#11684 = SURFACE_STYLE_USAGE(.BOTH.,#11685);
#11685 = SURFACE_SIDE_STYLE('',(#11686));
#11686 = SURFACE_STYLE_FILL_AREA(#11687);
#11687 = FILL_AREA_STYLE('',(#11688));
#11688 = FILL_AREA_STYLE_COLOUR('',#11057);
#11689 = CURVE_STYLE('',#11690,POSITIVE_LENGTH_MEASURE(0.1),#11057);
#11690 = DRAUGHTING_PRE_DEFINED_CURVE_FONT('continuous');
#11691 = OVER_RIDING_STYLED_ITEM('overriding color',(#11692),#5263,
  #11050);
#11692 = PRESENTATION_STYLE_ASSIGNMENT((#11693,#11698));
#11693 = SURFACE_STYLE_USAGE(.BOTH.,#11694);
#11694 = SURFACE_SIDE_STYLE('',(#11695));
#11695 = SURFACE_STYLE_FILL_AREA(#11696);
#11696 = FILL_AREA_STYLE('',(#11697));
#11697 = FILL_AREA_STYLE_COLOUR('',#11057);
#11698 = CURVE_STYLE('',#11699,POSITIVE_LENGTH_MEASURE(0.1),#11057);
#11699 = DRAUGHTING_PRE_DEFINED_CURVE_FONT('continuous');
#11700 = OVER_RIDING_STYLED_ITEM('overriding color',(#11701),#5292,
  #11050);
#11701 = PRESENTATION_STYLE_ASSIGNMENT((#11702,#11707));
#11702 = SURFACE_STYLE_USAGE(.BOTH.,#11703);
#11703 = SURFACE_SIDE_STYLE('',(#11704));
#11704 = SURFACE_STYLE_FILL_AREA(#11705);
#11705 = FILL_AREA_STYLE('',(#11706));
#11706 = FILL_AREA_STYLE_COLOUR('',#11057);
#11707 = CURVE_STYLE('',#11708,POSITIVE_LENGTH_MEASURE(0.1),#11057);
#11708 = DRAUGHTING_PRE_DEFINED_CURVE_FONT('continuous');
#11709 = OVER_RIDING_STYLED_ITEM('overriding color',(#11710),#5321,
  #11050);
#11710 = PRESENTATION_STYLE_ASSIGNMENT((#11711,#11716));
#11711 = SURFACE_STYLE_USAGE(.BOTH.,#11712);
#11712 = SURFACE_SIDE_STYLE('',(#11713));
#11713 = SURFACE_STYLE_FILL_AREA(#11714);
#11714 = FILL_AREA_STYLE('',(#11715));
#11715 = FILL_AREA_STYLE_COLOUR('',#11057);
#11716 = CURVE_STYLE('',#11717,POSITIVE_LENGTH_MEASURE(0.1),#11057);
#11717 = DRAUGHTING_PRE_DEFINED_CURVE_FONT('continuous');
#11718 = OVER_RIDING_STYLED_ITEM('overriding color',(#11719),#5345,
  #11050);
#11719 = PRESENTATION_STYLE_ASSIGNMENT((#11720,#11725));
#11720 = SURFACE_STYLE_USAGE(.BOTH.,#11721);
#11721 = SURFACE_SIDE_STYLE('',(#11722));
#11722 = SURFACE_STYLE_FILL_AREA(#11723);
#11723 = FILL_AREA_STYLE('',(#11724));
#11724 = FILL_AREA_STYLE_COLOUR('',#11057);
#11725 = CURVE_STYLE('',#11726,POSITIVE_LENGTH_MEASURE(0.1),#11057);
#11726 = DRAUGHTING_PRE_DEFINED_CURVE_FONT('continuous');
#11727 = OVER_RIDING_STYLED_ITEM('overriding color',(#11728),#5374,
  #11050);
#11728 = PRESENTATION_STYLE_ASSIGNMENT((#11729,#11734));
#11729 = SURFACE_STYLE_USAGE(.BOTH.,#11730);
#11730 = SURFACE_SIDE_STYLE('',(#11731));
#11731 = SURFACE_STYLE_FILL_AREA(#11732);
#11732 = FILL_AREA_STYLE('',(#11733));
#11733 = FILL_AREA_STYLE_COLOUR('',#11057);
#11734 = CURVE_STYLE('',#11735,POSITIVE_LENGTH_MEASURE(0.1),#11057);
#11735 = DRAUGHTING_PRE_DEFINED_CURVE_FONT('continuous');
#11736 = OVER_RIDING_STYLED_ITEM('overriding color',(#11737),#5403,
  #11050);
#11737 = PRESENTATION_STYLE_ASSIGNMENT((#11738,#11743));
#11738 = SURFACE_STYLE_USAGE(.BOTH.,#11739);
#11739 = SURFACE_SIDE_STYLE('',(#11740));
#11740 = SURFACE_STYLE_FILL_AREA(#11741);
#11741 = FILL_AREA_STYLE('',(#11742));
#11742 = FILL_AREA_STYLE_COLOUR('',#11057);
#11743 = CURVE_STYLE('',#11744,POSITIVE_LENGTH_MEASURE(0.1),#11057);
#11744 = DRAUGHTING_PRE_DEFINED_CURVE_FONT('continuous');
#11745 = OVER_RIDING_STYLED_ITEM('overriding color',(#11746),#5432,
  #11050);
#11746 = PRESENTATION_STYLE_ASSIGNMENT((#11747,#11752));
#11747 = SURFACE_STYLE_USAGE(.BOTH.,#11748);
#11748 = SURFACE_SIDE_STYLE('',(#11749));
#11749 = SURFACE_STYLE_FILL_AREA(#11750);
#11750 = FILL_AREA_STYLE('',(#11751));
#11751 = FILL_AREA_STYLE_COLOUR('',#11057);
#11752 = CURVE_STYLE('',#11753,POSITIVE_LENGTH_MEASURE(0.1),#11057);
#11753 = DRAUGHTING_PRE_DEFINED_CURVE_FONT('continuous');
#11754 = OVER_RIDING_STYLED_ITEM('overriding color',(#11755),#5461,
  #11050);
#11755 = PRESENTATION_STYLE_ASSIGNMENT((#11756,#11761));
#11756 = SURFACE_STYLE_USAGE(.BOTH.,#11757);
#11757 = SURFACE_SIDE_STYLE('',(#11758));
#11758 = SURFACE_STYLE_FILL_AREA(#11759);
#11759 = FILL_AREA_STYLE('',(#11760));
#11760 = FILL_AREA_STYLE_COLOUR('',#11057);
#11761 = CURVE_STYLE('',#11762,POSITIVE_LENGTH_MEASURE(0.1),#11057);
#11762 = DRAUGHTING_PRE_DEFINED_CURVE_FONT('continuous');
#11763 = OVER_RIDING_STYLED_ITEM('overriding color',(#11764),#5483,
  #11050);
#11764 = PRESENTATION_STYLE_ASSIGNMENT((#11765,#11770));
#11765 = SURFACE_STYLE_USAGE(.BOTH.,#11766);
#11766 = SURFACE_SIDE_STYLE('',(#11767));
#11767 = SURFACE_STYLE_FILL_AREA(#11768);
#11768 = FILL_AREA_STYLE('',(#11769));
#11769 = FILL_AREA_STYLE_COLOUR('',#11057);
#11770 = CURVE_STYLE('',#11771,POSITIVE_LENGTH_MEASURE(0.1),#11057);
#11771 = DRAUGHTING_PRE_DEFINED_CURVE_FONT('continuous');
#11772 = OVER_RIDING_STYLED_ITEM('overriding color',(#11773),#5505,
  #11050);
#11773 = PRESENTATION_STYLE_ASSIGNMENT((#11774,#11779));
#11774 = SURFACE_STYLE_USAGE(.BOTH.,#11775);
#11775 = SURFACE_SIDE_STYLE('',(#11776));
#11776 = SURFACE_STYLE_FILL_AREA(#11777);
#11777 = FILL_AREA_STYLE('',(#11778));
#11778 = FILL_AREA_STYLE_COLOUR('',#11057);
#11779 = CURVE_STYLE('',#11780,POSITIVE_LENGTH_MEASURE(0.1),#11057);
#11780 = DRAUGHTING_PRE_DEFINED_CURVE_FONT('continuous');
#11781 = OVER_RIDING_STYLED_ITEM('overriding color',(#11782),#5536,
  #11050);
#11782 = PRESENTATION_STYLE_ASSIGNMENT((#11783,#11788));
#11783 = SURFACE_STYLE_USAGE(.BOTH.,#11784);
#11784 = SURFACE_SIDE_STYLE('',(#11785));
#11785 = SURFACE_STYLE_FILL_AREA(#11786);
#11786 = FILL_AREA_STYLE('',(#11787));
#11787 = FILL_AREA_STYLE_COLOUR('',#11057);
#11788 = CURVE_STYLE('',#11789,POSITIVE_LENGTH_MEASURE(0.1),#11057);
#11789 = DRAUGHTING_PRE_DEFINED_CURVE_FONT('continuous');
#11790 = OVER_RIDING_STYLED_ITEM('overriding color',(#11791),#5560,
  #11050);
#11791 = PRESENTATION_STYLE_ASSIGNMENT((#11792,#11797));
#11792 = SURFACE_STYLE_USAGE(.BOTH.,#11793);
#11793 = SURFACE_SIDE_STYLE('',(#11794));
#11794 = SURFACE_STYLE_FILL_AREA(#11795);
#11795 = FILL_AREA_STYLE('',(#11796));
#11796 = FILL_AREA_STYLE_COLOUR('',#11057);
#11797 = CURVE_STYLE('',#11798,POSITIVE_LENGTH_MEASURE(0.1),#11057);
#11798 = DRAUGHTING_PRE_DEFINED_CURVE_FONT('continuous');
#11799 = OVER_RIDING_STYLED_ITEM('overriding color',(#11800),#5584,
  #11050);
#11800 = PRESENTATION_STYLE_ASSIGNMENT((#11801,#11806));
#11801 = SURFACE_STYLE_USAGE(.BOTH.,#11802);
#11802 = SURFACE_SIDE_STYLE('',(#11803));
#11803 = SURFACE_STYLE_FILL_AREA(#11804);
#11804 = FILL_AREA_STYLE('',(#11805));
#11805 = FILL_AREA_STYLE_COLOUR('',#11057);
#11806 = CURVE_STYLE('',#11807,POSITIVE_LENGTH_MEASURE(0.1),#11057);
#11807 = DRAUGHTING_PRE_DEFINED_CURVE_FONT('continuous');
#11808 = OVER_RIDING_STYLED_ITEM('overriding color',(#11809),#5608,
  #11050);
#11809 = PRESENTATION_STYLE_ASSIGNMENT((#11810,#11815));
#11810 = SURFACE_STYLE_USAGE(.BOTH.,#11811);
#11811 = SURFACE_SIDE_STYLE('',(#11812));
#11812 = SURFACE_STYLE_FILL_AREA(#11813);
#11813 = FILL_AREA_STYLE('',(#11814));
#11814 = FILL_AREA_STYLE_COLOUR('',#11057);
#11815 = CURVE_STYLE('',#11816,POSITIVE_LENGTH_MEASURE(0.1),#11057);
#11816 = DRAUGHTING_PRE_DEFINED_CURVE_FONT('continuous');
#11817 = OVER_RIDING_STYLED_ITEM('overriding color',(#11818),#5632,
  #11050);
#11818 = PRESENTATION_STYLE_ASSIGNMENT((#11819,#11824));
#11819 = SURFACE_STYLE_USAGE(.BOTH.,#11820);
#11820 = SURFACE_SIDE_STYLE('',(#11821));
#11821 = SURFACE_STYLE_FILL_AREA(#11822);
#11822 = FILL_AREA_STYLE('',(#11823));
#11823 = FILL_AREA_STYLE_COLOUR('',#11057);
#11824 = CURVE_STYLE('',#11825,POSITIVE_LENGTH_MEASURE(0.1),#11057);
#11825 = DRAUGHTING_PRE_DEFINED_CURVE_FONT('continuous');
#11826 = OVER_RIDING_STYLED_ITEM('overriding color',(#11827),#5656,
  #11050);
#11827 = PRESENTATION_STYLE_ASSIGNMENT((#11828,#11833));
#11828 = SURFACE_STYLE_USAGE(.BOTH.,#11829);
#11829 = SURFACE_SIDE_STYLE('',(#11830));
#11830 = SURFACE_STYLE_FILL_AREA(#11831);
#11831 = FILL_AREA_STYLE('',(#11832));
#11832 = FILL_AREA_STYLE_COLOUR('',#11057);
#11833 = CURVE_STYLE('',#11834,POSITIVE_LENGTH_MEASURE(0.1),#11057);
#11834 = DRAUGHTING_PRE_DEFINED_CURVE_FONT('continuous');
#11835 = OVER_RIDING_STYLED_ITEM('overriding color',(#11836),#5680,
  #11050);
#11836 = PRESENTATION_STYLE_ASSIGNMENT((#11837,#11842));
#11837 = SURFACE_STYLE_USAGE(.BOTH.,#11838);
#11838 = SURFACE_SIDE_STYLE('',(#11839));
#11839 = SURFACE_STYLE_FILL_AREA(#11840);
#11840 = FILL_AREA_STYLE('',(#11841));
#11841 = FILL_AREA_STYLE_COLOUR('',#11057);
#11842 = CURVE_STYLE('',#11843,POSITIVE_LENGTH_MEASURE(0.1),#11057);
#11843 = DRAUGHTING_PRE_DEFINED_CURVE_FONT('continuous');
#11844 = OVER_RIDING_STYLED_ITEM('overriding color',(#11845),#5704,
  #11050);
#11845 = PRESENTATION_STYLE_ASSIGNMENT((#11846,#11851));
#11846 = SURFACE_STYLE_USAGE(.BOTH.,#11847);
#11847 = SURFACE_SIDE_STYLE('',(#11848));
#11848 = SURFACE_STYLE_FILL_AREA(#11849);
#11849 = FILL_AREA_STYLE('',(#11850));
#11850 = FILL_AREA_STYLE_COLOUR('',#11057);
#11851 = CURVE_STYLE('',#11852,POSITIVE_LENGTH_MEASURE(0.1),#11057);
#11852 = DRAUGHTING_PRE_DEFINED_CURVE_FONT('continuous');
#11853 = OVER_RIDING_STYLED_ITEM('overriding color',(#11854),#5728,
  #11050);
#11854 = PRESENTATION_STYLE_ASSIGNMENT((#11855,#11860));
#11855 = SURFACE_STYLE_USAGE(.BOTH.,#11856);
#11856 = SURFACE_SIDE_STYLE('',(#11857));
#11857 = SURFACE_STYLE_FILL_AREA(#11858);
#11858 = FILL_AREA_STYLE('',(#11859));
#11859 = FILL_AREA_STYLE_COLOUR('',#11057);
#11860 = CURVE_STYLE('',#11861,POSITIVE_LENGTH_MEASURE(0.1),#11057);
#11861 = DRAUGHTING_PRE_DEFINED_CURVE_FONT('continuous');
#11862 = OVER_RIDING_STYLED_ITEM('overriding color',(#11863),#5752,
  #11050);
#11863 = PRESENTATION_STYLE_ASSIGNMENT((#11864,#11869));
#11864 = SURFACE_STYLE_USAGE(.BOTH.,#11865);
#11865 = SURFACE_SIDE_STYLE('',(#11866));
#11866 = SURFACE_STYLE_FILL_AREA(#11867);
#11867 = FILL_AREA_STYLE('',(#11868));
#11868 = FILL_AREA_STYLE_COLOUR('',#11057);
#11869 = CURVE_STYLE('',#11870,POSITIVE_LENGTH_MEASURE(0.1),#11057);
#11870 = DRAUGHTING_PRE_DEFINED_CURVE_FONT('continuous');
#11871 = OVER_RIDING_STYLED_ITEM('overriding color',(#11872),#5776,
  #11050);
#11872 = PRESENTATION_STYLE_ASSIGNMENT((#11873,#11878));
#11873 = SURFACE_STYLE_USAGE(.BOTH.,#11874);
#11874 = SURFACE_SIDE_STYLE('',(#11875));
#11875 = SURFACE_STYLE_FILL_AREA(#11876);
#11876 = FILL_AREA_STYLE('',(#11877));
#11877 = FILL_AREA_STYLE_COLOUR('',#11057);
#11878 = CURVE_STYLE('',#11879,POSITIVE_LENGTH_MEASURE(0.1),#11057);
#11879 = DRAUGHTING_PRE_DEFINED_CURVE_FONT('continuous');
#11880 = OVER_RIDING_STYLED_ITEM('overriding color',(#11881),#5793,
  #11050);
#11881 = PRESENTATION_STYLE_ASSIGNMENT((#11882,#11887));
#11882 = SURFACE_STYLE_USAGE(.BOTH.,#11883);
#11883 = SURFACE_SIDE_STYLE('',(#11884));
#11884 = SURFACE_STYLE_FILL_AREA(#11885);
#11885 = FILL_AREA_STYLE('',(#11886));
#11886 = FILL_AREA_STYLE_COLOUR('',#11057);
#11887 = CURVE_STYLE('',#11888,POSITIVE_LENGTH_MEASURE(0.1),#11057);
#11888 = DRAUGHTING_PRE_DEFINED_CURVE_FONT('continuous');
#11889 = OVER_RIDING_STYLED_ITEM('overriding color',(#11890),#5813,
  #11050);
#11890 = PRESENTATION_STYLE_ASSIGNMENT((#11891,#11896));
#11891 = SURFACE_STYLE_USAGE(.BOTH.,#11892);
#11892 = SURFACE_SIDE_STYLE('',(#11893));
#11893 = SURFACE_STYLE_FILL_AREA(#11894);
#11894 = FILL_AREA_STYLE('',(#11895));
#11895 = FILL_AREA_STYLE_COLOUR('',#11057);
#11896 = CURVE_STYLE('',#11897,POSITIVE_LENGTH_MEASURE(0.1),#11057);
#11897 = DRAUGHTING_PRE_DEFINED_CURVE_FONT('continuous');
#11898 = OVER_RIDING_STYLED_ITEM('overriding color',(#11899),#5943,
  #11050);
#11899 = PRESENTATION_STYLE_ASSIGNMENT((#11900,#11905));
#11900 = SURFACE_STYLE_USAGE(.BOTH.,#11901);
#11901 = SURFACE_SIDE_STYLE('',(#11902));
#11902 = SURFACE_STYLE_FILL_AREA(#11903);
#11903 = FILL_AREA_STYLE('',(#11904));
#11904 = FILL_AREA_STYLE_COLOUR('',#11057);
#11905 = CURVE_STYLE('',#11906,POSITIVE_LENGTH_MEASURE(0.1),#11057);
#11906 = DRAUGHTING_PRE_DEFINED_CURVE_FONT('continuous');
#11907 = OVER_RIDING_STYLED_ITEM('overriding color',(#11908),#5965,
  #11050);
#11908 = PRESENTATION_STYLE_ASSIGNMENT((#11909,#11914));
#11909 = SURFACE_STYLE_USAGE(.BOTH.,#11910);
#11910 = SURFACE_SIDE_STYLE('',(#11911));
#11911 = SURFACE_STYLE_FILL_AREA(#11912);
#11912 = FILL_AREA_STYLE('',(#11913));
#11913 = FILL_AREA_STYLE_COLOUR('',#11057);
#11914 = CURVE_STYLE('',#11915,POSITIVE_LENGTH_MEASURE(0.1),#11057);
#11915 = DRAUGHTING_PRE_DEFINED_CURVE_FONT('continuous');
#11916 = OVER_RIDING_STYLED_ITEM('overriding color',(#11917),#5986,
  #11050);
#11917 = PRESENTATION_STYLE_ASSIGNMENT((#11918,#11923));
#11918 = SURFACE_STYLE_USAGE(.BOTH.,#11919);
#11919 = SURFACE_SIDE_STYLE('',(#11920));
#11920 = SURFACE_STYLE_FILL_AREA(#11921);
#11921 = FILL_AREA_STYLE('',(#11922));
#11922 = FILL_AREA_STYLE_COLOUR('',#11057);
#11923 = CURVE_STYLE('',#11924,POSITIVE_LENGTH_MEASURE(0.1),#11057);
#11924 = DRAUGHTING_PRE_DEFINED_CURVE_FONT('continuous');
#11925 = OVER_RIDING_STYLED_ITEM('overriding color',(#11926),#6007,
  #11050);
#11926 = PRESENTATION_STYLE_ASSIGNMENT((#11927,#11932));
#11927 = SURFACE_STYLE_USAGE(.BOTH.,#11928);
#11928 = SURFACE_SIDE_STYLE('',(#11929));
#11929 = SURFACE_STYLE_FILL_AREA(#11930);
#11930 = FILL_AREA_STYLE('',(#11931));
#11931 = FILL_AREA_STYLE_COLOUR('',#11057);
#11932 = CURVE_STYLE('',#11933,POSITIVE_LENGTH_MEASURE(0.1),#11057);
#11933 = DRAUGHTING_PRE_DEFINED_CURVE_FONT('continuous');
#11934 = OVER_RIDING_STYLED_ITEM('overriding color',(#11935),#6028,
  #11050);
#11935 = PRESENTATION_STYLE_ASSIGNMENT((#11936,#11941));
#11936 = SURFACE_STYLE_USAGE(.BOTH.,#11937);
#11937 = SURFACE_SIDE_STYLE('',(#11938));
#11938 = SURFACE_STYLE_FILL_AREA(#11939);
#11939 = FILL_AREA_STYLE('',(#11940));
#11940 = FILL_AREA_STYLE_COLOUR('',#11057);
#11941 = CURVE_STYLE('',#11942,POSITIVE_LENGTH_MEASURE(0.1),#11057);
#11942 = DRAUGHTING_PRE_DEFINED_CURVE_FONT('continuous');
#11943 = OVER_RIDING_STYLED_ITEM('overriding color',(#11944),#6049,
  #11050);
#11944 = PRESENTATION_STYLE_ASSIGNMENT((#11945,#11950));
#11945 = SURFACE_STYLE_USAGE(.BOTH.,#11946);
#11946 = SURFACE_SIDE_STYLE('',(#11947));
#11947 = SURFACE_STYLE_FILL_AREA(#11948);
#11948 = FILL_AREA_STYLE('',(#11949));
#11949 = FILL_AREA_STYLE_COLOUR('',#11057);
#11950 = CURVE_STYLE('',#11951,POSITIVE_LENGTH_MEASURE(0.1),#11057);
#11951 = DRAUGHTING_PRE_DEFINED_CURVE_FONT('continuous');
#11952 = OVER_RIDING_STYLED_ITEM('overriding color',(#11953),#6066,
  #11050);
#11953 = PRESENTATION_STYLE_ASSIGNMENT((#11954,#11959));
#11954 = SURFACE_STYLE_USAGE(.BOTH.,#11955);
#11955 = SURFACE_SIDE_STYLE('',(#11956));
#11956 = SURFACE_STYLE_FILL_AREA(#11957);
#11957 = FILL_AREA_STYLE('',(#11958));
#11958 = FILL_AREA_STYLE_COLOUR('',#11057);
#11959 = CURVE_STYLE('',#11960,POSITIVE_LENGTH_MEASURE(0.1),#11057);
#11960 = DRAUGHTING_PRE_DEFINED_CURVE_FONT('continuous');
#11961 = OVER_RIDING_STYLED_ITEM('overriding color',(#11962),#6078,
  #11050);
#11962 = PRESENTATION_STYLE_ASSIGNMENT((#11963,#11968));
#11963 = SURFACE_STYLE_USAGE(.BOTH.,#11964);
#11964 = SURFACE_SIDE_STYLE('',(#11965));
#11965 = SURFACE_STYLE_FILL_AREA(#11966);
#11966 = FILL_AREA_STYLE('',(#11967));
#11967 = FILL_AREA_STYLE_COLOUR('',#11057);
#11968 = CURVE_STYLE('',#11969,POSITIVE_LENGTH_MEASURE(0.1),#11057);
#11969 = DRAUGHTING_PRE_DEFINED_CURVE_FONT('continuous');
#11970 = OVER_RIDING_STYLED_ITEM('overriding color',(#11971),#6109,
  #11050);
#11971 = PRESENTATION_STYLE_ASSIGNMENT((#11972,#11977));
#11972 = SURFACE_STYLE_USAGE(.BOTH.,#11973);
#11973 = SURFACE_SIDE_STYLE('',(#11974));
#11974 = SURFACE_STYLE_FILL_AREA(#11975);
#11975 = FILL_AREA_STYLE('',(#11976));
#11976 = FILL_AREA_STYLE_COLOUR('',#11057);
#11977 = CURVE_STYLE('',#11978,POSITIVE_LENGTH_MEASURE(0.1),#11057);
#11978 = DRAUGHTING_PRE_DEFINED_CURVE_FONT('continuous');
#11979 = OVER_RIDING_STYLED_ITEM('overriding color',(#11980),#6133,
  #11050);
#11980 = PRESENTATION_STYLE_ASSIGNMENT((#11981,#11986));
#11981 = SURFACE_STYLE_USAGE(.BOTH.,#11982);
#11982 = SURFACE_SIDE_STYLE('',(#11983));
#11983 = SURFACE_STYLE_FILL_AREA(#11984);
#11984 = FILL_AREA_STYLE('',(#11985));
#11985 = FILL_AREA_STYLE_COLOUR('',#11057);
#11986 = CURVE_STYLE('',#11987,POSITIVE_LENGTH_MEASURE(0.1),#11057);
#11987 = DRAUGHTING_PRE_DEFINED_CURVE_FONT('continuous');
#11988 = OVER_RIDING_STYLED_ITEM('overriding color',(#11989),#6157,
  #11050);
#11989 = PRESENTATION_STYLE_ASSIGNMENT((#11990,#11995));
#11990 = SURFACE_STYLE_USAGE(.BOTH.,#11991);
#11991 = SURFACE_SIDE_STYLE('',(#11992));
#11992 = SURFACE_STYLE_FILL_AREA(#11993);
#11993 = FILL_AREA_STYLE('',(#11994));
#11994 = FILL_AREA_STYLE_COLOUR('',#11057);
#11995 = CURVE_STYLE('',#11996,POSITIVE_LENGTH_MEASURE(0.1),#11057);
#11996 = DRAUGHTING_PRE_DEFINED_CURVE_FONT('continuous');
#11997 = OVER_RIDING_STYLED_ITEM('overriding color',(#11998),#6186,
  #11050);
#11998 = PRESENTATION_STYLE_ASSIGNMENT((#11999,#12004));
#11999 = SURFACE_STYLE_USAGE(.BOTH.,#12000);
#12000 = SURFACE_SIDE_STYLE('',(#12001));
#12001 = SURFACE_STYLE_FILL_AREA(#12002);
#12002 = FILL_AREA_STYLE('',(#12003));
#12003 = FILL_AREA_STYLE_COLOUR('',#11057);
#12004 = CURVE_STYLE('',#12005,POSITIVE_LENGTH_MEASURE(0.1),#11057);
#12005 = DRAUGHTING_PRE_DEFINED_CURVE_FONT('continuous');
#12006 = OVER_RIDING_STYLED_ITEM('overriding color',(#12007),#6215,
  #11050);
#12007 = PRESENTATION_STYLE_ASSIGNMENT((#12008,#12013));
#12008 = SURFACE_STYLE_USAGE(.BOTH.,#12009);
#12009 = SURFACE_SIDE_STYLE('',(#12010));
#12010 = SURFACE_STYLE_FILL_AREA(#12011);
#12011 = FILL_AREA_STYLE('',(#12012));
#12012 = FILL_AREA_STYLE_COLOUR('',#11057);
#12013 = CURVE_STYLE('',#12014,POSITIVE_LENGTH_MEASURE(0.1),#11057);
#12014 = DRAUGHTING_PRE_DEFINED_CURVE_FONT('continuous');
#12015 = OVER_RIDING_STYLED_ITEM('overriding color',(#12016),#6244,
  #11050);
#12016 = PRESENTATION_STYLE_ASSIGNMENT((#12017,#12022));
#12017 = SURFACE_STYLE_USAGE(.BOTH.,#12018);
#12018 = SURFACE_SIDE_STYLE('',(#12019));
#12019 = SURFACE_STYLE_FILL_AREA(#12020);
#12020 = FILL_AREA_STYLE('',(#12021));
#12021 = FILL_AREA_STYLE_COLOUR('',#11057);
#12022 = CURVE_STYLE('',#12023,POSITIVE_LENGTH_MEASURE(0.1),#11057);
#12023 = DRAUGHTING_PRE_DEFINED_CURVE_FONT('continuous');
#12024 = OVER_RIDING_STYLED_ITEM('overriding color',(#12025),#6266,
  #11050);
#12025 = PRESENTATION_STYLE_ASSIGNMENT((#12026,#12031));
#12026 = SURFACE_STYLE_USAGE(.BOTH.,#12027);
#12027 = SURFACE_SIDE_STYLE('',(#12028));
#12028 = SURFACE_STYLE_FILL_AREA(#12029);
#12029 = FILL_AREA_STYLE('',(#12030));
#12030 = FILL_AREA_STYLE_COLOUR('',#11067);
#12031 = CURVE_STYLE('',#12032,POSITIVE_LENGTH_MEASURE(0.1),#11067);
#12032 = DRAUGHTING_PRE_DEFINED_CURVE_FONT('continuous');
#12033 = OVER_RIDING_STYLED_ITEM('overriding color',(#12034),#6281,
  #11050);
#12034 = PRESENTATION_STYLE_ASSIGNMENT((#12035,#12040));
#12035 = SURFACE_STYLE_USAGE(.BOTH.,#12036);
#12036 = SURFACE_SIDE_STYLE('',(#12037));
#12037 = SURFACE_STYLE_FILL_AREA(#12038);
#12038 = FILL_AREA_STYLE('',(#12039));
#12039 = FILL_AREA_STYLE_COLOUR('',#11057);
#12040 = CURVE_STYLE('',#12041,POSITIVE_LENGTH_MEASURE(0.1),#11057);
#12041 = DRAUGHTING_PRE_DEFINED_CURVE_FONT('continuous');
#12042 = OVER_RIDING_STYLED_ITEM('overriding color',(#12043),#6405,
  #11050);
#12043 = PRESENTATION_STYLE_ASSIGNMENT((#12044,#12049));
#12044 = SURFACE_STYLE_USAGE(.BOTH.,#12045);
#12045 = SURFACE_SIDE_STYLE('',(#12046));
#12046 = SURFACE_STYLE_FILL_AREA(#12047);
#12047 = FILL_AREA_STYLE('',(#12048));
#12048 = FILL_AREA_STYLE_COLOUR('',#11057);
#12049 = CURVE_STYLE('',#12050,POSITIVE_LENGTH_MEASURE(0.1),#11057);
#12050 = DRAUGHTING_PRE_DEFINED_CURVE_FONT('continuous');
#12051 = OVER_RIDING_STYLED_ITEM('overriding color',(#12052),#6427,
  #11050);
#12052 = PRESENTATION_STYLE_ASSIGNMENT((#12053,#12058));
#12053 = SURFACE_STYLE_USAGE(.BOTH.,#12054);
#12054 = SURFACE_SIDE_STYLE('',(#12055));
#12055 = SURFACE_STYLE_FILL_AREA(#12056);
#12056 = FILL_AREA_STYLE('',(#12057));
#12057 = FILL_AREA_STYLE_COLOUR('',#11057);
#12058 = CURVE_STYLE('',#12059,POSITIVE_LENGTH_MEASURE(0.1),#11057);
#12059 = DRAUGHTING_PRE_DEFINED_CURVE_FONT('continuous');
#12060 = OVER_RIDING_STYLED_ITEM('overriding color',(#12061),#6444,
  #11050);
#12061 = PRESENTATION_STYLE_ASSIGNMENT((#12062,#12067));
#12062 = SURFACE_STYLE_USAGE(.BOTH.,#12063);
#12063 = SURFACE_SIDE_STYLE('',(#12064));
#12064 = SURFACE_STYLE_FILL_AREA(#12065);
#12065 = FILL_AREA_STYLE('',(#12066));
#12066 = FILL_AREA_STYLE_COLOUR('',#11057);
#12067 = CURVE_STYLE('',#12068,POSITIVE_LENGTH_MEASURE(0.1),#11057);
#12068 = DRAUGHTING_PRE_DEFINED_CURVE_FONT('continuous');
#12069 = OVER_RIDING_STYLED_ITEM('overriding color',(#12070),#6461,
  #11050);
#12070 = PRESENTATION_STYLE_ASSIGNMENT((#12071,#12076));
#12071 = SURFACE_STYLE_USAGE(.BOTH.,#12072);
#12072 = SURFACE_SIDE_STYLE('',(#12073));
#12073 = SURFACE_STYLE_FILL_AREA(#12074);
#12074 = FILL_AREA_STYLE('',(#12075));
#12075 = FILL_AREA_STYLE_COLOUR('',#11057);
#12076 = CURVE_STYLE('',#12077,POSITIVE_LENGTH_MEASURE(0.1),#11057);
#12077 = DRAUGHTING_PRE_DEFINED_CURVE_FONT('continuous');
#12078 = OVER_RIDING_STYLED_ITEM('overriding color',(#12079),#6478,
  #11050);
#12079 = PRESENTATION_STYLE_ASSIGNMENT((#12080,#12085));
#12080 = SURFACE_STYLE_USAGE(.BOTH.,#12081);
#12081 = SURFACE_SIDE_STYLE('',(#12082));
#12082 = SURFACE_STYLE_FILL_AREA(#12083);
#12083 = FILL_AREA_STYLE('',(#12084));
#12084 = FILL_AREA_STYLE_COLOUR('',#11057);
#12085 = CURVE_STYLE('',#12086,POSITIVE_LENGTH_MEASURE(0.1),#11057);
#12086 = DRAUGHTING_PRE_DEFINED_CURVE_FONT('continuous');
#12087 = OVER_RIDING_STYLED_ITEM('overriding color',(#12088),#6495,
  #11050);
#12088 = PRESENTATION_STYLE_ASSIGNMENT((#12089,#12094));
#12089 = SURFACE_STYLE_USAGE(.BOTH.,#12090);
#12090 = SURFACE_SIDE_STYLE('',(#12091));
#12091 = SURFACE_STYLE_FILL_AREA(#12092);
#12092 = FILL_AREA_STYLE('',(#12093));
#12093 = FILL_AREA_STYLE_COLOUR('',#11057);
#12094 = CURVE_STYLE('',#12095,POSITIVE_LENGTH_MEASURE(0.1),#11057);
#12095 = DRAUGHTING_PRE_DEFINED_CURVE_FONT('continuous');
#12096 = OVER_RIDING_STYLED_ITEM('overriding color',(#12097),#6512,
  #11050);
#12097 = PRESENTATION_STYLE_ASSIGNMENT((#12098,#12103));
#12098 = SURFACE_STYLE_USAGE(.BOTH.,#12099);
#12099 = SURFACE_SIDE_STYLE('',(#12100));
#12100 = SURFACE_STYLE_FILL_AREA(#12101);
#12101 = FILL_AREA_STYLE('',(#12102));
#12102 = FILL_AREA_STYLE_COLOUR('',#11057);
#12103 = CURVE_STYLE('',#12104,POSITIVE_LENGTH_MEASURE(0.1),#11057);
#12104 = DRAUGHTING_PRE_DEFINED_CURVE_FONT('continuous');
#12105 = OVER_RIDING_STYLED_ITEM('overriding color',(#12106),#6529,
  #11050);
#12106 = PRESENTATION_STYLE_ASSIGNMENT((#12107,#12112));
#12107 = SURFACE_STYLE_USAGE(.BOTH.,#12108);
#12108 = SURFACE_SIDE_STYLE('',(#12109));
#12109 = SURFACE_STYLE_FILL_AREA(#12110);
#12110 = FILL_AREA_STYLE('',(#12111));
#12111 = FILL_AREA_STYLE_COLOUR('',#11057);
#12112 = CURVE_STYLE('',#12113,POSITIVE_LENGTH_MEASURE(0.1),#11057);
#12113 = DRAUGHTING_PRE_DEFINED_CURVE_FONT('continuous');
#12114 = OVER_RIDING_STYLED_ITEM('overriding color',(#12115),#6541,
  #11050);
#12115 = PRESENTATION_STYLE_ASSIGNMENT((#12116,#12121));
#12116 = SURFACE_STYLE_USAGE(.BOTH.,#12117);
#12117 = SURFACE_SIDE_STYLE('',(#12118));
#12118 = SURFACE_STYLE_FILL_AREA(#12119);
#12119 = FILL_AREA_STYLE('',(#12120));
#12120 = FILL_AREA_STYLE_COLOUR('',#11057);
#12121 = CURVE_STYLE('',#12122,POSITIVE_LENGTH_MEASURE(0.1),#11057);
#12122 = DRAUGHTING_PRE_DEFINED_CURVE_FONT('continuous');
#12123 = OVER_RIDING_STYLED_ITEM('overriding color',(#12124),#6572,
  #11050);
#12124 = PRESENTATION_STYLE_ASSIGNMENT((#12125,#12130));
#12125 = SURFACE_STYLE_USAGE(.BOTH.,#12126);
#12126 = SURFACE_SIDE_STYLE('',(#12127));
#12127 = SURFACE_STYLE_FILL_AREA(#12128);
#12128 = FILL_AREA_STYLE('',(#12129));
#12129 = FILL_AREA_STYLE_COLOUR('',#11057);
#12130 = CURVE_STYLE('',#12131,POSITIVE_LENGTH_MEASURE(0.1),#11057);
#12131 = DRAUGHTING_PRE_DEFINED_CURVE_FONT('continuous');
#12132 = OVER_RIDING_STYLED_ITEM('overriding color',(#12133),#6596,
  #11050);
#12133 = PRESENTATION_STYLE_ASSIGNMENT((#12134,#12139));
#12134 = SURFACE_STYLE_USAGE(.BOTH.,#12135);
#12135 = SURFACE_SIDE_STYLE('',(#12136));
#12136 = SURFACE_STYLE_FILL_AREA(#12137);
#12137 = FILL_AREA_STYLE('',(#12138));
#12138 = FILL_AREA_STYLE_COLOUR('',#11057);
#12139 = CURVE_STYLE('',#12140,POSITIVE_LENGTH_MEASURE(0.1),#11057);
#12140 = DRAUGHTING_PRE_DEFINED_CURVE_FONT('continuous');
#12141 = OVER_RIDING_STYLED_ITEM('overriding color',(#12142),#6625,
  #11050);
#12142 = PRESENTATION_STYLE_ASSIGNMENT((#12143,#12148));
#12143 = SURFACE_STYLE_USAGE(.BOTH.,#12144);
#12144 = SURFACE_SIDE_STYLE('',(#12145));
#12145 = SURFACE_STYLE_FILL_AREA(#12146);
#12146 = FILL_AREA_STYLE('',(#12147));
#12147 = FILL_AREA_STYLE_COLOUR('',#11057);
#12148 = CURVE_STYLE('',#12149,POSITIVE_LENGTH_MEASURE(0.1),#11057);
#12149 = DRAUGHTING_PRE_DEFINED_CURVE_FONT('continuous');
#12150 = OVER_RIDING_STYLED_ITEM('overriding color',(#12151),#6649,
  #11050);
#12151 = PRESENTATION_STYLE_ASSIGNMENT((#12152,#12157));
#12152 = SURFACE_STYLE_USAGE(.BOTH.,#12153);
#12153 = SURFACE_SIDE_STYLE('',(#12154));
#12154 = SURFACE_STYLE_FILL_AREA(#12155);
#12155 = FILL_AREA_STYLE('',(#12156));
#12156 = FILL_AREA_STYLE_COLOUR('',#11057);
#12157 = CURVE_STYLE('',#12158,POSITIVE_LENGTH_MEASURE(0.1),#11057);
#12158 = DRAUGHTING_PRE_DEFINED_CURVE_FONT('continuous');
#12159 = OVER_RIDING_STYLED_ITEM('overriding color',(#12160),#6678,
  #11050);
#12160 = PRESENTATION_STYLE_ASSIGNMENT((#12161,#12166));
#12161 = SURFACE_STYLE_USAGE(.BOTH.,#12162);
#12162 = SURFACE_SIDE_STYLE('',(#12163));
#12163 = SURFACE_STYLE_FILL_AREA(#12164);
#12164 = FILL_AREA_STYLE('',(#12165));
#12165 = FILL_AREA_STYLE_COLOUR('',#11057);
#12166 = CURVE_STYLE('',#12167,POSITIVE_LENGTH_MEASURE(0.1),#11057);
#12167 = DRAUGHTING_PRE_DEFINED_CURVE_FONT('continuous');
#12168 = OVER_RIDING_STYLED_ITEM('overriding color',(#12169),#6695,
  #11050);
#12169 = PRESENTATION_STYLE_ASSIGNMENT((#12170,#12175));
#12170 = SURFACE_STYLE_USAGE(.BOTH.,#12171);
#12171 = SURFACE_SIDE_STYLE('',(#12172));
#12172 = SURFACE_STYLE_FILL_AREA(#12173);
#12173 = FILL_AREA_STYLE('',(#12174));
#12174 = FILL_AREA_STYLE_COLOUR('',#11067);
#12175 = CURVE_STYLE('',#12176,POSITIVE_LENGTH_MEASURE(0.1),#11067);
#12176 = DRAUGHTING_PRE_DEFINED_CURVE_FONT('continuous');
#12177 = OVER_RIDING_STYLED_ITEM('overriding color',(#12178),#6709,
  #11050);
#12178 = PRESENTATION_STYLE_ASSIGNMENT((#12179,#12184));
#12179 = SURFACE_STYLE_USAGE(.BOTH.,#12180);
#12180 = SURFACE_SIDE_STYLE('',(#12181));
#12181 = SURFACE_STYLE_FILL_AREA(#12182);
#12182 = FILL_AREA_STYLE('',(#12183));
#12183 = FILL_AREA_STYLE_COLOUR('',#11057);
#12184 = CURVE_STYLE('',#12185,POSITIVE_LENGTH_MEASURE(0.1),#11057);
#12185 = DRAUGHTING_PRE_DEFINED_CURVE_FONT('continuous');
#12186 = OVER_RIDING_STYLED_ITEM('overriding color',(#12187),#6740,
  #11050);
#12187 = PRESENTATION_STYLE_ASSIGNMENT((#12188,#12193));
#12188 = SURFACE_STYLE_USAGE(.BOTH.,#12189);
#12189 = SURFACE_SIDE_STYLE('',(#12190));
#12190 = SURFACE_STYLE_FILL_AREA(#12191);
#12191 = FILL_AREA_STYLE('',(#12192));
#12192 = FILL_AREA_STYLE_COLOUR('',#11057);
#12193 = CURVE_STYLE('',#12194,POSITIVE_LENGTH_MEASURE(0.1),#11057);
#12194 = DRAUGHTING_PRE_DEFINED_CURVE_FONT('continuous');
#12195 = OVER_RIDING_STYLED_ITEM('overriding color',(#12196),#6764,
  #11050);
#12196 = PRESENTATION_STYLE_ASSIGNMENT((#12197,#12202));
#12197 = SURFACE_STYLE_USAGE(.BOTH.,#12198);
#12198 = SURFACE_SIDE_STYLE('',(#12199));
#12199 = SURFACE_STYLE_FILL_AREA(#12200);
#12200 = FILL_AREA_STYLE('',(#12201));
#12201 = FILL_AREA_STYLE_COLOUR('',#11057);
#12202 = CURVE_STYLE('',#12203,POSITIVE_LENGTH_MEASURE(0.1),#11057);
#12203 = DRAUGHTING_PRE_DEFINED_CURVE_FONT('continuous');
#12204 = OVER_RIDING_STYLED_ITEM('overriding color',(#12205),#6788,
  #11050);
#12205 = PRESENTATION_STYLE_ASSIGNMENT((#12206,#12211));
#12206 = SURFACE_STYLE_USAGE(.BOTH.,#12207);
#12207 = SURFACE_SIDE_STYLE('',(#12208));
#12208 = SURFACE_STYLE_FILL_AREA(#12209);
#12209 = FILL_AREA_STYLE('',(#12210));
#12210 = FILL_AREA_STYLE_COLOUR('',#11057);
#12211 = CURVE_STYLE('',#12212,POSITIVE_LENGTH_MEASURE(0.1),#11057);
#12212 = DRAUGHTING_PRE_DEFINED_CURVE_FONT('continuous');
#12213 = OVER_RIDING_STYLED_ITEM('overriding color',(#12214),#6812,
  #11050);
#12214 = PRESENTATION_STYLE_ASSIGNMENT((#12215,#12220));
#12215 = SURFACE_STYLE_USAGE(.BOTH.,#12216);
#12216 = SURFACE_SIDE_STYLE('',(#12217));
#12217 = SURFACE_STYLE_FILL_AREA(#12218);
#12218 = FILL_AREA_STYLE('',(#12219));
#12219 = FILL_AREA_STYLE_COLOUR('',#11057);
#12220 = CURVE_STYLE('',#12221,POSITIVE_LENGTH_MEASURE(0.1),#11057);
#12221 = DRAUGHTING_PRE_DEFINED_CURVE_FONT('continuous');
#12222 = OVER_RIDING_STYLED_ITEM('overriding color',(#12223),#6836,
  #11050);
#12223 = PRESENTATION_STYLE_ASSIGNMENT((#12224,#12229));
#12224 = SURFACE_STYLE_USAGE(.BOTH.,#12225);
#12225 = SURFACE_SIDE_STYLE('',(#12226));
#12226 = SURFACE_STYLE_FILL_AREA(#12227);
#12227 = FILL_AREA_STYLE('',(#12228));
#12228 = FILL_AREA_STYLE_COLOUR('',#11057);
#12229 = CURVE_STYLE('',#12230,POSITIVE_LENGTH_MEASURE(0.1),#11057);
#12230 = DRAUGHTING_PRE_DEFINED_CURVE_FONT('continuous');
#12231 = OVER_RIDING_STYLED_ITEM('overriding color',(#12232),#6860,
  #11050);
#12232 = PRESENTATION_STYLE_ASSIGNMENT((#12233,#12238));
#12233 = SURFACE_STYLE_USAGE(.BOTH.,#12234);
#12234 = SURFACE_SIDE_STYLE('',(#12235));
#12235 = SURFACE_STYLE_FILL_AREA(#12236);
#12236 = FILL_AREA_STYLE('',(#12237));
#12237 = FILL_AREA_STYLE_COLOUR('',#11057);
#12238 = CURVE_STYLE('',#12239,POSITIVE_LENGTH_MEASURE(0.1),#11057);
#12239 = DRAUGHTING_PRE_DEFINED_CURVE_FONT('continuous');
#12240 = OVER_RIDING_STYLED_ITEM('overriding color',(#12241),#6884,
  #11050);
#12241 = PRESENTATION_STYLE_ASSIGNMENT((#12242,#12247));
#12242 = SURFACE_STYLE_USAGE(.BOTH.,#12243);
#12243 = SURFACE_SIDE_STYLE('',(#12244));
#12244 = SURFACE_STYLE_FILL_AREA(#12245);
#12245 = FILL_AREA_STYLE('',(#12246));
#12246 = FILL_AREA_STYLE_COLOUR('',#11057);
#12247 = CURVE_STYLE('',#12248,POSITIVE_LENGTH_MEASURE(0.1),#11057);
#12248 = DRAUGHTING_PRE_DEFINED_CURVE_FONT('continuous');
#12249 = OVER_RIDING_STYLED_ITEM('overriding color',(#12250),#6908,
  #11050);
#12250 = PRESENTATION_STYLE_ASSIGNMENT((#12251,#12256));
#12251 = SURFACE_STYLE_USAGE(.BOTH.,#12252);
#12252 = SURFACE_SIDE_STYLE('',(#12253));
#12253 = SURFACE_STYLE_FILL_AREA(#12254);
#12254 = FILL_AREA_STYLE('',(#12255));
#12255 = FILL_AREA_STYLE_COLOUR('',#11057);
#12256 = CURVE_STYLE('',#12257,POSITIVE_LENGTH_MEASURE(0.1),#11057);
#12257 = DRAUGHTING_PRE_DEFINED_CURVE_FONT('continuous');
#12258 = OVER_RIDING_STYLED_ITEM('overriding color',(#12259),#6932,
  #11050);
#12259 = PRESENTATION_STYLE_ASSIGNMENT((#12260,#12265));
#12260 = SURFACE_STYLE_USAGE(.BOTH.,#12261);
#12261 = SURFACE_SIDE_STYLE('',(#12262));
#12262 = SURFACE_STYLE_FILL_AREA(#12263);
#12263 = FILL_AREA_STYLE('',(#12264));
#12264 = FILL_AREA_STYLE_COLOUR('',#11057);
#12265 = CURVE_STYLE('',#12266,POSITIVE_LENGTH_MEASURE(0.1),#11057);
#12266 = DRAUGHTING_PRE_DEFINED_CURVE_FONT('continuous');
#12267 = OVER_RIDING_STYLED_ITEM('overriding color',(#12268),#6956,
  #11050);
#12268 = PRESENTATION_STYLE_ASSIGNMENT((#12269,#12274));
#12269 = SURFACE_STYLE_USAGE(.BOTH.,#12270);
#12270 = SURFACE_SIDE_STYLE('',(#12271));
#12271 = SURFACE_STYLE_FILL_AREA(#12272);
#12272 = FILL_AREA_STYLE('',(#12273));
#12273 = FILL_AREA_STYLE_COLOUR('',#11057);
#12274 = CURVE_STYLE('',#12275,POSITIVE_LENGTH_MEASURE(0.1),#11057);
#12275 = DRAUGHTING_PRE_DEFINED_CURVE_FONT('continuous');
#12276 = OVER_RIDING_STYLED_ITEM('overriding color',(#12277),#6980,
  #11050);
#12277 = PRESENTATION_STYLE_ASSIGNMENT((#12278,#12283));
#12278 = SURFACE_STYLE_USAGE(.BOTH.,#12279);
#12279 = SURFACE_SIDE_STYLE('',(#12280));
#12280 = SURFACE_STYLE_FILL_AREA(#12281);
#12281 = FILL_AREA_STYLE('',(#12282));
#12282 = FILL_AREA_STYLE_COLOUR('',#11057);
#12283 = CURVE_STYLE('',#12284,POSITIVE_LENGTH_MEASURE(0.1),#11057);
#12284 = DRAUGHTING_PRE_DEFINED_CURVE_FONT('continuous');
#12285 = OVER_RIDING_STYLED_ITEM('overriding color',(#12286),#6997,
  #11050);
#12286 = PRESENTATION_STYLE_ASSIGNMENT((#12287,#12292));
#12287 = SURFACE_STYLE_USAGE(.BOTH.,#12288);
#12288 = SURFACE_SIDE_STYLE('',(#12289));
#12289 = SURFACE_STYLE_FILL_AREA(#12290);
#12290 = FILL_AREA_STYLE('',(#12291));
#12291 = FILL_AREA_STYLE_COLOUR('',#11057);
#12292 = CURVE_STYLE('',#12293,POSITIVE_LENGTH_MEASURE(0.1),#11057);
#12293 = DRAUGHTING_PRE_DEFINED_CURVE_FONT('continuous');
#12294 = OVER_RIDING_STYLED_ITEM('overriding color',(#12295),#7017,
  #11050);
#12295 = PRESENTATION_STYLE_ASSIGNMENT((#12296,#12301));
#12296 = SURFACE_STYLE_USAGE(.BOTH.,#12297);
#12297 = SURFACE_SIDE_STYLE('',(#12298));
#12298 = SURFACE_STYLE_FILL_AREA(#12299);
#12299 = FILL_AREA_STYLE('',(#12300));
#12300 = FILL_AREA_STYLE_COLOUR('',#11057);
#12301 = CURVE_STYLE('',#12302,POSITIVE_LENGTH_MEASURE(0.1),#11057);
#12302 = DRAUGHTING_PRE_DEFINED_CURVE_FONT('continuous');
#12303 = OVER_RIDING_STYLED_ITEM('overriding color',(#12304),#7217,
  #11050);
#12304 = PRESENTATION_STYLE_ASSIGNMENT((#12305,#12310));
#12305 = SURFACE_STYLE_USAGE(.BOTH.,#12306);
#12306 = SURFACE_SIDE_STYLE('',(#12307));
#12307 = SURFACE_STYLE_FILL_AREA(#12308);
#12308 = FILL_AREA_STYLE('',(#12309));
#12309 = FILL_AREA_STYLE_COLOUR('',#11057);
#12310 = CURVE_STYLE('',#12311,POSITIVE_LENGTH_MEASURE(0.1),#11057);
#12311 = DRAUGHTING_PRE_DEFINED_CURVE_FONT('continuous');
#12312 = OVER_RIDING_STYLED_ITEM('overriding color',(#12313),#7243,
  #11050);
#12313 = PRESENTATION_STYLE_ASSIGNMENT((#12314,#12319));
#12314 = SURFACE_STYLE_USAGE(.BOTH.,#12315);
#12315 = SURFACE_SIDE_STYLE('',(#12316));
#12316 = SURFACE_STYLE_FILL_AREA(#12317);
#12317 = FILL_AREA_STYLE('',(#12318));
#12318 = FILL_AREA_STYLE_COLOUR('',#11057);
#12319 = CURVE_STYLE('',#12320,POSITIVE_LENGTH_MEASURE(0.1),#11057);
#12320 = DRAUGHTING_PRE_DEFINED_CURVE_FONT('continuous');
#12321 = OVER_RIDING_STYLED_ITEM('overriding color',(#12322),#7260,
  #11050);
#12322 = PRESENTATION_STYLE_ASSIGNMENT((#12323,#12328));
#12323 = SURFACE_STYLE_USAGE(.BOTH.,#12324);
#12324 = SURFACE_SIDE_STYLE('',(#12325));
#12325 = SURFACE_STYLE_FILL_AREA(#12326);
#12326 = FILL_AREA_STYLE('',(#12327));
#12327 = FILL_AREA_STYLE_COLOUR('',#11057);
#12328 = CURVE_STYLE('',#12329,POSITIVE_LENGTH_MEASURE(0.1),#11057);
#12329 = DRAUGHTING_PRE_DEFINED_CURVE_FONT('continuous');
#12330 = OVER_RIDING_STYLED_ITEM('overriding color',(#12331),#7281,
  #11050);
#12331 = PRESENTATION_STYLE_ASSIGNMENT((#12332,#12337));
#12332 = SURFACE_STYLE_USAGE(.BOTH.,#12333);
#12333 = SURFACE_SIDE_STYLE('',(#12334));
#12334 = SURFACE_STYLE_FILL_AREA(#12335);
#12335 = FILL_AREA_STYLE('',(#12336));
#12336 = FILL_AREA_STYLE_COLOUR('',#11057);
#12337 = CURVE_STYLE('',#12338,POSITIVE_LENGTH_MEASURE(0.1),#11057);
#12338 = DRAUGHTING_PRE_DEFINED_CURVE_FONT('continuous');
#12339 = OVER_RIDING_STYLED_ITEM('overriding color',(#12340),#7302,
  #11050);
#12340 = PRESENTATION_STYLE_ASSIGNMENT((#12341,#12346));
#12341 = SURFACE_STYLE_USAGE(.BOTH.,#12342);
#12342 = SURFACE_SIDE_STYLE('',(#12343));
#12343 = SURFACE_STYLE_FILL_AREA(#12344);
#12344 = FILL_AREA_STYLE('',(#12345));
#12345 = FILL_AREA_STYLE_COLOUR('',#11057);
#12346 = CURVE_STYLE('',#12347,POSITIVE_LENGTH_MEASURE(0.1),#11057);
#12347 = DRAUGHTING_PRE_DEFINED_CURVE_FONT('continuous');
#12348 = OVER_RIDING_STYLED_ITEM('overriding color',(#12349),#7319,
  #11050);
#12349 = PRESENTATION_STYLE_ASSIGNMENT((#12350,#12355));
#12350 = SURFACE_STYLE_USAGE(.BOTH.,#12351);
#12351 = SURFACE_SIDE_STYLE('',(#12352));
#12352 = SURFACE_STYLE_FILL_AREA(#12353);
#12353 = FILL_AREA_STYLE('',(#12354));
#12354 = FILL_AREA_STYLE_COLOUR('',#11057);
#12355 = CURVE_STYLE('',#12356,POSITIVE_LENGTH_MEASURE(0.1),#11057);
#12356 = DRAUGHTING_PRE_DEFINED_CURVE_FONT('continuous');
#12357 = OVER_RIDING_STYLED_ITEM('overriding color',(#12358),#7340,
  #11050);
#12358 = PRESENTATION_STYLE_ASSIGNMENT((#12359,#12364));
#12359 = SURFACE_STYLE_USAGE(.BOTH.,#12360);
#12360 = SURFACE_SIDE_STYLE('',(#12361));
#12361 = SURFACE_STYLE_FILL_AREA(#12362);
#12362 = FILL_AREA_STYLE('',(#12363));
#12363 = FILL_AREA_STYLE_COLOUR('',#11057);
#12364 = CURVE_STYLE('',#12365,POSITIVE_LENGTH_MEASURE(0.1),#11057);
#12365 = DRAUGHTING_PRE_DEFINED_CURVE_FONT('continuous');
#12366 = OVER_RIDING_STYLED_ITEM('overriding color',(#12367),#7361,
  #11050);
#12367 = PRESENTATION_STYLE_ASSIGNMENT((#12368,#12373));
#12368 = SURFACE_STYLE_USAGE(.BOTH.,#12369);
#12369 = SURFACE_SIDE_STYLE('',(#12370));
#12370 = SURFACE_STYLE_FILL_AREA(#12371);
#12371 = FILL_AREA_STYLE('',(#12372));
#12372 = FILL_AREA_STYLE_COLOUR('',#11057);
#12373 = CURVE_STYLE('',#12374,POSITIVE_LENGTH_MEASURE(0.1),#11057);
#12374 = DRAUGHTING_PRE_DEFINED_CURVE_FONT('continuous');
#12375 = OVER_RIDING_STYLED_ITEM('overriding color',(#12376),#7382,
  #11050);
#12376 = PRESENTATION_STYLE_ASSIGNMENT((#12377,#12382));
#12377 = SURFACE_STYLE_USAGE(.BOTH.,#12378);
#12378 = SURFACE_SIDE_STYLE('',(#12379));
#12379 = SURFACE_STYLE_FILL_AREA(#12380);
#12380 = FILL_AREA_STYLE('',(#12381));
#12381 = FILL_AREA_STYLE_COLOUR('',#11057);
#12382 = CURVE_STYLE('',#12383,POSITIVE_LENGTH_MEASURE(0.1),#11057);
#12383 = DRAUGHTING_PRE_DEFINED_CURVE_FONT('continuous');
#12384 = OVER_RIDING_STYLED_ITEM('overriding color',(#12385),#7403,
  #11050);
#12385 = PRESENTATION_STYLE_ASSIGNMENT((#12386,#12391));
#12386 = SURFACE_STYLE_USAGE(.BOTH.,#12387);
#12387 = SURFACE_SIDE_STYLE('',(#12388));
#12388 = SURFACE_STYLE_FILL_AREA(#12389);
#12389 = FILL_AREA_STYLE('',(#12390));
#12390 = FILL_AREA_STYLE_COLOUR('',#11057);
#12391 = CURVE_STYLE('',#12392,POSITIVE_LENGTH_MEASURE(0.1),#11057);
#12392 = DRAUGHTING_PRE_DEFINED_CURVE_FONT('continuous');
#12393 = OVER_RIDING_STYLED_ITEM('overriding color',(#12394),#7420,
  #11050);
#12394 = PRESENTATION_STYLE_ASSIGNMENT((#12395,#12400));
#12395 = SURFACE_STYLE_USAGE(.BOTH.,#12396);
#12396 = SURFACE_SIDE_STYLE('',(#12397));
#12397 = SURFACE_STYLE_FILL_AREA(#12398);
#12398 = FILL_AREA_STYLE('',(#12399));
#12399 = FILL_AREA_STYLE_COLOUR('',#11057);
#12400 = CURVE_STYLE('',#12401,POSITIVE_LENGTH_MEASURE(0.1),#11057);
#12401 = DRAUGHTING_PRE_DEFINED_CURVE_FONT('continuous');
#12402 = OVER_RIDING_STYLED_ITEM('overriding color',(#12403),#7437,
  #11050);
#12403 = PRESENTATION_STYLE_ASSIGNMENT((#12404,#12409));
#12404 = SURFACE_STYLE_USAGE(.BOTH.,#12405);
#12405 = SURFACE_SIDE_STYLE('',(#12406));
#12406 = SURFACE_STYLE_FILL_AREA(#12407);
#12407 = FILL_AREA_STYLE('',(#12408));
#12408 = FILL_AREA_STYLE_COLOUR('',#11057);
#12409 = CURVE_STYLE('',#12410,POSITIVE_LENGTH_MEASURE(0.1),#11057);
#12410 = DRAUGHTING_PRE_DEFINED_CURVE_FONT('continuous');
#12411 = OVER_RIDING_STYLED_ITEM('overriding color',(#12412),#7454,
  #11050);
#12412 = PRESENTATION_STYLE_ASSIGNMENT((#12413,#12418));
#12413 = SURFACE_STYLE_USAGE(.BOTH.,#12414);
#12414 = SURFACE_SIDE_STYLE('',(#12415));
#12415 = SURFACE_STYLE_FILL_AREA(#12416);
#12416 = FILL_AREA_STYLE('',(#12417));
#12417 = FILL_AREA_STYLE_COLOUR('',#11057);
#12418 = CURVE_STYLE('',#12419,POSITIVE_LENGTH_MEASURE(0.1),#11057);
#12419 = DRAUGHTING_PRE_DEFINED_CURVE_FONT('continuous');
#12420 = OVER_RIDING_STYLED_ITEM('overriding color',(#12421),#7471,
  #11050);
#12421 = PRESENTATION_STYLE_ASSIGNMENT((#12422,#12427));
#12422 = SURFACE_STYLE_USAGE(.BOTH.,#12423);
#12423 = SURFACE_SIDE_STYLE('',(#12424));
#12424 = SURFACE_STYLE_FILL_AREA(#12425);
#12425 = FILL_AREA_STYLE('',(#12426));
#12426 = FILL_AREA_STYLE_COLOUR('',#11057);
#12427 = CURVE_STYLE('',#12428,POSITIVE_LENGTH_MEASURE(0.1),#11057);
#12428 = DRAUGHTING_PRE_DEFINED_CURVE_FONT('continuous');
#12429 = OVER_RIDING_STYLED_ITEM('overriding color',(#12430),#7487,
  #11050);
#12430 = PRESENTATION_STYLE_ASSIGNMENT((#12431,#12436));
#12431 = SURFACE_STYLE_USAGE(.BOTH.,#12432);
#12432 = SURFACE_SIDE_STYLE('',(#12433));
#12433 = SURFACE_STYLE_FILL_AREA(#12434);
#12434 = FILL_AREA_STYLE('',(#12435));
#12435 = FILL_AREA_STYLE_COLOUR('',#11057);
#12436 = CURVE_STYLE('',#12437,POSITIVE_LENGTH_MEASURE(0.1),#11057);
#12437 = DRAUGHTING_PRE_DEFINED_CURVE_FONT('continuous');
#12438 = OVER_RIDING_STYLED_ITEM('overriding color',(#12439),#7523,
  #11050);
#12439 = PRESENTATION_STYLE_ASSIGNMENT((#12440,#12445));
#12440 = SURFACE_STYLE_USAGE(.BOTH.,#12441);
#12441 = SURFACE_SIDE_STYLE('',(#12442));
#12442 = SURFACE_STYLE_FILL_AREA(#12443);
#12443 = FILL_AREA_STYLE('',(#12444));
#12444 = FILL_AREA_STYLE_COLOUR('',#11057);
#12445 = CURVE_STYLE('',#12446,POSITIVE_LENGTH_MEASURE(0.1),#11057);
#12446 = DRAUGHTING_PRE_DEFINED_CURVE_FONT('continuous');
#12447 = OVER_RIDING_STYLED_ITEM('overriding color',(#12448),#7552,
  #11050);
#12448 = PRESENTATION_STYLE_ASSIGNMENT((#12449,#12454));
#12449 = SURFACE_STYLE_USAGE(.BOTH.,#12450);
#12450 = SURFACE_SIDE_STYLE('',(#12451));
#12451 = SURFACE_STYLE_FILL_AREA(#12452);
#12452 = FILL_AREA_STYLE('',(#12453));
#12453 = FILL_AREA_STYLE_COLOUR('',#11057);
#12454 = CURVE_STYLE('',#12455,POSITIVE_LENGTH_MEASURE(0.1),#11057);
#12455 = DRAUGHTING_PRE_DEFINED_CURVE_FONT('continuous');
#12456 = OVER_RIDING_STYLED_ITEM('overriding color',(#12457),#7581,
  #11050);
#12457 = PRESENTATION_STYLE_ASSIGNMENT((#12458,#12463));
#12458 = SURFACE_STYLE_USAGE(.BOTH.,#12459);
#12459 = SURFACE_SIDE_STYLE('',(#12460));
#12460 = SURFACE_STYLE_FILL_AREA(#12461);
#12461 = FILL_AREA_STYLE('',(#12462));
#12462 = FILL_AREA_STYLE_COLOUR('',#11057);
#12463 = CURVE_STYLE('',#12464,POSITIVE_LENGTH_MEASURE(0.1),#11057);
#12464 = DRAUGHTING_PRE_DEFINED_CURVE_FONT('continuous');
#12465 = OVER_RIDING_STYLED_ITEM('overriding color',(#12466),#7610,
  #11050);
#12466 = PRESENTATION_STYLE_ASSIGNMENT((#12467,#12472));
#12467 = SURFACE_STYLE_USAGE(.BOTH.,#12468);
#12468 = SURFACE_SIDE_STYLE('',(#12469));
#12469 = SURFACE_STYLE_FILL_AREA(#12470);
#12470 = FILL_AREA_STYLE('',(#12471));
#12471 = FILL_AREA_STYLE_COLOUR('',#11057);
#12472 = CURVE_STYLE('',#12473,POSITIVE_LENGTH_MEASURE(0.1),#11057);
#12473 = DRAUGHTING_PRE_DEFINED_CURVE_FONT('continuous');
#12474 = OVER_RIDING_STYLED_ITEM('overriding color',(#12475),#7639,
  #11050);
#12475 = PRESENTATION_STYLE_ASSIGNMENT((#12476,#12481));
#12476 = SURFACE_STYLE_USAGE(.BOTH.,#12477);
#12477 = SURFACE_SIDE_STYLE('',(#12478));
#12478 = SURFACE_STYLE_FILL_AREA(#12479);
#12479 = FILL_AREA_STYLE('',(#12480));
#12480 = FILL_AREA_STYLE_COLOUR('',#11057);
#12481 = CURVE_STYLE('',#12482,POSITIVE_LENGTH_MEASURE(0.1),#11057);
#12482 = DRAUGHTING_PRE_DEFINED_CURVE_FONT('continuous');
#12483 = OVER_RIDING_STYLED_ITEM('overriding color',(#12484),#7668,
  #11050);
#12484 = PRESENTATION_STYLE_ASSIGNMENT((#12485,#12490));
#12485 = SURFACE_STYLE_USAGE(.BOTH.,#12486);
#12486 = SURFACE_SIDE_STYLE('',(#12487));
#12487 = SURFACE_STYLE_FILL_AREA(#12488);
#12488 = FILL_AREA_STYLE('',(#12489));
#12489 = FILL_AREA_STYLE_COLOUR('',#11057);
#12490 = CURVE_STYLE('',#12491,POSITIVE_LENGTH_MEASURE(0.1),#11057);
#12491 = DRAUGHTING_PRE_DEFINED_CURVE_FONT('continuous');
#12492 = OVER_RIDING_STYLED_ITEM('overriding color',(#12493),#7692,
  #11050);
#12493 = PRESENTATION_STYLE_ASSIGNMENT((#12494,#12499));
#12494 = SURFACE_STYLE_USAGE(.BOTH.,#12495);
#12495 = SURFACE_SIDE_STYLE('',(#12496));
#12496 = SURFACE_STYLE_FILL_AREA(#12497);
#12497 = FILL_AREA_STYLE('',(#12498));
#12498 = FILL_AREA_STYLE_COLOUR('',#11057);
#12499 = CURVE_STYLE('',#12500,POSITIVE_LENGTH_MEASURE(0.1),#11057);
#12500 = DRAUGHTING_PRE_DEFINED_CURVE_FONT('continuous');
#12501 = OVER_RIDING_STYLED_ITEM('overriding color',(#12502),#7709,
  #11050);
#12502 = PRESENTATION_STYLE_ASSIGNMENT((#12503,#12508));
#12503 = SURFACE_STYLE_USAGE(.BOTH.,#12504);
#12504 = SURFACE_SIDE_STYLE('',(#12505));
#12505 = SURFACE_STYLE_FILL_AREA(#12506);
#12506 = FILL_AREA_STYLE('',(#12507));
#12507 = FILL_AREA_STYLE_COLOUR('',#11067);
#12508 = CURVE_STYLE('',#12509,POSITIVE_LENGTH_MEASURE(0.1),#11067);
#12509 = DRAUGHTING_PRE_DEFINED_CURVE_FONT('continuous');
#12510 = OVER_RIDING_STYLED_ITEM('overriding color',(#12511),#7725,
  #11050);
#12511 = PRESENTATION_STYLE_ASSIGNMENT((#12512,#12517));
#12512 = SURFACE_STYLE_USAGE(.BOTH.,#12513);
#12513 = SURFACE_SIDE_STYLE('',(#12514));
#12514 = SURFACE_STYLE_FILL_AREA(#12515);
#12515 = FILL_AREA_STYLE('',(#12516));
#12516 = FILL_AREA_STYLE_COLOUR('',#11057);
#12517 = CURVE_STYLE('',#12518,POSITIVE_LENGTH_MEASURE(0.1),#11057);
#12518 = DRAUGHTING_PRE_DEFINED_CURVE_FONT('continuous');
#12519 = OVER_RIDING_STYLED_ITEM('overriding color',(#12520),#7761,
  #11050);
#12520 = PRESENTATION_STYLE_ASSIGNMENT((#12521,#12526));
#12521 = SURFACE_STYLE_USAGE(.BOTH.,#12522);
#12522 = SURFACE_SIDE_STYLE('',(#12523));
#12523 = SURFACE_STYLE_FILL_AREA(#12524);
#12524 = FILL_AREA_STYLE('',(#12525));
#12525 = FILL_AREA_STYLE_COLOUR('',#11057);
#12526 = CURVE_STYLE('',#12527,POSITIVE_LENGTH_MEASURE(0.1),#11057);
#12527 = DRAUGHTING_PRE_DEFINED_CURVE_FONT('continuous');
#12528 = OVER_RIDING_STYLED_ITEM('overriding color',(#12529),#7785,
  #11050);
#12529 = PRESENTATION_STYLE_ASSIGNMENT((#12530,#12535));
#12530 = SURFACE_STYLE_USAGE(.BOTH.,#12531);
#12531 = SURFACE_SIDE_STYLE('',(#12532));
#12532 = SURFACE_STYLE_FILL_AREA(#12533);
#12533 = FILL_AREA_STYLE('',(#12534));
#12534 = FILL_AREA_STYLE_COLOUR('',#11057);
#12535 = CURVE_STYLE('',#12536,POSITIVE_LENGTH_MEASURE(0.1),#11057);
#12536 = DRAUGHTING_PRE_DEFINED_CURVE_FONT('continuous');
#12537 = OVER_RIDING_STYLED_ITEM('overriding color',(#12538),#7814,
  #11050);
#12538 = PRESENTATION_STYLE_ASSIGNMENT((#12539,#12544));
#12539 = SURFACE_STYLE_USAGE(.BOTH.,#12540);
#12540 = SURFACE_SIDE_STYLE('',(#12541));
#12541 = SURFACE_STYLE_FILL_AREA(#12542);
#12542 = FILL_AREA_STYLE('',(#12543));
#12543 = FILL_AREA_STYLE_COLOUR('',#11057);
#12544 = CURVE_STYLE('',#12545,POSITIVE_LENGTH_MEASURE(0.1),#11057);
#12545 = DRAUGHTING_PRE_DEFINED_CURVE_FONT('continuous');
#12546 = OVER_RIDING_STYLED_ITEM('overriding color',(#12547),#7843,
  #11050);
#12547 = PRESENTATION_STYLE_ASSIGNMENT((#12548,#12553));
#12548 = SURFACE_STYLE_USAGE(.BOTH.,#12549);
#12549 = SURFACE_SIDE_STYLE('',(#12550));
#12550 = SURFACE_STYLE_FILL_AREA(#12551);
#12551 = FILL_AREA_STYLE('',(#12552));
#12552 = FILL_AREA_STYLE_COLOUR('',#11057);
#12553 = CURVE_STYLE('',#12554,POSITIVE_LENGTH_MEASURE(0.1),#11057);
#12554 = DRAUGHTING_PRE_DEFINED_CURVE_FONT('continuous');
#12555 = OVER_RIDING_STYLED_ITEM('overriding color',(#12556),#7872,
  #11050);
#12556 = PRESENTATION_STYLE_ASSIGNMENT((#12557,#12562));
#12557 = SURFACE_STYLE_USAGE(.BOTH.,#12558);
#12558 = SURFACE_SIDE_STYLE('',(#12559));
#12559 = SURFACE_STYLE_FILL_AREA(#12560);
#12560 = FILL_AREA_STYLE('',(#12561));
#12561 = FILL_AREA_STYLE_COLOUR('',#11057);
#12562 = CURVE_STYLE('',#12563,POSITIVE_LENGTH_MEASURE(0.1),#11057);
#12563 = DRAUGHTING_PRE_DEFINED_CURVE_FONT('continuous');
#12564 = OVER_RIDING_STYLED_ITEM('overriding color',(#12565),#7901,
  #11050);
#12565 = PRESENTATION_STYLE_ASSIGNMENT((#12566,#12571));
#12566 = SURFACE_STYLE_USAGE(.BOTH.,#12567);
#12567 = SURFACE_SIDE_STYLE('',(#12568));
#12568 = SURFACE_STYLE_FILL_AREA(#12569);
#12569 = FILL_AREA_STYLE('',(#12570));
#12570 = FILL_AREA_STYLE_COLOUR('',#11057);
#12571 = CURVE_STYLE('',#12572,POSITIVE_LENGTH_MEASURE(0.1),#11057);
#12572 = DRAUGHTING_PRE_DEFINED_CURVE_FONT('continuous');
#12573 = OVER_RIDING_STYLED_ITEM('overriding color',(#12574),#7930,
  #11050);
#12574 = PRESENTATION_STYLE_ASSIGNMENT((#12575,#12580));
#12575 = SURFACE_STYLE_USAGE(.BOTH.,#12576);
#12576 = SURFACE_SIDE_STYLE('',(#12577));
#12577 = SURFACE_STYLE_FILL_AREA(#12578);
#12578 = FILL_AREA_STYLE('',(#12579));
#12579 = FILL_AREA_STYLE_COLOUR('',#11057);
#12580 = CURVE_STYLE('',#12581,POSITIVE_LENGTH_MEASURE(0.1),#11057);
#12581 = DRAUGHTING_PRE_DEFINED_CURVE_FONT('continuous');
#12582 = OVER_RIDING_STYLED_ITEM('overriding color',(#12583),#7959,
  #11050);
#12583 = PRESENTATION_STYLE_ASSIGNMENT((#12584,#12589));
#12584 = SURFACE_STYLE_USAGE(.BOTH.,#12585);
#12585 = SURFACE_SIDE_STYLE('',(#12586));
#12586 = SURFACE_STYLE_FILL_AREA(#12587);
#12587 = FILL_AREA_STYLE('',(#12588));
#12588 = FILL_AREA_STYLE_COLOUR('',#11057);
#12589 = CURVE_STYLE('',#12590,POSITIVE_LENGTH_MEASURE(0.1),#11057);
#12590 = DRAUGHTING_PRE_DEFINED_CURVE_FONT('continuous');
#12591 = OVER_RIDING_STYLED_ITEM('overriding color',(#12592),#7988,
  #11050);
#12592 = PRESENTATION_STYLE_ASSIGNMENT((#12593,#12598));
#12593 = SURFACE_STYLE_USAGE(.BOTH.,#12594);
#12594 = SURFACE_SIDE_STYLE('',(#12595));
#12595 = SURFACE_STYLE_FILL_AREA(#12596);
#12596 = FILL_AREA_STYLE('',(#12597));
#12597 = FILL_AREA_STYLE_COLOUR('',#11057);
#12598 = CURVE_STYLE('',#12599,POSITIVE_LENGTH_MEASURE(0.1),#11057);
#12599 = DRAUGHTING_PRE_DEFINED_CURVE_FONT('continuous');
#12600 = OVER_RIDING_STYLED_ITEM('overriding color',(#12601),#8017,
  #11050);
#12601 = PRESENTATION_STYLE_ASSIGNMENT((#12602,#12607));
#12602 = SURFACE_STYLE_USAGE(.BOTH.,#12603);
#12603 = SURFACE_SIDE_STYLE('',(#12604));
#12604 = SURFACE_STYLE_FILL_AREA(#12605);
#12605 = FILL_AREA_STYLE('',(#12606));
#12606 = FILL_AREA_STYLE_COLOUR('',#11057);
#12607 = CURVE_STYLE('',#12608,POSITIVE_LENGTH_MEASURE(0.1),#11057);
#12608 = DRAUGHTING_PRE_DEFINED_CURVE_FONT('continuous');
#12609 = OVER_RIDING_STYLED_ITEM('overriding color',(#12610),#8046,
  #11050);
#12610 = PRESENTATION_STYLE_ASSIGNMENT((#12611,#12616));
#12611 = SURFACE_STYLE_USAGE(.BOTH.,#12612);
#12612 = SURFACE_SIDE_STYLE('',(#12613));
#12613 = SURFACE_STYLE_FILL_AREA(#12614);
#12614 = FILL_AREA_STYLE('',(#12615));
#12615 = FILL_AREA_STYLE_COLOUR('',#11057);
#12616 = CURVE_STYLE('',#12617,POSITIVE_LENGTH_MEASURE(0.1),#11057);
#12617 = DRAUGHTING_PRE_DEFINED_CURVE_FONT('continuous');
#12618 = OVER_RIDING_STYLED_ITEM('overriding color',(#12619),#8075,
  #11050);
#12619 = PRESENTATION_STYLE_ASSIGNMENT((#12620,#12625));
#12620 = SURFACE_STYLE_USAGE(.BOTH.,#12621);
#12621 = SURFACE_SIDE_STYLE('',(#12622));
#12622 = SURFACE_STYLE_FILL_AREA(#12623);
#12623 = FILL_AREA_STYLE('',(#12624));
#12624 = FILL_AREA_STYLE_COLOUR('',#11057);
#12625 = CURVE_STYLE('',#12626,POSITIVE_LENGTH_MEASURE(0.1),#11057);
#12626 = DRAUGHTING_PRE_DEFINED_CURVE_FONT('continuous');
#12627 = OVER_RIDING_STYLED_ITEM('overriding color',(#12628),#8099,
  #11050);
#12628 = PRESENTATION_STYLE_ASSIGNMENT((#12629,#12634));
#12629 = SURFACE_STYLE_USAGE(.BOTH.,#12630);
#12630 = SURFACE_SIDE_STYLE('',(#12631));
#12631 = SURFACE_STYLE_FILL_AREA(#12632);
#12632 = FILL_AREA_STYLE('',(#12633));
#12633 = FILL_AREA_STYLE_COLOUR('',#11057);
#12634 = CURVE_STYLE('',#12635,POSITIVE_LENGTH_MEASURE(0.1),#11057);
#12635 = DRAUGHTING_PRE_DEFINED_CURVE_FONT('continuous');
#12636 = OVER_RIDING_STYLED_ITEM('overriding color',(#12637),#8128,
  #11050);
#12637 = PRESENTATION_STYLE_ASSIGNMENT((#12638,#12643));
#12638 = SURFACE_STYLE_USAGE(.BOTH.,#12639);
#12639 = SURFACE_SIDE_STYLE('',(#12640));
#12640 = SURFACE_STYLE_FILL_AREA(#12641);
#12641 = FILL_AREA_STYLE('',(#12642));
#12642 = FILL_AREA_STYLE_COLOUR('',#11057);
#12643 = CURVE_STYLE('',#12644,POSITIVE_LENGTH_MEASURE(0.1),#11057);
#12644 = DRAUGHTING_PRE_DEFINED_CURVE_FONT('continuous');
#12645 = OVER_RIDING_STYLED_ITEM('overriding color',(#12646),#8157,
  #11050);
#12646 = PRESENTATION_STYLE_ASSIGNMENT((#12647,#12652));
#12647 = SURFACE_STYLE_USAGE(.BOTH.,#12648);
#12648 = SURFACE_SIDE_STYLE('',(#12649));
#12649 = SURFACE_STYLE_FILL_AREA(#12650);
#12650 = FILL_AREA_STYLE('',(#12651));
#12651 = FILL_AREA_STYLE_COLOUR('',#11057);
#12652 = CURVE_STYLE('',#12653,POSITIVE_LENGTH_MEASURE(0.1),#11057);
#12653 = DRAUGHTING_PRE_DEFINED_CURVE_FONT('continuous');
#12654 = OVER_RIDING_STYLED_ITEM('overriding color',(#12655),#8186,
  #11050);
#12655 = PRESENTATION_STYLE_ASSIGNMENT((#12656,#12661));
#12656 = SURFACE_STYLE_USAGE(.BOTH.,#12657);
#12657 = SURFACE_SIDE_STYLE('',(#12658));
#12658 = SURFACE_STYLE_FILL_AREA(#12659);
#12659 = FILL_AREA_STYLE('',(#12660));
#12660 = FILL_AREA_STYLE_COLOUR('',#11057);
#12661 = CURVE_STYLE('',#12662,POSITIVE_LENGTH_MEASURE(0.1),#11057);
#12662 = DRAUGHTING_PRE_DEFINED_CURVE_FONT('continuous');
#12663 = OVER_RIDING_STYLED_ITEM('overriding color',(#12664),#8215,
  #11050);
#12664 = PRESENTATION_STYLE_ASSIGNMENT((#12665,#12670));
#12665 = SURFACE_STYLE_USAGE(.BOTH.,#12666);
#12666 = SURFACE_SIDE_STYLE('',(#12667));
#12667 = SURFACE_STYLE_FILL_AREA(#12668);
#12668 = FILL_AREA_STYLE('',(#12669));
#12669 = FILL_AREA_STYLE_COLOUR('',#11057);
#12670 = CURVE_STYLE('',#12671,POSITIVE_LENGTH_MEASURE(0.1),#11057);
#12671 = DRAUGHTING_PRE_DEFINED_CURVE_FONT('continuous');
#12672 = OVER_RIDING_STYLED_ITEM('overriding color',(#12673),#8244,
  #11050);
#12673 = PRESENTATION_STYLE_ASSIGNMENT((#12674,#12679));
#12674 = SURFACE_STYLE_USAGE(.BOTH.,#12675);
#12675 = SURFACE_SIDE_STYLE('',(#12676));
#12676 = SURFACE_STYLE_FILL_AREA(#12677);
#12677 = FILL_AREA_STYLE('',(#12678));
#12678 = FILL_AREA_STYLE_COLOUR('',#11057);
#12679 = CURVE_STYLE('',#12680,POSITIVE_LENGTH_MEASURE(0.1),#11057);
#12680 = DRAUGHTING_PRE_DEFINED_CURVE_FONT('continuous');
#12681 = OVER_RIDING_STYLED_ITEM('overriding color',(#12682),#8273,
  #11050);
#12682 = PRESENTATION_STYLE_ASSIGNMENT((#12683,#12688));
#12683 = SURFACE_STYLE_USAGE(.BOTH.,#12684);
#12684 = SURFACE_SIDE_STYLE('',(#12685));
#12685 = SURFACE_STYLE_FILL_AREA(#12686);
#12686 = FILL_AREA_STYLE('',(#12687));
#12687 = FILL_AREA_STYLE_COLOUR('',#11057);
#12688 = CURVE_STYLE('',#12689,POSITIVE_LENGTH_MEASURE(0.1),#11057);
#12689 = DRAUGHTING_PRE_DEFINED_CURVE_FONT('continuous');
#12690 = OVER_RIDING_STYLED_ITEM('overriding color',(#12691),#8302,
  #11050);
#12691 = PRESENTATION_STYLE_ASSIGNMENT((#12692,#12697));
#12692 = SURFACE_STYLE_USAGE(.BOTH.,#12693);
#12693 = SURFACE_SIDE_STYLE('',(#12694));
#12694 = SURFACE_STYLE_FILL_AREA(#12695);
#12695 = FILL_AREA_STYLE('',(#12696));
#12696 = FILL_AREA_STYLE_COLOUR('',#11057);
#12697 = CURVE_STYLE('',#12698,POSITIVE_LENGTH_MEASURE(0.1),#11057);
#12698 = DRAUGHTING_PRE_DEFINED_CURVE_FONT('continuous');
#12699 = OVER_RIDING_STYLED_ITEM('overriding color',(#12700),#8324,
  #11050);
#12700 = PRESENTATION_STYLE_ASSIGNMENT((#12701,#12706));
#12701 = SURFACE_STYLE_USAGE(.BOTH.,#12702);
#12702 = SURFACE_SIDE_STYLE('',(#12703));
#12703 = SURFACE_STYLE_FILL_AREA(#12704);
#12704 = FILL_AREA_STYLE('',(#12705));
#12705 = FILL_AREA_STYLE_COLOUR('',#11057);
#12706 = CURVE_STYLE('',#12707,POSITIVE_LENGTH_MEASURE(0.1),#11057);
#12707 = DRAUGHTING_PRE_DEFINED_CURVE_FONT('continuous');
#12708 = OVER_RIDING_STYLED_ITEM('overriding color',(#12709),#8353,
  #11050);
#12709 = PRESENTATION_STYLE_ASSIGNMENT((#12710,#12715));
#12710 = SURFACE_STYLE_USAGE(.BOTH.,#12711);
#12711 = SURFACE_SIDE_STYLE('',(#12712));
#12712 = SURFACE_STYLE_FILL_AREA(#12713);
#12713 = FILL_AREA_STYLE('',(#12714));
#12714 = FILL_AREA_STYLE_COLOUR('',#11057);
#12715 = CURVE_STYLE('',#12716,POSITIVE_LENGTH_MEASURE(0.1),#11057);
#12716 = DRAUGHTING_PRE_DEFINED_CURVE_FONT('continuous');
#12717 = OVER_RIDING_STYLED_ITEM('overriding color',(#12718),#8384,
  #11050);
#12718 = PRESENTATION_STYLE_ASSIGNMENT((#12719,#12724));
#12719 = SURFACE_STYLE_USAGE(.BOTH.,#12720);
#12720 = SURFACE_SIDE_STYLE('',(#12721));
#12721 = SURFACE_STYLE_FILL_AREA(#12722);
#12722 = FILL_AREA_STYLE('',(#12723));
#12723 = FILL_AREA_STYLE_COLOUR('',#11057);
#12724 = CURVE_STYLE('',#12725,POSITIVE_LENGTH_MEASURE(0.1),#11057);
#12725 = DRAUGHTING_PRE_DEFINED_CURVE_FONT('continuous');
#12726 = OVER_RIDING_STYLED_ITEM('overriding color',(#12727),#8408,
  #11050);
#12727 = PRESENTATION_STYLE_ASSIGNMENT((#12728,#12733));
#12728 = SURFACE_STYLE_USAGE(.BOTH.,#12729);
#12729 = SURFACE_SIDE_STYLE('',(#12730));
#12730 = SURFACE_STYLE_FILL_AREA(#12731);
#12731 = FILL_AREA_STYLE('',(#12732));
#12732 = FILL_AREA_STYLE_COLOUR('',#11057);
#12733 = CURVE_STYLE('',#12734,POSITIVE_LENGTH_MEASURE(0.1),#11057);
#12734 = DRAUGHTING_PRE_DEFINED_CURVE_FONT('continuous');
#12735 = OVER_RIDING_STYLED_ITEM('overriding color',(#12736),#8437,
  #11050);
#12736 = PRESENTATION_STYLE_ASSIGNMENT((#12737,#12742));
#12737 = SURFACE_STYLE_USAGE(.BOTH.,#12738);
#12738 = SURFACE_SIDE_STYLE('',(#12739));
#12739 = SURFACE_STYLE_FILL_AREA(#12740);
#12740 = FILL_AREA_STYLE('',(#12741));
#12741 = FILL_AREA_STYLE_COLOUR('',#11057);
#12742 = CURVE_STYLE('',#12743,POSITIVE_LENGTH_MEASURE(0.1),#11057);
#12743 = DRAUGHTING_PRE_DEFINED_CURVE_FONT('continuous');
#12744 = OVER_RIDING_STYLED_ITEM('overriding color',(#12745),#8461,
  #11050);
#12745 = PRESENTATION_STYLE_ASSIGNMENT((#12746,#12751));
#12746 = SURFACE_STYLE_USAGE(.BOTH.,#12747);
#12747 = SURFACE_SIDE_STYLE('',(#12748));
#12748 = SURFACE_STYLE_FILL_AREA(#12749);
#12749 = FILL_AREA_STYLE('',(#12750));
#12750 = FILL_AREA_STYLE_COLOUR('',#11057);
#12751 = CURVE_STYLE('',#12752,POSITIVE_LENGTH_MEASURE(0.1),#11057);
#12752 = DRAUGHTING_PRE_DEFINED_CURVE_FONT('continuous');
#12753 = OVER_RIDING_STYLED_ITEM('overriding color',(#12754),#8485,
  #11050);
#12754 = PRESENTATION_STYLE_ASSIGNMENT((#12755,#12760));
#12755 = SURFACE_STYLE_USAGE(.BOTH.,#12756);
#12756 = SURFACE_SIDE_STYLE('',(#12757));
#12757 = SURFACE_STYLE_FILL_AREA(#12758);
#12758 = FILL_AREA_STYLE('',(#12759));
#12759 = FILL_AREA_STYLE_COLOUR('',#11057);
#12760 = CURVE_STYLE('',#12761,POSITIVE_LENGTH_MEASURE(0.1),#11057);
#12761 = DRAUGHTING_PRE_DEFINED_CURVE_FONT('continuous');
#12762 = OVER_RIDING_STYLED_ITEM('overriding color',(#12763),#8509,
  #11050);
#12763 = PRESENTATION_STYLE_ASSIGNMENT((#12764,#12769));
#12764 = SURFACE_STYLE_USAGE(.BOTH.,#12765);
#12765 = SURFACE_SIDE_STYLE('',(#12766));
#12766 = SURFACE_STYLE_FILL_AREA(#12767);
#12767 = FILL_AREA_STYLE('',(#12768));
#12768 = FILL_AREA_STYLE_COLOUR('',#11057);
#12769 = CURVE_STYLE('',#12770,POSITIVE_LENGTH_MEASURE(0.1),#11057);
#12770 = DRAUGHTING_PRE_DEFINED_CURVE_FONT('continuous');
#12771 = OVER_RIDING_STYLED_ITEM('overriding color',(#12772),#8533,
  #11050);
#12772 = PRESENTATION_STYLE_ASSIGNMENT((#12773,#12778));
#12773 = SURFACE_STYLE_USAGE(.BOTH.,#12774);
#12774 = SURFACE_SIDE_STYLE('',(#12775));
#12775 = SURFACE_STYLE_FILL_AREA(#12776);
#12776 = FILL_AREA_STYLE('',(#12777));
#12777 = FILL_AREA_STYLE_COLOUR('',#11057);
#12778 = CURVE_STYLE('',#12779,POSITIVE_LENGTH_MEASURE(0.1),#11057);
#12779 = DRAUGHTING_PRE_DEFINED_CURVE_FONT('continuous');
#12780 = OVER_RIDING_STYLED_ITEM('overriding color',(#12781),#8557,
  #11050);
#12781 = PRESENTATION_STYLE_ASSIGNMENT((#12782,#12787));
#12782 = SURFACE_STYLE_USAGE(.BOTH.,#12783);
#12783 = SURFACE_SIDE_STYLE('',(#12784));
#12784 = SURFACE_STYLE_FILL_AREA(#12785);
#12785 = FILL_AREA_STYLE('',(#12786));
#12786 = FILL_AREA_STYLE_COLOUR('',#11057);
#12787 = CURVE_STYLE('',#12788,POSITIVE_LENGTH_MEASURE(0.1),#11057);
#12788 = DRAUGHTING_PRE_DEFINED_CURVE_FONT('continuous');
#12789 = OVER_RIDING_STYLED_ITEM('overriding color',(#12790),#8581,
  #11050);
#12790 = PRESENTATION_STYLE_ASSIGNMENT((#12791,#12796));
#12791 = SURFACE_STYLE_USAGE(.BOTH.,#12792);
#12792 = SURFACE_SIDE_STYLE('',(#12793));
#12793 = SURFACE_STYLE_FILL_AREA(#12794);
#12794 = FILL_AREA_STYLE('',(#12795));
#12795 = FILL_AREA_STYLE_COLOUR('',#11057);
#12796 = CURVE_STYLE('',#12797,POSITIVE_LENGTH_MEASURE(0.1),#11057);
#12797 = DRAUGHTING_PRE_DEFINED_CURVE_FONT('continuous');
#12798 = OVER_RIDING_STYLED_ITEM('overriding color',(#12799),#8610,
  #11050);
#12799 = PRESENTATION_STYLE_ASSIGNMENT((#12800,#12805));
#12800 = SURFACE_STYLE_USAGE(.BOTH.,#12801);
#12801 = SURFACE_SIDE_STYLE('',(#12802));
#12802 = SURFACE_STYLE_FILL_AREA(#12803);
#12803 = FILL_AREA_STYLE('',(#12804));
#12804 = FILL_AREA_STYLE_COLOUR('',#11057);
#12805 = CURVE_STYLE('',#12806,POSITIVE_LENGTH_MEASURE(0.1),#11057);
#12806 = DRAUGHTING_PRE_DEFINED_CURVE_FONT('continuous');
#12807 = OVER_RIDING_STYLED_ITEM('overriding color',(#12808),#8639,
  #11050);
#12808 = PRESENTATION_STYLE_ASSIGNMENT((#12809,#12814));
#12809 = SURFACE_STYLE_USAGE(.BOTH.,#12810);
#12810 = SURFACE_SIDE_STYLE('',(#12811));
#12811 = SURFACE_STYLE_FILL_AREA(#12812);
#12812 = FILL_AREA_STYLE('',(#12813));
#12813 = FILL_AREA_STYLE_COLOUR('',#11057);
#12814 = CURVE_STYLE('',#12815,POSITIVE_LENGTH_MEASURE(0.1),#11057);
#12815 = DRAUGHTING_PRE_DEFINED_CURVE_FONT('continuous');
#12816 = OVER_RIDING_STYLED_ITEM('overriding color',(#12817),#8663,
  #11050);
#12817 = PRESENTATION_STYLE_ASSIGNMENT((#12818,#12823));
#12818 = SURFACE_STYLE_USAGE(.BOTH.,#12819);
#12819 = SURFACE_SIDE_STYLE('',(#12820));
#12820 = SURFACE_STYLE_FILL_AREA(#12821);
#12821 = FILL_AREA_STYLE('',(#12822));
#12822 = FILL_AREA_STYLE_COLOUR('',#11057);
#12823 = CURVE_STYLE('',#12824,POSITIVE_LENGTH_MEASURE(0.1),#11057);
#12824 = DRAUGHTING_PRE_DEFINED_CURVE_FONT('continuous');
#12825 = OVER_RIDING_STYLED_ITEM('overriding color',(#12826),#8692,
  #11050);
#12826 = PRESENTATION_STYLE_ASSIGNMENT((#12827,#12832));
#12827 = SURFACE_STYLE_USAGE(.BOTH.,#12828);
#12828 = SURFACE_SIDE_STYLE('',(#12829));
#12829 = SURFACE_STYLE_FILL_AREA(#12830);
#12830 = FILL_AREA_STYLE('',(#12831));
#12831 = FILL_AREA_STYLE_COLOUR('',#11057);
#12832 = CURVE_STYLE('',#12833,POSITIVE_LENGTH_MEASURE(0.1),#11057);
#12833 = DRAUGHTING_PRE_DEFINED_CURVE_FONT('continuous');
#12834 = OVER_RIDING_STYLED_ITEM('overriding color',(#12835),#8721,
  #11050);
#12835 = PRESENTATION_STYLE_ASSIGNMENT((#12836,#12841));
#12836 = SURFACE_STYLE_USAGE(.BOTH.,#12837);
#12837 = SURFACE_SIDE_STYLE('',(#12838));
#12838 = SURFACE_STYLE_FILL_AREA(#12839);
#12839 = FILL_AREA_STYLE('',(#12840));
#12840 = FILL_AREA_STYLE_COLOUR('',#11057);
#12841 = CURVE_STYLE('',#12842,POSITIVE_LENGTH_MEASURE(0.1),#11057);
#12842 = DRAUGHTING_PRE_DEFINED_CURVE_FONT('continuous');
#12843 = OVER_RIDING_STYLED_ITEM('overriding color',(#12844),#8738,
  #11050);
#12844 = PRESENTATION_STYLE_ASSIGNMENT((#12845,#12850));
#12845 = SURFACE_STYLE_USAGE(.BOTH.,#12846);
#12846 = SURFACE_SIDE_STYLE('',(#12847));
#12847 = SURFACE_STYLE_FILL_AREA(#12848);
#12848 = FILL_AREA_STYLE('',(#12849));
#12849 = FILL_AREA_STYLE_COLOUR('',#11057);
#12850 = CURVE_STYLE('',#12851,POSITIVE_LENGTH_MEASURE(0.1),#11057);
#12851 = DRAUGHTING_PRE_DEFINED_CURVE_FONT('continuous');
#12852 = OVER_RIDING_STYLED_ITEM('overriding color',(#12853),#8761,
  #11050);
#12853 = PRESENTATION_STYLE_ASSIGNMENT((#12854,#12859));
#12854 = SURFACE_STYLE_USAGE(.BOTH.,#12855);
#12855 = SURFACE_SIDE_STYLE('',(#12856));
#12856 = SURFACE_STYLE_FILL_AREA(#12857);
#12857 = FILL_AREA_STYLE('',(#12858));
#12858 = FILL_AREA_STYLE_COLOUR('',#11057);
#12859 = CURVE_STYLE('',#12860,POSITIVE_LENGTH_MEASURE(0.1),#11057);
#12860 = DRAUGHTING_PRE_DEFINED_CURVE_FONT('continuous');
#12861 = OVER_RIDING_STYLED_ITEM('overriding color',(#12862),#8792,
  #11050);
#12862 = PRESENTATION_STYLE_ASSIGNMENT((#12863,#12868));
#12863 = SURFACE_STYLE_USAGE(.BOTH.,#12864);
#12864 = SURFACE_SIDE_STYLE('',(#12865));
#12865 = SURFACE_STYLE_FILL_AREA(#12866);
#12866 = FILL_AREA_STYLE('',(#12867));
#12867 = FILL_AREA_STYLE_COLOUR('',#11057);
#12868 = CURVE_STYLE('',#12869,POSITIVE_LENGTH_MEASURE(0.1),#11057);
#12869 = DRAUGHTING_PRE_DEFINED_CURVE_FONT('continuous');
#12870 = OVER_RIDING_STYLED_ITEM('overriding color',(#12871),#8816,
  #11050);
#12871 = PRESENTATION_STYLE_ASSIGNMENT((#12872,#12877));
#12872 = SURFACE_STYLE_USAGE(.BOTH.,#12873);
#12873 = SURFACE_SIDE_STYLE('',(#12874));
#12874 = SURFACE_STYLE_FILL_AREA(#12875);
#12875 = FILL_AREA_STYLE('',(#12876));
#12876 = FILL_AREA_STYLE_COLOUR('',#11057);
#12877 = CURVE_STYLE('',#12878,POSITIVE_LENGTH_MEASURE(0.1),#11057);
#12878 = DRAUGHTING_PRE_DEFINED_CURVE_FONT('continuous');
#12879 = OVER_RIDING_STYLED_ITEM('overriding color',(#12880),#8840,
  #11050);
#12880 = PRESENTATION_STYLE_ASSIGNMENT((#12881,#12886));
#12881 = SURFACE_STYLE_USAGE(.BOTH.,#12882);
#12882 = SURFACE_SIDE_STYLE('',(#12883));
#12883 = SURFACE_STYLE_FILL_AREA(#12884);
#12884 = FILL_AREA_STYLE('',(#12885));
#12885 = FILL_AREA_STYLE_COLOUR('',#11057);
#12886 = CURVE_STYLE('',#12887,POSITIVE_LENGTH_MEASURE(0.1),#11057);
#12887 = DRAUGHTING_PRE_DEFINED_CURVE_FONT('continuous');
#12888 = OVER_RIDING_STYLED_ITEM('overriding color',(#12889),#8864,
  #11050);
#12889 = PRESENTATION_STYLE_ASSIGNMENT((#12890,#12895));
#12890 = SURFACE_STYLE_USAGE(.BOTH.,#12891);
#12891 = SURFACE_SIDE_STYLE('',(#12892));
#12892 = SURFACE_STYLE_FILL_AREA(#12893);
#12893 = FILL_AREA_STYLE('',(#12894));
#12894 = FILL_AREA_STYLE_COLOUR('',#11057);
#12895 = CURVE_STYLE('',#12896,POSITIVE_LENGTH_MEASURE(0.1),#11057);
#12896 = DRAUGHTING_PRE_DEFINED_CURVE_FONT('continuous');
#12897 = OVER_RIDING_STYLED_ITEM('overriding color',(#12898),#8888,
  #11050);
#12898 = PRESENTATION_STYLE_ASSIGNMENT((#12899,#12904));
#12899 = SURFACE_STYLE_USAGE(.BOTH.,#12900);
#12900 = SURFACE_SIDE_STYLE('',(#12901));
#12901 = SURFACE_STYLE_FILL_AREA(#12902);
#12902 = FILL_AREA_STYLE('',(#12903));
#12903 = FILL_AREA_STYLE_COLOUR('',#11057);
#12904 = CURVE_STYLE('',#12905,POSITIVE_LENGTH_MEASURE(0.1),#11057);
#12905 = DRAUGHTING_PRE_DEFINED_CURVE_FONT('continuous');
#12906 = OVER_RIDING_STYLED_ITEM('overriding color',(#12907),#8912,
  #11050);
#12907 = PRESENTATION_STYLE_ASSIGNMENT((#12908,#12913));
#12908 = SURFACE_STYLE_USAGE(.BOTH.,#12909);
#12909 = SURFACE_SIDE_STYLE('',(#12910));
#12910 = SURFACE_STYLE_FILL_AREA(#12911);
#12911 = FILL_AREA_STYLE('',(#12912));
#12912 = FILL_AREA_STYLE_COLOUR('',#11057);
#12913 = CURVE_STYLE('',#12914,POSITIVE_LENGTH_MEASURE(0.1),#11057);
#12914 = DRAUGHTING_PRE_DEFINED_CURVE_FONT('continuous');
#12915 = OVER_RIDING_STYLED_ITEM('overriding color',(#12916),#8936,
  #11050);
#12916 = PRESENTATION_STYLE_ASSIGNMENT((#12917,#12922));
#12917 = SURFACE_STYLE_USAGE(.BOTH.,#12918);
#12918 = SURFACE_SIDE_STYLE('',(#12919));
#12919 = SURFACE_STYLE_FILL_AREA(#12920);
#12920 = FILL_AREA_STYLE('',(#12921));
#12921 = FILL_AREA_STYLE_COLOUR('',#11057);
#12922 = CURVE_STYLE('',#12923,POSITIVE_LENGTH_MEASURE(0.1),#11057);
#12923 = DRAUGHTING_PRE_DEFINED_CURVE_FONT('continuous');
#12924 = OVER_RIDING_STYLED_ITEM('overriding color',(#12925),#8960,
  #11050);
#12925 = PRESENTATION_STYLE_ASSIGNMENT((#12926,#12931));
#12926 = SURFACE_STYLE_USAGE(.BOTH.,#12927);
#12927 = SURFACE_SIDE_STYLE('',(#12928));
#12928 = SURFACE_STYLE_FILL_AREA(#12929);
#12929 = FILL_AREA_STYLE('',(#12930));
#12930 = FILL_AREA_STYLE_COLOUR('',#11057);
#12931 = CURVE_STYLE('',#12932,POSITIVE_LENGTH_MEASURE(0.1),#11057);
#12932 = DRAUGHTING_PRE_DEFINED_CURVE_FONT('continuous');
#12933 = OVER_RIDING_STYLED_ITEM('overriding color',(#12934),#8984,
  #11050);
#12934 = PRESENTATION_STYLE_ASSIGNMENT((#12935,#12940));
#12935 = SURFACE_STYLE_USAGE(.BOTH.,#12936);
#12936 = SURFACE_SIDE_STYLE('',(#12937));
#12937 = SURFACE_STYLE_FILL_AREA(#12938);
#12938 = FILL_AREA_STYLE('',(#12939));
#12939 = FILL_AREA_STYLE_COLOUR('',#11057);
#12940 = CURVE_STYLE('',#12941,POSITIVE_LENGTH_MEASURE(0.1),#11057);
#12941 = DRAUGHTING_PRE_DEFINED_CURVE_FONT('continuous');
#12942 = OVER_RIDING_STYLED_ITEM('overriding color',(#12943),#9008,
  #11050);
#12943 = PRESENTATION_STYLE_ASSIGNMENT((#12944,#12949));
#12944 = SURFACE_STYLE_USAGE(.BOTH.,#12945);
#12945 = SURFACE_SIDE_STYLE('',(#12946));
#12946 = SURFACE_STYLE_FILL_AREA(#12947);
#12947 = FILL_AREA_STYLE('',(#12948));
#12948 = FILL_AREA_STYLE_COLOUR('',#11057);
#12949 = CURVE_STYLE('',#12950,POSITIVE_LENGTH_MEASURE(0.1),#11057);
#12950 = DRAUGHTING_PRE_DEFINED_CURVE_FONT('continuous');
#12951 = OVER_RIDING_STYLED_ITEM('overriding color',(#12952),#9032,
  #11050);
#12952 = PRESENTATION_STYLE_ASSIGNMENT((#12953,#12958));
#12953 = SURFACE_STYLE_USAGE(.BOTH.,#12954);
#12954 = SURFACE_SIDE_STYLE('',(#12955));
#12955 = SURFACE_STYLE_FILL_AREA(#12956);
#12956 = FILL_AREA_STYLE('',(#12957));
#12957 = FILL_AREA_STYLE_COLOUR('',#11057);
#12958 = CURVE_STYLE('',#12959,POSITIVE_LENGTH_MEASURE(0.1),#11057);
#12959 = DRAUGHTING_PRE_DEFINED_CURVE_FONT('continuous');
#12960 = OVER_RIDING_STYLED_ITEM('overriding color',(#12961),#9049,
  #11050);
#12961 = PRESENTATION_STYLE_ASSIGNMENT((#12962,#12967));
#12962 = SURFACE_STYLE_USAGE(.BOTH.,#12963);
#12963 = SURFACE_SIDE_STYLE('',(#12964));
#12964 = SURFACE_STYLE_FILL_AREA(#12965);
#12965 = FILL_AREA_STYLE('',(#12966));
#12966 = FILL_AREA_STYLE_COLOUR('',#11057);
#12967 = CURVE_STYLE('',#12968,POSITIVE_LENGTH_MEASURE(0.1),#11057);
#12968 = DRAUGHTING_PRE_DEFINED_CURVE_FONT('continuous');
#12969 = OVER_RIDING_STYLED_ITEM('overriding color',(#12970),#9069,
  #11050);
#12970 = PRESENTATION_STYLE_ASSIGNMENT((#12971,#12976));
#12971 = SURFACE_STYLE_USAGE(.BOTH.,#12972);
#12972 = SURFACE_SIDE_STYLE('',(#12973));
#12973 = SURFACE_STYLE_FILL_AREA(#12974);
#12974 = FILL_AREA_STYLE('',(#12975));
#12975 = FILL_AREA_STYLE_COLOUR('',#11057);
#12976 = CURVE_STYLE('',#12977,POSITIVE_LENGTH_MEASURE(0.1),#11057);
#12977 = DRAUGHTING_PRE_DEFINED_CURVE_FONT('continuous');
#12978 = OVER_RIDING_STYLED_ITEM('overriding color',(#12979),#9199,
  #11050);
#12979 = PRESENTATION_STYLE_ASSIGNMENT((#12980,#12985));
#12980 = SURFACE_STYLE_USAGE(.BOTH.,#12981);
#12981 = SURFACE_SIDE_STYLE('',(#12982));
#12982 = SURFACE_STYLE_FILL_AREA(#12983);
#12983 = FILL_AREA_STYLE('',(#12984));
#12984 = FILL_AREA_STYLE_COLOUR('',#11057);
#12985 = CURVE_STYLE('',#12986,POSITIVE_LENGTH_MEASURE(0.1),#11057);
#12986 = DRAUGHTING_PRE_DEFINED_CURVE_FONT('continuous');
#12987 = OVER_RIDING_STYLED_ITEM('overriding color',(#12988),#9221,
  #11050);
#12988 = PRESENTATION_STYLE_ASSIGNMENT((#12989,#12994));
#12989 = SURFACE_STYLE_USAGE(.BOTH.,#12990);
#12990 = SURFACE_SIDE_STYLE('',(#12991));
#12991 = SURFACE_STYLE_FILL_AREA(#12992);
#12992 = FILL_AREA_STYLE('',(#12993));
#12993 = FILL_AREA_STYLE_COLOUR('',#11057);
#12994 = CURVE_STYLE('',#12995,POSITIVE_LENGTH_MEASURE(0.1),#11057);
#12995 = DRAUGHTING_PRE_DEFINED_CURVE_FONT('continuous');
#12996 = OVER_RIDING_STYLED_ITEM('overriding color',(#12997),#9242,
  #11050);
#12997 = PRESENTATION_STYLE_ASSIGNMENT((#12998,#13003));
#12998 = SURFACE_STYLE_USAGE(.BOTH.,#12999);
#12999 = SURFACE_SIDE_STYLE('',(#13000));
#13000 = SURFACE_STYLE_FILL_AREA(#13001);
#13001 = FILL_AREA_STYLE('',(#13002));
#13002 = FILL_AREA_STYLE_COLOUR('',#11057);
#13003 = CURVE_STYLE('',#13004,POSITIVE_LENGTH_MEASURE(0.1),#11057);
#13004 = DRAUGHTING_PRE_DEFINED_CURVE_FONT('continuous');
#13005 = OVER_RIDING_STYLED_ITEM('overriding color',(#13006),#9263,
  #11050);
#13006 = PRESENTATION_STYLE_ASSIGNMENT((#13007,#13012));
#13007 = SURFACE_STYLE_USAGE(.BOTH.,#13008);
#13008 = SURFACE_SIDE_STYLE('',(#13009));
#13009 = SURFACE_STYLE_FILL_AREA(#13010);
#13010 = FILL_AREA_STYLE('',(#13011));
#13011 = FILL_AREA_STYLE_COLOUR('',#11057);
#13012 = CURVE_STYLE('',#13013,POSITIVE_LENGTH_MEASURE(0.1),#11057);
#13013 = DRAUGHTING_PRE_DEFINED_CURVE_FONT('continuous');
#13014 = OVER_RIDING_STYLED_ITEM('overriding color',(#13015),#9284,
  #11050);
#13015 = PRESENTATION_STYLE_ASSIGNMENT((#13016,#13021));
#13016 = SURFACE_STYLE_USAGE(.BOTH.,#13017);
#13017 = SURFACE_SIDE_STYLE('',(#13018));
#13018 = SURFACE_STYLE_FILL_AREA(#13019);
#13019 = FILL_AREA_STYLE('',(#13020));
#13020 = FILL_AREA_STYLE_COLOUR('',#11057);
#13021 = CURVE_STYLE('',#13022,POSITIVE_LENGTH_MEASURE(0.1),#11057);
#13022 = DRAUGHTING_PRE_DEFINED_CURVE_FONT('continuous');
#13023 = OVER_RIDING_STYLED_ITEM('overriding color',(#13024),#9305,
  #11050);
#13024 = PRESENTATION_STYLE_ASSIGNMENT((#13025,#13030));
#13025 = SURFACE_STYLE_USAGE(.BOTH.,#13026);
#13026 = SURFACE_SIDE_STYLE('',(#13027));
#13027 = SURFACE_STYLE_FILL_AREA(#13028);
#13028 = FILL_AREA_STYLE('',(#13029));
#13029 = FILL_AREA_STYLE_COLOUR('',#11057);
#13030 = CURVE_STYLE('',#13031,POSITIVE_LENGTH_MEASURE(0.1),#11057);
#13031 = DRAUGHTING_PRE_DEFINED_CURVE_FONT('continuous');
#13032 = OVER_RIDING_STYLED_ITEM('overriding color',(#13033),#9322,
  #11050);
#13033 = PRESENTATION_STYLE_ASSIGNMENT((#13034,#13039));
#13034 = SURFACE_STYLE_USAGE(.BOTH.,#13035);
#13035 = SURFACE_SIDE_STYLE('',(#13036));
#13036 = SURFACE_STYLE_FILL_AREA(#13037);
#13037 = FILL_AREA_STYLE('',(#13038));
#13038 = FILL_AREA_STYLE_COLOUR('',#11057);
#13039 = CURVE_STYLE('',#13040,POSITIVE_LENGTH_MEASURE(0.1),#11057);
#13040 = DRAUGHTING_PRE_DEFINED_CURVE_FONT('continuous');
#13041 = OVER_RIDING_STYLED_ITEM('overriding color',(#13042),#9334,
  #11050);
#13042 = PRESENTATION_STYLE_ASSIGNMENT((#13043,#13048));
#13043 = SURFACE_STYLE_USAGE(.BOTH.,#13044);
#13044 = SURFACE_SIDE_STYLE('',(#13045));
#13045 = SURFACE_STYLE_FILL_AREA(#13046);
#13046 = FILL_AREA_STYLE('',(#13047));
#13047 = FILL_AREA_STYLE_COLOUR('',#11057);
#13048 = CURVE_STYLE('',#13049,POSITIVE_LENGTH_MEASURE(0.1),#11057);
#13049 = DRAUGHTING_PRE_DEFINED_CURVE_FONT('continuous');
#13050 = OVER_RIDING_STYLED_ITEM('overriding color',(#13051),#9365,
  #11050);
#13051 = PRESENTATION_STYLE_ASSIGNMENT((#13052,#13057));
#13052 = SURFACE_STYLE_USAGE(.BOTH.,#13053);
#13053 = SURFACE_SIDE_STYLE('',(#13054));
#13054 = SURFACE_STYLE_FILL_AREA(#13055);
#13055 = FILL_AREA_STYLE('',(#13056));
#13056 = FILL_AREA_STYLE_COLOUR('',#11057);
#13057 = CURVE_STYLE('',#13058,POSITIVE_LENGTH_MEASURE(0.1),#11057);
#13058 = DRAUGHTING_PRE_DEFINED_CURVE_FONT('continuous');
#13059 = OVER_RIDING_STYLED_ITEM('overriding color',(#13060),#9389,
  #11050);
#13060 = PRESENTATION_STYLE_ASSIGNMENT((#13061,#13066));
#13061 = SURFACE_STYLE_USAGE(.BOTH.,#13062);
#13062 = SURFACE_SIDE_STYLE('',(#13063));
#13063 = SURFACE_STYLE_FILL_AREA(#13064);
#13064 = FILL_AREA_STYLE('',(#13065));
#13065 = FILL_AREA_STYLE_COLOUR('',#11057);
#13066 = CURVE_STYLE('',#13067,POSITIVE_LENGTH_MEASURE(0.1),#11057);
#13067 = DRAUGHTING_PRE_DEFINED_CURVE_FONT('continuous');
#13068 = OVER_RIDING_STYLED_ITEM('overriding color',(#13069),#9413,
  #11050);
#13069 = PRESENTATION_STYLE_ASSIGNMENT((#13070,#13075));
#13070 = SURFACE_STYLE_USAGE(.BOTH.,#13071);
#13071 = SURFACE_SIDE_STYLE('',(#13072));
#13072 = SURFACE_STYLE_FILL_AREA(#13073);
#13073 = FILL_AREA_STYLE('',(#13074));
#13074 = FILL_AREA_STYLE_COLOUR('',#11057);
#13075 = CURVE_STYLE('',#13076,POSITIVE_LENGTH_MEASURE(0.1),#11057);
#13076 = DRAUGHTING_PRE_DEFINED_CURVE_FONT('continuous');
#13077 = OVER_RIDING_STYLED_ITEM('overriding color',(#13078),#9442,
  #11050);
#13078 = PRESENTATION_STYLE_ASSIGNMENT((#13079,#13084));
#13079 = SURFACE_STYLE_USAGE(.BOTH.,#13080);
#13080 = SURFACE_SIDE_STYLE('',(#13081));
#13081 = SURFACE_STYLE_FILL_AREA(#13082);
#13082 = FILL_AREA_STYLE('',(#13083));
#13083 = FILL_AREA_STYLE_COLOUR('',#11057);
#13084 = CURVE_STYLE('',#13085,POSITIVE_LENGTH_MEASURE(0.1),#11057);
#13085 = DRAUGHTING_PRE_DEFINED_CURVE_FONT('continuous');
#13086 = OVER_RIDING_STYLED_ITEM('overriding color',(#13087),#9471,
  #11050);
#13087 = PRESENTATION_STYLE_ASSIGNMENT((#13088,#13093));
#13088 = SURFACE_STYLE_USAGE(.BOTH.,#13089);
#13089 = SURFACE_SIDE_STYLE('',(#13090));
#13090 = SURFACE_STYLE_FILL_AREA(#13091);
#13091 = FILL_AREA_STYLE('',(#13092));
#13092 = FILL_AREA_STYLE_COLOUR('',#11057);
#13093 = CURVE_STYLE('',#13094,POSITIVE_LENGTH_MEASURE(0.1),#11057);
#13094 = DRAUGHTING_PRE_DEFINED_CURVE_FONT('continuous');
#13095 = OVER_RIDING_STYLED_ITEM('overriding color',(#13096),#9500,
  #11050);
#13096 = PRESENTATION_STYLE_ASSIGNMENT((#13097,#13102));
#13097 = SURFACE_STYLE_USAGE(.BOTH.,#13098);
#13098 = SURFACE_SIDE_STYLE('',(#13099));
#13099 = SURFACE_STYLE_FILL_AREA(#13100);
#13100 = FILL_AREA_STYLE('',(#13101));
#13101 = FILL_AREA_STYLE_COLOUR('',#11057);
#13102 = CURVE_STYLE('',#13103,POSITIVE_LENGTH_MEASURE(0.1),#11057);
#13103 = DRAUGHTING_PRE_DEFINED_CURVE_FONT('continuous');
#13104 = OVER_RIDING_STYLED_ITEM('overriding color',(#13105),#9522,
  #11050);
#13105 = PRESENTATION_STYLE_ASSIGNMENT((#13106,#13111));
#13106 = SURFACE_STYLE_USAGE(.BOTH.,#13107);
#13107 = SURFACE_SIDE_STYLE('',(#13108));
#13108 = SURFACE_STYLE_FILL_AREA(#13109);
#13109 = FILL_AREA_STYLE('',(#13110));
#13110 = FILL_AREA_STYLE_COLOUR('',#11067);
#13111 = CURVE_STYLE('',#13112,POSITIVE_LENGTH_MEASURE(0.1),#11067);
#13112 = DRAUGHTING_PRE_DEFINED_CURVE_FONT('continuous');
#13113 = OVER_RIDING_STYLED_ITEM('overriding color',(#13114),#9537,
  #11050);
#13114 = PRESENTATION_STYLE_ASSIGNMENT((#13115,#13120));
#13115 = SURFACE_STYLE_USAGE(.BOTH.,#13116);
#13116 = SURFACE_SIDE_STYLE('',(#13117));
#13117 = SURFACE_STYLE_FILL_AREA(#13118);
#13118 = FILL_AREA_STYLE('',(#13119));
#13119 = FILL_AREA_STYLE_COLOUR('',#11057);
#13120 = CURVE_STYLE('',#13121,POSITIVE_LENGTH_MEASURE(0.1),#11057);
#13121 = DRAUGHTING_PRE_DEFINED_CURVE_FONT('continuous');
#13122 = OVER_RIDING_STYLED_ITEM('overriding color',(#13123),#9661,
  #11050);
#13123 = PRESENTATION_STYLE_ASSIGNMENT((#13124,#13129));
#13124 = SURFACE_STYLE_USAGE(.BOTH.,#13125);
#13125 = SURFACE_SIDE_STYLE('',(#13126));
#13126 = SURFACE_STYLE_FILL_AREA(#13127);
#13127 = FILL_AREA_STYLE('',(#13128));
#13128 = FILL_AREA_STYLE_COLOUR('',#11057);
#13129 = CURVE_STYLE('',#13130,POSITIVE_LENGTH_MEASURE(0.1),#11057);
#13130 = DRAUGHTING_PRE_DEFINED_CURVE_FONT('continuous');
#13131 = OVER_RIDING_STYLED_ITEM('overriding color',(#13132),#9683,
  #11050);
#13132 = PRESENTATION_STYLE_ASSIGNMENT((#13133,#13138));
#13133 = SURFACE_STYLE_USAGE(.BOTH.,#13134);
#13134 = SURFACE_SIDE_STYLE('',(#13135));
#13135 = SURFACE_STYLE_FILL_AREA(#13136);
#13136 = FILL_AREA_STYLE('',(#13137));
#13137 = FILL_AREA_STYLE_COLOUR('',#11057);
#13138 = CURVE_STYLE('',#13139,POSITIVE_LENGTH_MEASURE(0.1),#11057);
#13139 = DRAUGHTING_PRE_DEFINED_CURVE_FONT('continuous');
#13140 = OVER_RIDING_STYLED_ITEM('overriding color',(#13141),#9700,
  #11050);
#13141 = PRESENTATION_STYLE_ASSIGNMENT((#13142,#13147));
#13142 = SURFACE_STYLE_USAGE(.BOTH.,#13143);
#13143 = SURFACE_SIDE_STYLE('',(#13144));
#13144 = SURFACE_STYLE_FILL_AREA(#13145);
#13145 = FILL_AREA_STYLE('',(#13146));
#13146 = FILL_AREA_STYLE_COLOUR('',#11057);
#13147 = CURVE_STYLE('',#13148,POSITIVE_LENGTH_MEASURE(0.1),#11057);
#13148 = DRAUGHTING_PRE_DEFINED_CURVE_FONT('continuous');
#13149 = OVER_RIDING_STYLED_ITEM('overriding color',(#13150),#9717,
  #11050);
#13150 = PRESENTATION_STYLE_ASSIGNMENT((#13151,#13156));
#13151 = SURFACE_STYLE_USAGE(.BOTH.,#13152);
#13152 = SURFACE_SIDE_STYLE('',(#13153));
#13153 = SURFACE_STYLE_FILL_AREA(#13154);
#13154 = FILL_AREA_STYLE('',(#13155));
#13155 = FILL_AREA_STYLE_COLOUR('',#11057);
#13156 = CURVE_STYLE('',#13157,POSITIVE_LENGTH_MEASURE(0.1),#11057);
#13157 = DRAUGHTING_PRE_DEFINED_CURVE_FONT('continuous');
#13158 = OVER_RIDING_STYLED_ITEM('overriding color',(#13159),#9734,
  #11050);
#13159 = PRESENTATION_STYLE_ASSIGNMENT((#13160,#13165));
#13160 = SURFACE_STYLE_USAGE(.BOTH.,#13161);
#13161 = SURFACE_SIDE_STYLE('',(#13162));
#13162 = SURFACE_STYLE_FILL_AREA(#13163);
#13163 = FILL_AREA_STYLE('',(#13164));
#13164 = FILL_AREA_STYLE_COLOUR('',#11057);
#13165 = CURVE_STYLE('',#13166,POSITIVE_LENGTH_MEASURE(0.1),#11057);
#13166 = DRAUGHTING_PRE_DEFINED_CURVE_FONT('continuous');
#13167 = OVER_RIDING_STYLED_ITEM('overriding color',(#13168),#9751,
  #11050);
#13168 = PRESENTATION_STYLE_ASSIGNMENT((#13169,#13174));
#13169 = SURFACE_STYLE_USAGE(.BOTH.,#13170);
#13170 = SURFACE_SIDE_STYLE('',(#13171));
#13171 = SURFACE_STYLE_FILL_AREA(#13172);
#13172 = FILL_AREA_STYLE('',(#13173));
#13173 = FILL_AREA_STYLE_COLOUR('',#11057);
#13174 = CURVE_STYLE('',#13175,POSITIVE_LENGTH_MEASURE(0.1),#11057);
#13175 = DRAUGHTING_PRE_DEFINED_CURVE_FONT('continuous');
#13176 = OVER_RIDING_STYLED_ITEM('overriding color',(#13177),#9768,
  #11050);
#13177 = PRESENTATION_STYLE_ASSIGNMENT((#13178,#13183));
#13178 = SURFACE_STYLE_USAGE(.BOTH.,#13179);
#13179 = SURFACE_SIDE_STYLE('',(#13180));
#13180 = SURFACE_STYLE_FILL_AREA(#13181);
#13181 = FILL_AREA_STYLE('',(#13182));
#13182 = FILL_AREA_STYLE_COLOUR('',#11057);
#13183 = CURVE_STYLE('',#13184,POSITIVE_LENGTH_MEASURE(0.1),#11057);
#13184 = DRAUGHTING_PRE_DEFINED_CURVE_FONT('continuous');
#13185 = OVER_RIDING_STYLED_ITEM('overriding color',(#13186),#9785,
  #11050);
#13186 = PRESENTATION_STYLE_ASSIGNMENT((#13187,#13192));
#13187 = SURFACE_STYLE_USAGE(.BOTH.,#13188);
#13188 = SURFACE_SIDE_STYLE('',(#13189));
#13189 = SURFACE_STYLE_FILL_AREA(#13190);
#13190 = FILL_AREA_STYLE('',(#13191));
#13191 = FILL_AREA_STYLE_COLOUR('',#11057);
#13192 = CURVE_STYLE('',#13193,POSITIVE_LENGTH_MEASURE(0.1),#11057);
#13193 = DRAUGHTING_PRE_DEFINED_CURVE_FONT('continuous');
#13194 = OVER_RIDING_STYLED_ITEM('overriding color',(#13195),#9797,
  #11050);
#13195 = PRESENTATION_STYLE_ASSIGNMENT((#13196,#13201));
#13196 = SURFACE_STYLE_USAGE(.BOTH.,#13197);
#13197 = SURFACE_SIDE_STYLE('',(#13198));
#13198 = SURFACE_STYLE_FILL_AREA(#13199);
#13199 = FILL_AREA_STYLE('',(#13200));
#13200 = FILL_AREA_STYLE_COLOUR('',#11057);
#13201 = CURVE_STYLE('',#13202,POSITIVE_LENGTH_MEASURE(0.1),#11057);
#13202 = DRAUGHTING_PRE_DEFINED_CURVE_FONT('continuous');
#13203 = OVER_RIDING_STYLED_ITEM('overriding color',(#13204),#9828,
  #11050);
#13204 = PRESENTATION_STYLE_ASSIGNMENT((#13205,#13210));
#13205 = SURFACE_STYLE_USAGE(.BOTH.,#13206);
#13206 = SURFACE_SIDE_STYLE('',(#13207));
#13207 = SURFACE_STYLE_FILL_AREA(#13208);
#13208 = FILL_AREA_STYLE('',(#13209));
#13209 = FILL_AREA_STYLE_COLOUR('',#11057);
#13210 = CURVE_STYLE('',#13211,POSITIVE_LENGTH_MEASURE(0.1),#11057);
#13211 = DRAUGHTING_PRE_DEFINED_CURVE_FONT('continuous');
#13212 = OVER_RIDING_STYLED_ITEM('overriding color',(#13213),#9852,
  #11050);
#13213 = PRESENTATION_STYLE_ASSIGNMENT((#13214,#13219));
#13214 = SURFACE_STYLE_USAGE(.BOTH.,#13215);
#13215 = SURFACE_SIDE_STYLE('',(#13216));
#13216 = SURFACE_STYLE_FILL_AREA(#13217);
#13217 = FILL_AREA_STYLE('',(#13218));
#13218 = FILL_AREA_STYLE_COLOUR('',#11057);
#13219 = CURVE_STYLE('',#13220,POSITIVE_LENGTH_MEASURE(0.1),#11057);
#13220 = DRAUGHTING_PRE_DEFINED_CURVE_FONT('continuous');
#13221 = OVER_RIDING_STYLED_ITEM('overriding color',(#13222),#9881,
  #11050);
#13222 = PRESENTATION_STYLE_ASSIGNMENT((#13223,#13228));
#13223 = SURFACE_STYLE_USAGE(.BOTH.,#13224);
#13224 = SURFACE_SIDE_STYLE('',(#13225));
#13225 = SURFACE_STYLE_FILL_AREA(#13226);
#13226 = FILL_AREA_STYLE('',(#13227));
#13227 = FILL_AREA_STYLE_COLOUR('',#11057);
#13228 = CURVE_STYLE('',#13229,POSITIVE_LENGTH_MEASURE(0.1),#11057);
#13229 = DRAUGHTING_PRE_DEFINED_CURVE_FONT('continuous');
#13230 = OVER_RIDING_STYLED_ITEM('overriding color',(#13231),#9905,
  #11050);
#13231 = PRESENTATION_STYLE_ASSIGNMENT((#13232,#13237));
#13232 = SURFACE_STYLE_USAGE(.BOTH.,#13233);
#13233 = SURFACE_SIDE_STYLE('',(#13234));
#13234 = SURFACE_STYLE_FILL_AREA(#13235);
#13235 = FILL_AREA_STYLE('',(#13236));
#13236 = FILL_AREA_STYLE_COLOUR('',#11057);
#13237 = CURVE_STYLE('',#13238,POSITIVE_LENGTH_MEASURE(0.1),#11057);
#13238 = DRAUGHTING_PRE_DEFINED_CURVE_FONT('continuous');
#13239 = OVER_RIDING_STYLED_ITEM('overriding color',(#13240),#9934,
  #11050);
#13240 = PRESENTATION_STYLE_ASSIGNMENT((#13241,#13246));
#13241 = SURFACE_STYLE_USAGE(.BOTH.,#13242);
#13242 = SURFACE_SIDE_STYLE('',(#13243));
#13243 = SURFACE_STYLE_FILL_AREA(#13244);
#13244 = FILL_AREA_STYLE('',(#13245));
#13245 = FILL_AREA_STYLE_COLOUR('',#11057);
#13246 = CURVE_STYLE('',#13247,POSITIVE_LENGTH_MEASURE(0.1),#11057);
#13247 = DRAUGHTING_PRE_DEFINED_CURVE_FONT('continuous');
#13248 = OVER_RIDING_STYLED_ITEM('overriding color',(#13249),#9951,
  #11050);
#13249 = PRESENTATION_STYLE_ASSIGNMENT((#13250,#13255));
#13250 = SURFACE_STYLE_USAGE(.BOTH.,#13251);
#13251 = SURFACE_SIDE_STYLE('',(#13252));
#13252 = SURFACE_STYLE_FILL_AREA(#13253);
#13253 = FILL_AREA_STYLE('',(#13254));
#13254 = FILL_AREA_STYLE_COLOUR('',#11067);
#13255 = CURVE_STYLE('',#13256,POSITIVE_LENGTH_MEASURE(0.1),#11067);
#13256 = DRAUGHTING_PRE_DEFINED_CURVE_FONT('continuous');
#13257 = OVER_RIDING_STYLED_ITEM('overriding color',(#13258),#9965,
  #11050);
#13258 = PRESENTATION_STYLE_ASSIGNMENT((#13259,#13264));
#13259 = SURFACE_STYLE_USAGE(.BOTH.,#13260);
#13260 = SURFACE_SIDE_STYLE('',(#13261));
#13261 = SURFACE_STYLE_FILL_AREA(#13262);
#13262 = FILL_AREA_STYLE('',(#13263));
#13263 = FILL_AREA_STYLE_COLOUR('',#11057);
#13264 = CURVE_STYLE('',#13265,POSITIVE_LENGTH_MEASURE(0.1),#11057);
#13265 = DRAUGHTING_PRE_DEFINED_CURVE_FONT('continuous');
#13266 = OVER_RIDING_STYLED_ITEM('overriding color',(#13267),#10290,
  #11050);
#13267 = PRESENTATION_STYLE_ASSIGNMENT((#13268,#13273));
#13268 = SURFACE_STYLE_USAGE(.BOTH.,#13269);
#13269 = SURFACE_SIDE_STYLE('',(#13270));
#13270 = SURFACE_STYLE_FILL_AREA(#13271);
#13271 = FILL_AREA_STYLE('',(#13272));
#13272 = FILL_AREA_STYLE_COLOUR('',#11057);
#13273 = CURVE_STYLE('',#13274,POSITIVE_LENGTH_MEASURE(0.1),#11057);
#13274 = DRAUGHTING_PRE_DEFINED_CURVE_FONT('continuous');
#13275 = OVER_RIDING_STYLED_ITEM('overriding color',(#13276),#10316,
  #11050);
#13276 = PRESENTATION_STYLE_ASSIGNMENT((#13277,#13282));
#13277 = SURFACE_STYLE_USAGE(.BOTH.,#13278);
#13278 = SURFACE_SIDE_STYLE('',(#13279));
#13279 = SURFACE_STYLE_FILL_AREA(#13280);
#13280 = FILL_AREA_STYLE('',(#13281));
#13281 = FILL_AREA_STYLE_COLOUR('',#11057);
#13282 = CURVE_STYLE('',#13283,POSITIVE_LENGTH_MEASURE(0.1),#11057);
#13283 = DRAUGHTING_PRE_DEFINED_CURVE_FONT('continuous');
#13284 = OVER_RIDING_STYLED_ITEM('overriding color',(#13285),#10337,
  #11050);
#13285 = PRESENTATION_STYLE_ASSIGNMENT((#13286,#13291));
#13286 = SURFACE_STYLE_USAGE(.BOTH.,#13287);
#13287 = SURFACE_SIDE_STYLE('',(#13288));
#13288 = SURFACE_STYLE_FILL_AREA(#13289);
#13289 = FILL_AREA_STYLE('',(#13290));
#13290 = FILL_AREA_STYLE_COLOUR('',#11057);
#13291 = CURVE_STYLE('',#13292,POSITIVE_LENGTH_MEASURE(0.1),#11057);
#13292 = DRAUGHTING_PRE_DEFINED_CURVE_FONT('continuous');
#13293 = OVER_RIDING_STYLED_ITEM('overriding color',(#13294),#10358,
  #11050);
#13294 = PRESENTATION_STYLE_ASSIGNMENT((#13295,#13300));
#13295 = SURFACE_STYLE_USAGE(.BOTH.,#13296);
#13296 = SURFACE_SIDE_STYLE('',(#13297));
#13297 = SURFACE_STYLE_FILL_AREA(#13298);
#13298 = FILL_AREA_STYLE('',(#13299));
#13299 = FILL_AREA_STYLE_COLOUR('',#11057);
#13300 = CURVE_STYLE('',#13301,POSITIVE_LENGTH_MEASURE(0.1),#11057);
#13301 = DRAUGHTING_PRE_DEFINED_CURVE_FONT('continuous');
#13302 = OVER_RIDING_STYLED_ITEM('overriding color',(#13303),#10379,
  #11050);
#13303 = PRESENTATION_STYLE_ASSIGNMENT((#13304,#13309));
#13304 = SURFACE_STYLE_USAGE(.BOTH.,#13305);
#13305 = SURFACE_SIDE_STYLE('',(#13306));
#13306 = SURFACE_STYLE_FILL_AREA(#13307);
#13307 = FILL_AREA_STYLE('',(#13308));
#13308 = FILL_AREA_STYLE_COLOUR('',#11057);
#13309 = CURVE_STYLE('',#13310,POSITIVE_LENGTH_MEASURE(0.1),#11057);
#13310 = DRAUGHTING_PRE_DEFINED_CURVE_FONT('continuous');
#13311 = OVER_RIDING_STYLED_ITEM('overriding color',(#13312),#10400,
  #11050);
#13312 = PRESENTATION_STYLE_ASSIGNMENT((#13313,#13318));
#13313 = SURFACE_STYLE_USAGE(.BOTH.,#13314);
#13314 = SURFACE_SIDE_STYLE('',(#13315));
#13315 = SURFACE_STYLE_FILL_AREA(#13316);
#13316 = FILL_AREA_STYLE('',(#13317));
#13317 = FILL_AREA_STYLE_COLOUR('',#11057);
#13318 = CURVE_STYLE('',#13319,POSITIVE_LENGTH_MEASURE(0.1),#11057);
#13319 = DRAUGHTING_PRE_DEFINED_CURVE_FONT('continuous');
#13320 = OVER_RIDING_STYLED_ITEM('overriding color',(#13321),#10421,
  #11050);
#13321 = PRESENTATION_STYLE_ASSIGNMENT((#13322,#13327));
#13322 = SURFACE_STYLE_USAGE(.BOTH.,#13323);
#13323 = SURFACE_SIDE_STYLE('',(#13324));
#13324 = SURFACE_STYLE_FILL_AREA(#13325);
#13325 = FILL_AREA_STYLE('',(#13326));
#13326 = FILL_AREA_STYLE_COLOUR('',#11057);
#13327 = CURVE_STYLE('',#13328,POSITIVE_LENGTH_MEASURE(0.1),#11057);
#13328 = DRAUGHTING_PRE_DEFINED_CURVE_FONT('continuous');
#13329 = OVER_RIDING_STYLED_ITEM('overriding color',(#13330),#10442,
  #11050);
#13330 = PRESENTATION_STYLE_ASSIGNMENT((#13331,#13336));
#13331 = SURFACE_STYLE_USAGE(.BOTH.,#13332);
#13332 = SURFACE_SIDE_STYLE('',(#13333));
#13333 = SURFACE_STYLE_FILL_AREA(#13334);
#13334 = FILL_AREA_STYLE('',(#13335));
#13335 = FILL_AREA_STYLE_COLOUR('',#11057);
#13336 = CURVE_STYLE('',#13337,POSITIVE_LENGTH_MEASURE(0.1),#11057);
#13337 = DRAUGHTING_PRE_DEFINED_CURVE_FONT('continuous');
#13338 = OVER_RIDING_STYLED_ITEM('overriding color',(#13339),#10463,
  #11050);
#13339 = PRESENTATION_STYLE_ASSIGNMENT((#13340,#13345));
#13340 = SURFACE_STYLE_USAGE(.BOTH.,#13341);
#13341 = SURFACE_SIDE_STYLE('',(#13342));
#13342 = SURFACE_STYLE_FILL_AREA(#13343);
#13343 = FILL_AREA_STYLE('',(#13344));
#13344 = FILL_AREA_STYLE_COLOUR('',#11057);
#13345 = CURVE_STYLE('',#13346,POSITIVE_LENGTH_MEASURE(0.1),#11057);
#13346 = DRAUGHTING_PRE_DEFINED_CURVE_FONT('continuous');
#13347 = OVER_RIDING_STYLED_ITEM('overriding color',(#13348),#10484,
  #11050);
#13348 = PRESENTATION_STYLE_ASSIGNMENT((#13349,#13354));
#13349 = SURFACE_STYLE_USAGE(.BOTH.,#13350);
#13350 = SURFACE_SIDE_STYLE('',(#13351));
#13351 = SURFACE_STYLE_FILL_AREA(#13352);
#13352 = FILL_AREA_STYLE('',(#13353));
#13353 = FILL_AREA_STYLE_COLOUR('',#11057);
#13354 = CURVE_STYLE('',#13355,POSITIVE_LENGTH_MEASURE(0.1),#11057);
#13355 = DRAUGHTING_PRE_DEFINED_CURVE_FONT('continuous');
#13356 = OVER_RIDING_STYLED_ITEM('overriding color',(#13357),#10505,
  #11050);
#13357 = PRESENTATION_STYLE_ASSIGNMENT((#13358,#13363));
#13358 = SURFACE_STYLE_USAGE(.BOTH.,#13359);
#13359 = SURFACE_SIDE_STYLE('',(#13360));
#13360 = SURFACE_STYLE_FILL_AREA(#13361);
#13361 = FILL_AREA_STYLE('',(#13362));
#13362 = FILL_AREA_STYLE_COLOUR('',#11057);
#13363 = CURVE_STYLE('',#13364,POSITIVE_LENGTH_MEASURE(0.1),#11057);
#13364 = DRAUGHTING_PRE_DEFINED_CURVE_FONT('continuous');
#13365 = OVER_RIDING_STYLED_ITEM('overriding color',(#13366),#10526,
  #11050);
#13366 = PRESENTATION_STYLE_ASSIGNMENT((#13367,#13372));
#13367 = SURFACE_STYLE_USAGE(.BOTH.,#13368);
#13368 = SURFACE_SIDE_STYLE('',(#13369));
#13369 = SURFACE_STYLE_FILL_AREA(#13370);
#13370 = FILL_AREA_STYLE('',(#13371));
#13371 = FILL_AREA_STYLE_COLOUR('',#11057);
#13372 = CURVE_STYLE('',#13373,POSITIVE_LENGTH_MEASURE(0.1),#11057);
#13373 = DRAUGHTING_PRE_DEFINED_CURVE_FONT('continuous');
#13374 = OVER_RIDING_STYLED_ITEM('overriding color',(#13375),#10547,
  #11050);
#13375 = PRESENTATION_STYLE_ASSIGNMENT((#13376,#13381));
#13376 = SURFACE_STYLE_USAGE(.BOTH.,#13377);
#13377 = SURFACE_SIDE_STYLE('',(#13378));
#13378 = SURFACE_STYLE_FILL_AREA(#13379);
#13379 = FILL_AREA_STYLE('',(#13380));
#13380 = FILL_AREA_STYLE_COLOUR('',#11057);
#13381 = CURVE_STYLE('',#13382,POSITIVE_LENGTH_MEASURE(0.1),#11057);
#13382 = DRAUGHTING_PRE_DEFINED_CURVE_FONT('continuous');
#13383 = OVER_RIDING_STYLED_ITEM('overriding color',(#13384),#10564,
  #11050);
#13384 = PRESENTATION_STYLE_ASSIGNMENT((#13385,#13390));
#13385 = SURFACE_STYLE_USAGE(.BOTH.,#13386);
#13386 = SURFACE_SIDE_STYLE('',(#13387));
#13387 = SURFACE_STYLE_FILL_AREA(#13388);
#13388 = FILL_AREA_STYLE('',(#13389));
#13389 = FILL_AREA_STYLE_COLOUR('',#11057);
#13390 = CURVE_STYLE('',#13391,POSITIVE_LENGTH_MEASURE(0.1),#11057);
#13391 = DRAUGHTING_PRE_DEFINED_CURVE_FONT('continuous');
#13392 = OVER_RIDING_STYLED_ITEM('overriding color',(#13393),#10581,
  #11050);
#13393 = PRESENTATION_STYLE_ASSIGNMENT((#13394,#13399));
#13394 = SURFACE_STYLE_USAGE(.BOTH.,#13395);
#13395 = SURFACE_SIDE_STYLE('',(#13396));
#13396 = SURFACE_STYLE_FILL_AREA(#13397);
#13397 = FILL_AREA_STYLE('',(#13398));
#13398 = FILL_AREA_STYLE_COLOUR('',#11057);
#13399 = CURVE_STYLE('',#13400,POSITIVE_LENGTH_MEASURE(0.1),#11057);
#13400 = DRAUGHTING_PRE_DEFINED_CURVE_FONT('continuous');
#13401 = OVER_RIDING_STYLED_ITEM('overriding color',(#13402),#10598,
  #11050);
#13402 = PRESENTATION_STYLE_ASSIGNMENT((#13403,#13408));
#13403 = SURFACE_STYLE_USAGE(.BOTH.,#13404);
#13404 = SURFACE_SIDE_STYLE('',(#13405));
#13405 = SURFACE_STYLE_FILL_AREA(#13406);
#13406 = FILL_AREA_STYLE('',(#13407));
#13407 = FILL_AREA_STYLE_COLOUR('',#11057);
#13408 = CURVE_STYLE('',#13409,POSITIVE_LENGTH_MEASURE(0.1),#11057);
#13409 = DRAUGHTING_PRE_DEFINED_CURVE_FONT('continuous');
#13410 = OVER_RIDING_STYLED_ITEM('overriding color',(#13411),#10615,
  #11050);
#13411 = PRESENTATION_STYLE_ASSIGNMENT((#13412,#13417));
#13412 = SURFACE_STYLE_USAGE(.BOTH.,#13413);
#13413 = SURFACE_SIDE_STYLE('',(#13414));
#13414 = SURFACE_STYLE_FILL_AREA(#13415);
#13415 = FILL_AREA_STYLE('',(#13416));
#13416 = FILL_AREA_STYLE_COLOUR('',#11057);
#13417 = CURVE_STYLE('',#13418,POSITIVE_LENGTH_MEASURE(0.1),#11057);
#13418 = DRAUGHTING_PRE_DEFINED_CURVE_FONT('continuous');
#13419 = OVER_RIDING_STYLED_ITEM('overriding color',(#13420),#10636,
  #11050);
#13420 = PRESENTATION_STYLE_ASSIGNMENT((#13421,#13426));
#13421 = SURFACE_STYLE_USAGE(.BOTH.,#13422);
#13422 = SURFACE_SIDE_STYLE('',(#13423));
#13423 = SURFACE_STYLE_FILL_AREA(#13424);
#13424 = FILL_AREA_STYLE('',(#13425));
#13425 = FILL_AREA_STYLE_COLOUR('',#11057);
#13426 = CURVE_STYLE('',#13427,POSITIVE_LENGTH_MEASURE(0.1),#11057);
#13427 = DRAUGHTING_PRE_DEFINED_CURVE_FONT('continuous');
#13428 = OVER_RIDING_STYLED_ITEM('overriding color',(#13429),#10657,
  #11050);
#13429 = PRESENTATION_STYLE_ASSIGNMENT((#13430,#13435));
#13430 = SURFACE_STYLE_USAGE(.BOTH.,#13431);
#13431 = SURFACE_SIDE_STYLE('',(#13432));
#13432 = SURFACE_STYLE_FILL_AREA(#13433);
#13433 = FILL_AREA_STYLE('',(#13434));
#13434 = FILL_AREA_STYLE_COLOUR('',#11057);
#13435 = CURVE_STYLE('',#13436,POSITIVE_LENGTH_MEASURE(0.1),#11057);
#13436 = DRAUGHTING_PRE_DEFINED_CURVE_FONT('continuous');
#13437 = OVER_RIDING_STYLED_ITEM('overriding color',(#13438),#10678,
  #11050);
#13438 = PRESENTATION_STYLE_ASSIGNMENT((#13439,#13444));
#13439 = SURFACE_STYLE_USAGE(.BOTH.,#13440);
#13440 = SURFACE_SIDE_STYLE('',(#13441));
#13441 = SURFACE_STYLE_FILL_AREA(#13442);
#13442 = FILL_AREA_STYLE('',(#13443));
#13443 = FILL_AREA_STYLE_COLOUR('',#11057);
#13444 = CURVE_STYLE('',#13445,POSITIVE_LENGTH_MEASURE(0.1),#11057);
#13445 = DRAUGHTING_PRE_DEFINED_CURVE_FONT('continuous');
#13446 = OVER_RIDING_STYLED_ITEM('overriding color',(#13447),#10699,
  #11050);
#13447 = PRESENTATION_STYLE_ASSIGNMENT((#13448,#13453));
#13448 = SURFACE_STYLE_USAGE(.BOTH.,#13449);
#13449 = SURFACE_SIDE_STYLE('',(#13450));
#13450 = SURFACE_STYLE_FILL_AREA(#13451);
#13451 = FILL_AREA_STYLE('',(#13452));
#13452 = FILL_AREA_STYLE_COLOUR('',#11057);
#13453 = CURVE_STYLE('',#13454,POSITIVE_LENGTH_MEASURE(0.1),#11057);
#13454 = DRAUGHTING_PRE_DEFINED_CURVE_FONT('continuous');
#13455 = OVER_RIDING_STYLED_ITEM('overriding color',(#13456),#10720,
  #11050);
#13456 = PRESENTATION_STYLE_ASSIGNMENT((#13457,#13462));
#13457 = SURFACE_STYLE_USAGE(.BOTH.,#13458);
#13458 = SURFACE_SIDE_STYLE('',(#13459));
#13459 = SURFACE_STYLE_FILL_AREA(#13460);
#13460 = FILL_AREA_STYLE('',(#13461));
#13461 = FILL_AREA_STYLE_COLOUR('',#11057);
#13462 = CURVE_STYLE('',#13463,POSITIVE_LENGTH_MEASURE(0.1),#11057);
#13463 = DRAUGHTING_PRE_DEFINED_CURVE_FONT('continuous');
#13464 = OVER_RIDING_STYLED_ITEM('overriding color',(#13465),#10741,
  #11050);
#13465 = PRESENTATION_STYLE_ASSIGNMENT((#13466,#13471));
#13466 = SURFACE_STYLE_USAGE(.BOTH.,#13467);
#13467 = SURFACE_SIDE_STYLE('',(#13468));
#13468 = SURFACE_STYLE_FILL_AREA(#13469);
#13469 = FILL_AREA_STYLE('',(#13470));
#13470 = FILL_AREA_STYLE_COLOUR('',#11057);
#13471 = CURVE_STYLE('',#13472,POSITIVE_LENGTH_MEASURE(0.1),#11057);
#13472 = DRAUGHTING_PRE_DEFINED_CURVE_FONT('continuous');
#13473 = OVER_RIDING_STYLED_ITEM('overriding color',(#13474),#10762,
  #11050);
#13474 = PRESENTATION_STYLE_ASSIGNMENT((#13475,#13480));
#13475 = SURFACE_STYLE_USAGE(.BOTH.,#13476);
#13476 = SURFACE_SIDE_STYLE('',(#13477));
#13477 = SURFACE_STYLE_FILL_AREA(#13478);
#13478 = FILL_AREA_STYLE('',(#13479));
#13479 = FILL_AREA_STYLE_COLOUR('',#11057);
#13480 = CURVE_STYLE('',#13481,POSITIVE_LENGTH_MEASURE(0.1),#11057);
#13481 = DRAUGHTING_PRE_DEFINED_CURVE_FONT('continuous');
#13482 = OVER_RIDING_STYLED_ITEM('overriding color',(#13483),#10779,
  #11050);
#13483 = PRESENTATION_STYLE_ASSIGNMENT((#13484,#13489));
#13484 = SURFACE_STYLE_USAGE(.BOTH.,#13485);
#13485 = SURFACE_SIDE_STYLE('',(#13486));
#13486 = SURFACE_STYLE_FILL_AREA(#13487);
#13487 = FILL_AREA_STYLE('',(#13488));
#13488 = FILL_AREA_STYLE_COLOUR('',#11057);
#13489 = CURVE_STYLE('',#13490,POSITIVE_LENGTH_MEASURE(0.1),#11057);
#13490 = DRAUGHTING_PRE_DEFINED_CURVE_FONT('continuous');
#13491 = OVER_RIDING_STYLED_ITEM('overriding color',(#13492),#10800,
  #11050);
#13492 = PRESENTATION_STYLE_ASSIGNMENT((#13493,#13498));
#13493 = SURFACE_STYLE_USAGE(.BOTH.,#13494);
#13494 = SURFACE_SIDE_STYLE('',(#13495));
#13495 = SURFACE_STYLE_FILL_AREA(#13496);
#13496 = FILL_AREA_STYLE('',(#13497));
#13497 = FILL_AREA_STYLE_COLOUR('',#11057);
#13498 = CURVE_STYLE('',#13499,POSITIVE_LENGTH_MEASURE(0.1),#11057);
#13499 = DRAUGHTING_PRE_DEFINED_CURVE_FONT('continuous');
#13500 = OVER_RIDING_STYLED_ITEM('overriding color',(#13501),#10821,
  #11050);
#13501 = PRESENTATION_STYLE_ASSIGNMENT((#13502,#13507));
#13502 = SURFACE_STYLE_USAGE(.BOTH.,#13503);
#13503 = SURFACE_SIDE_STYLE('',(#13504));
#13504 = SURFACE_STYLE_FILL_AREA(#13505);
#13505 = FILL_AREA_STYLE('',(#13506));
#13506 = FILL_AREA_STYLE_COLOUR('',#11057);
#13507 = CURVE_STYLE('',#13508,POSITIVE_LENGTH_MEASURE(0.1),#11057);
#13508 = DRAUGHTING_PRE_DEFINED_CURVE_FONT('continuous');
#13509 = OVER_RIDING_STYLED_ITEM('overriding color',(#13510),#10838,
  #11050);
#13510 = PRESENTATION_STYLE_ASSIGNMENT((#13511,#13516));
#13511 = SURFACE_STYLE_USAGE(.BOTH.,#13512);
#13512 = SURFACE_SIDE_STYLE('',(#13513));
#13513 = SURFACE_STYLE_FILL_AREA(#13514);
#13514 = FILL_AREA_STYLE('',(#13515));
#13515 = FILL_AREA_STYLE_COLOUR('',#11057);
#13516 = CURVE_STYLE('',#13517,POSITIVE_LENGTH_MEASURE(0.1),#11057);
#13517 = DRAUGHTING_PRE_DEFINED_CURVE_FONT('continuous');
#13518 = OVER_RIDING_STYLED_ITEM('overriding color',(#13519),#10859,
  #11050);
#13519 = PRESENTATION_STYLE_ASSIGNMENT((#13520,#13525));
#13520 = SURFACE_STYLE_USAGE(.BOTH.,#13521);
#13521 = SURFACE_SIDE_STYLE('',(#13522));
#13522 = SURFACE_STYLE_FILL_AREA(#13523);
#13523 = FILL_AREA_STYLE('',(#13524));
#13524 = FILL_AREA_STYLE_COLOUR('',#11057);
#13525 = CURVE_STYLE('',#13526,POSITIVE_LENGTH_MEASURE(0.1),#11057);
#13526 = DRAUGHTING_PRE_DEFINED_CURVE_FONT('continuous');
#13527 = OVER_RIDING_STYLED_ITEM('overriding color',(#13528),#10880,
  #11050);
#13528 = PRESENTATION_STYLE_ASSIGNMENT((#13529,#13534));
#13529 = SURFACE_STYLE_USAGE(.BOTH.,#13530);
#13530 = SURFACE_SIDE_STYLE('',(#13531));
#13531 = SURFACE_STYLE_FILL_AREA(#13532);
#13532 = FILL_AREA_STYLE('',(#13533));
#13533 = FILL_AREA_STYLE_COLOUR('',#11057);
#13534 = CURVE_STYLE('',#13535,POSITIVE_LENGTH_MEASURE(0.1),#11057);
#13535 = DRAUGHTING_PRE_DEFINED_CURVE_FONT('continuous');
#13536 = OVER_RIDING_STYLED_ITEM('overriding color',(#13537),#10901,
  #11050);
#13537 = PRESENTATION_STYLE_ASSIGNMENT((#13538,#13543));
#13538 = SURFACE_STYLE_USAGE(.BOTH.,#13539);
#13539 = SURFACE_SIDE_STYLE('',(#13540));
#13540 = SURFACE_STYLE_FILL_AREA(#13541);
#13541 = FILL_AREA_STYLE('',(#13542));
#13542 = FILL_AREA_STYLE_COLOUR('',#11057);
#13543 = CURVE_STYLE('',#13544,POSITIVE_LENGTH_MEASURE(0.1),#11057);
#13544 = DRAUGHTING_PRE_DEFINED_CURVE_FONT('continuous');
#13545 = OVER_RIDING_STYLED_ITEM('overriding color',(#13546),#10918,
  #11050);
#13546 = PRESENTATION_STYLE_ASSIGNMENT((#13547,#13552));
#13547 = SURFACE_STYLE_USAGE(.BOTH.,#13548);
#13548 = SURFACE_SIDE_STYLE('',(#13549));
#13549 = SURFACE_STYLE_FILL_AREA(#13550);
#13550 = FILL_AREA_STYLE('',(#13551));
#13551 = FILL_AREA_STYLE_COLOUR('',#11057);
#13552 = CURVE_STYLE('',#13553,POSITIVE_LENGTH_MEASURE(0.1),#11057);
#13553 = DRAUGHTING_PRE_DEFINED_CURVE_FONT('continuous');
#13554 = OVER_RIDING_STYLED_ITEM('overriding color',(#13555),#10939,
  #11050);
#13555 = PRESENTATION_STYLE_ASSIGNMENT((#13556,#13561));
#13556 = SURFACE_STYLE_USAGE(.BOTH.,#13557);
#13557 = SURFACE_SIDE_STYLE('',(#13558));
#13558 = SURFACE_STYLE_FILL_AREA(#13559);
#13559 = FILL_AREA_STYLE('',(#13560));
#13560 = FILL_AREA_STYLE_COLOUR('',#11057);
#13561 = CURVE_STYLE('',#13562,POSITIVE_LENGTH_MEASURE(0.1),#11057);
#13562 = DRAUGHTING_PRE_DEFINED_CURVE_FONT('continuous');
#13563 = OVER_RIDING_STYLED_ITEM('overriding color',(#13564),#10955,
  #11050);
#13564 = PRESENTATION_STYLE_ASSIGNMENT((#13565,#13570));
#13565 = SURFACE_STYLE_USAGE(.BOTH.,#13566);
#13566 = SURFACE_SIDE_STYLE('',(#13567));
#13567 = SURFACE_STYLE_FILL_AREA(#13568);
#13568 = FILL_AREA_STYLE('',(#13569));
#13569 = FILL_AREA_STYLE_COLOUR('',#11057);
#13570 = CURVE_STYLE('',#13571,POSITIVE_LENGTH_MEASURE(0.1),#11057);
#13571 = DRAUGHTING_PRE_DEFINED_CURVE_FONT('continuous');
#13572 = OVER_RIDING_STYLED_ITEM('overriding color',(#13573),#11000,
  #11050);
#13573 = PRESENTATION_STYLE_ASSIGNMENT((#13574,#13579));
#13574 = SURFACE_STYLE_USAGE(.BOTH.,#13575);
#13575 = SURFACE_SIDE_STYLE('',(#13576));
#13576 = SURFACE_STYLE_FILL_AREA(#13577);
#13577 = FILL_AREA_STYLE('',(#13578));
#13578 = FILL_AREA_STYLE_COLOUR('',#11057);
#13579 = CURVE_STYLE('',#13580,POSITIVE_LENGTH_MEASURE(0.1),#11057);
#13580 = DRAUGHTING_PRE_DEFINED_CURVE_FONT('continuous');
#13581 = OVER_RIDING_STYLED_ITEM('overriding color',(#13582),#11028,
  #11050);
#13582 = PRESENTATION_STYLE_ASSIGNMENT((#13583,#13588));
#13583 = SURFACE_STYLE_USAGE(.BOTH.,#13584);
#13584 = SURFACE_SIDE_STYLE('',(#13585));
#13585 = SURFACE_STYLE_FILL_AREA(#13586);
#13586 = FILL_AREA_STYLE('',(#13587));
#13587 = FILL_AREA_STYLE_COLOUR('',#11067);
#13588 = CURVE_STYLE('',#13589,POSITIVE_LENGTH_MEASURE(0.1),#11067);
#13589 = DRAUGHTING_PRE_DEFINED_CURVE_FONT('continuous');
#13590 = MECHANICAL_DESIGN_GEOMETRIC_PRESENTATION_REPRESENTATION('',(
    #13591,#13601,#13609,#13616,#13623),#203);
#13591 = STYLED_ITEM('color',(#13592),#53);
#13592 = PRESENTATION_STYLE_ASSIGNMENT((#13593,#13599));
#13593 = SURFACE_STYLE_USAGE(.BOTH.,#13594);
#13594 = SURFACE_SIDE_STYLE('',(#13595));
#13595 = SURFACE_STYLE_FILL_AREA(#13596);
#13596 = FILL_AREA_STYLE('',(#13597));
#13597 = FILL_AREA_STYLE_COLOUR('',#13598);
#13598 = COLOUR_RGB('',0.,0.377508427907,0.578582128266);
#13599 = CURVE_STYLE('',#13600,POSITIVE_LENGTH_MEASURE(0.1),#13598);
#13600 = DRAUGHTING_PRE_DEFINED_CURVE_FONT('continuous');
#13601 = OVER_RIDING_STYLED_ITEM('overriding color',(#13602),#55,#13591
  );
#13602 = PRESENTATION_STYLE_ASSIGNMENT((#13603));
#13603 = SURFACE_STYLE_USAGE(.BOTH.,#13604);
#13604 = SURFACE_SIDE_STYLE('',(#13605));
#13605 = SURFACE_STYLE_FILL_AREA(#13606);
#13606 = FILL_AREA_STYLE('',(#13607));
#13607 = FILL_AREA_STYLE_COLOUR('',#13608);
#13608 = COLOUR_RGB('',0.937179583391,0.9357410338,0.649182888601);
#13609 = OVER_RIDING_STYLED_ITEM('overriding color',(#13610),#95,#13591
  );
#13610 = PRESENTATION_STYLE_ASSIGNMENT((#13611));
#13611 = SURFACE_STYLE_USAGE(.BOTH.,#13612);
#13612 = SURFACE_SIDE_STYLE('',(#13613));
#13613 = SURFACE_STYLE_FILL_AREA(#13614);
#13614 = FILL_AREA_STYLE('',(#13615));
#13615 = FILL_AREA_STYLE_COLOUR('',#13608);
#13616 = OVER_RIDING_STYLED_ITEM('overriding color',(#13617),#126,#13591
  );
#13617 = PRESENTATION_STYLE_ASSIGNMENT((#13618));
#13618 = SURFACE_STYLE_USAGE(.BOTH.,#13619);
#13619 = SURFACE_SIDE_STYLE('',(#13620));
#13620 = SURFACE_STYLE_FILL_AREA(#13621);
#13621 = FILL_AREA_STYLE('',(#13622));
#13622 = FILL_AREA_STYLE_COLOUR('',#13608);
#13623 = OVER_RIDING_STYLED_ITEM('overriding color',(#13624),#157,#13591
  );
#13624 = PRESENTATION_STYLE_ASSIGNMENT((#13625));
#13625 = SURFACE_STYLE_USAGE(.BOTH.,#13626);
#13626 = SURFACE_SIDE_STYLE('',(#13627));
#13627 = SURFACE_STYLE_FILL_AREA(#13628);
#13628 = FILL_AREA_STYLE('',(#13629));
#13629 = FILL_AREA_STYLE_COLOUR('',#13608);
ENDSEC;
END-ISO-10303-21;
